,0,1,2,3,4,5,6,7,8,9,10,11,12,13,14,15,16,17,18,19,20,21,22,23,24,25,26,27
0,0.5489655172413793,0.4804597701149425,0.5963218390804598,0.504367816091954,0.4836781609195402,0.568735632183908,0.480919540229885,0.5967816091954024,0.5103448275862069,0.5241379310344828,0.5204597701149425,0.5213793103448275,0.4859770114942529,0.495632183908046,0.5903448275862069,0.5117241379310344,0.5144827586206897,0.5760919540229885,0.5342528735632184,0.4804597701149425,0.5213793103448275,0.4882758620689655,0.5485057471264367,0.5839080459770115,0.5314942528735632,0.592183908045977,0.5158620689655172,0.6027586206896551
1,,,,,,,,,,,,,,,,,,,,,,,,,,,,
2,,,,,,,,,,,,,,,,,,,,,,,,,,,,
3,,,,,,,,,,,,,,,,,,,,,,,,,,,,
4,,,,,,,,,,,,,,,,,,,,,,,,,,,,
5,,,,,,,,,,,,,,,,,,,,,,,,,,,,
6,,,,,,,,,,,,,,,,,,,,,,,,,,,,
7,,,,,,,,,,,,,,,,,,,,,,,,,,,,
8,,,,,,,,,,,,,,,,,,,,,,,,,,,,
9,,,,,,,,,,,,,,,,,,,,,,,,,,,,
10,,,,,,,,,,,,,,,,,,,,,,,,,,,,
11,,,,,,,,,,,,,,,,,,,,,,,,,,,,
12,,,,,,,,,,,,,,,,,,,,,,,,,,,,
13,,,,,,,,,,,,,,,,,,,,,,,,,,,,
14,,,,,,,,,,,,,,,,,,,,,,,,,,,,
15,,,,,,,,,,,,,,,,,,,,,,,,,,,,
16,,,,,,,,,,,,,,,,,,,,,,,,,,,,
17,,,,,,,,,,,,,,,,,,,,,,,,,,,,
18,,,,,,,,,,,,,,,,,,,,,,,,,,,,
19,,,,,,,,,,,,,,,,,,,,,,,,,,,,
20,0.542528735632184,0.6864367816091954,0.6491954022988505,0.534712643678161,0.5645977011494253,0.6928735632183908,0.6924137931034483,0.6294252873563219,0.6422988505747127,0.5259770114942529,0.5393103448275862,0.6,0.568735632183908,0.5342528735632184,0.5429885057471264,0.6174712643678161,0.519080459770115,0.6910344827586207,0.6620689655172414,0.6022988505747127,0.5668965517241379,0.5062068965517241,0.6533333333333333,0.6354022988505748,0.5489655172413793,0.663448275862069,0.5618390804597702,0.6772413793103448
21,,,,,,,,,,,,,,,,,,,,,,,,,,,,
22,,,,,,,,,,,,,,,,,,,,,,,,,,,,
23,,,,,,,,,,,,,,,,,,,,,,,,,,,,
24,,,,,,,,,,,,,,,,,,,,,,,,,,,,
25,,,,,,,,,,,,,,,,,,,,,,,,,,,,
26,,,,,,,,,,,,,,,,,,,,,,,,,,,,
27,,,,,,,,,,,,,,,,,,,,,,,,,,,,
28,,,,,,,,,,,,,,,,,,,,,,,,,,,,
29,,,,,,,,,,,,,,,,,,,,,,,,,,,,
30,,,,,,,,,,,,,,,,,,,,,,,,,,,,
31,,,,,,,,,,,,,,,,,,,,,,,,,,,,
32,,,,,,,,,,,,,,,,,,,,,,,,,,,,
33,,,,,,,,,,,,,,,,,,,,,,,,,,,,
34,,,,,,,,,,,,,,,,,,,,,,,,,,,,
35,,,,,,,,,,,,,,,,,,,,,,,,,,,,
36,,,,,,,,,,,,,,,,,,,,,,,,,,,,
37,,,,,,,,,,,,,,,,,,,,,,,,,,,,
38,,,,,,,,,,,,,,,,,,,,,,,,,,,,
39,,,,,,,,,,,,,,,,,,,,,,,,,,,,
40,0.6096551724137931,0.7181609195402299,0.6565517241379311,0.6110344827586207,0.6822988505747126,0.7554022988505747,0.6510344827586206,0.6822988505747126,0.7039080459770115,0.5393103448275862,0.6951724137931035,0.6487356321839081,0.6367816091954023,0.6124137931034482,0.6041379310344828,0.6257471264367817,0.6068965517241379,0.7006896551724138,0.696551724137931,0.6519540229885058,0.6960919540229885,0.6891954022988506,0.6933333333333334,0.7103448275862069,0.6340229885057471,0.6970114942528736,0.6698850574712644,0.7181609195402299
41,,,,,,,,,,,,,,,,,,,,,,,,,,,,
42,,,,,,,,,,,,,,,,,,,,,,,,,,,,
43,,,,,,,,,,,,,,,,,,,,,,,,,,,,
44,,,,,,,,,,,,,,,,,,,,,,,,,,,,
45,,,,,,,,,,,,,,,,,,,,,,,,,,,,
46,,,,,,,,,,,,,,,,,,,,,,,,,,,,
47,,,,,,,,,,,,,,,,,,,,,,,,,,,,
48,,,,,,,,,,,,,,,,,,,,,,,,,,,,
49,,,,,,,,,,,,,,,,,,,,,,,,,,,,
50,,,,,,,,,,,,,,,,,,,,,,,,,,,,
51,,,,,,,,,,,,,,,,,,,,,,,,,,,,
52,,,,,,,,,,,,,,,,,,,,,,,,,,,,
53,,,,,,,,,,,,,,,,,,,,,,,,,,,,
54,,,,,,,,,,,,,,,,,,,,,,,,,,,,
55,,,,,,,,,,,,,,,,,,,,,,,,,,,,
56,,,,,,,,,,,,,,,,,,,,,,,,,,,,
57,,,,,,,,,,,,,,,,,,,,,,,,,,,,
58,,,,,,,,,,,,,,,,,,,,,,,,,,,,
59,,,,,,,,,,,,,,,,,,,,,,,,,,,,
60,0.6583908045977012,0.7333333333333333,0.7140229885057471,0.655632183908046,0.7379310344827587,0.7567816091954023,0.6882758620689655,0.7411494252873563,0.7236781609195402,0.6239080459770115,0.7618390804597701,0.6285057471264368,0.6579310344827586,0.6905747126436782,0.6542528735632184,0.7108045977011495,0.671264367816092,0.7632183908045977,0.7250574712643678,0.7314942528735632,0.7029885057471265,0.7103448275862069,0.728735632183908,0.7397701149425288,0.7034482758620689,0.720919540229885,0.7347126436781609,0.7337931034482759
61,,,,,,,,,,,,,,,,,,,,,,,,,,,,
62,,,,,,,,,,,,,,,,,,,,,,,,,,,,
63,,,,,,,,,,,,,,,,,,,,,,,,,,,,
64,,,,,,,,,,,,,,,,,,,,,,,,,,,,
65,,,,,,,,,,,,,,,,,,,,,,,,,,,,
66,,,,,,,,,,,,,,,,,,,,,,,,,,,,
67,,,,,,,,,,,,,,,,,,,,,,,,,,,,
68,,,,,,,,,,,,,,,,,,,,,,,,,,,,
69,,,,,,,,,,,,,,,,,,,,,,,,,,,,
70,,,,,,,,,,,,,,,,,,,,,,,,,,,,
71,,,,,,,,,,,,,,,,,,,,,,,,,,,,
72,,,,,,,,,,,,,,,,,,,,,,,,,,,,
73,,,,,,,,,,,,,,,,,,,,,,,,,,,,
74,,,,,,,,,,,,,,,,,,,,,,,,,,,,
75,,,,,,,,,,,,,,,,,,,,,,,,,,,,
76,,,,,,,,,,,,,,,,,,,,,,,,,,,,
77,,,,,,,,,,,,,,,,,,,,,,,,,,,,
78,,,,,,,,,,,,,,,,,,,,,,,,,,,,
79,,,,,,,,,,,,,,,,,,,,,,,,,,,,
80,0.68,0.7627586206896552,0.7370114942528736,0.7213793103448276,0.7659770114942529,0.728735632183908,0.7172413793103448,0.752183908045977,0.7236781609195402,0.6960919540229885,0.76,0.6731034482758621,0.6914942528735633,0.7089655172413794,0.7057471264367816,0.7181609195402299,0.671264367816092,0.7829885057471264,0.7636781609195402,0.7494252873563219,0.7485057471264368,0.7296551724137931,0.7710344827586207,0.7310344827586207,0.6901149425287356,0.759080459770115,0.7406896551724138,0.7301149425287357
81,,,,,,,,,,,,,,,,,,,,,,,,,,,,
82,,,,,,,,,,,,,,,,,,,,,,,,,,,,
83,,,,,,,,,,,,,,,,,,,,,,,,,,,,
84,,,,,,,,,,,,,,,,,,,,,,,,,,,,
85,,,,,,,,,,,,,,,,,,,,,,,,,,,,
86,,,,,,,,,,,,,,,,,,,,,,,,,,,,
87,,,,,,,,,,,,,,,,,,,,,,,,,,,,
88,,,,,,,,,,,,,,,,,,,,,,,,,,,,
89,,,,,,,,,,,,,,,,,,,,,,,,,,,,
90,,,,,,,,,,,,,,,,,,,,,,,,,,,,
91,,,,,,,,,,,,,,,,,,,,,,,,,,,,
92,,,,,,,,,,,,,,,,,,,,,,,,,,,,
93,,,,,,,,,,,,,,,,,,,,,,,,,,,,
94,,,,,,,,,,,,,,,,,,,,,,,,,,,,
95,,,,,,,,,,,,,,,,,,,,,,,,,,,,
96,,,,,,,,,,,,,,,,,,,,,,,,,,,,
97,,,,,,,,,,,,,,,,,,,,,,,,,,,,
98,,,,,,,,,,,,,,,,,,,,,,,,,,,,
99,,,,,,,,,,,,,,,,,,,,,,,,,,,,
100,0.7273563218390805,0.7544827586206897,0.7544827586206897,0.759080459770115,0.7931034482758621,0.782528735632184,0.7724137931034483,0.7645977011494253,0.7370114942528736,0.7245977011494252,0.7774712643678161,0.6993103448275862,0.7337931034482759,0.7310344827586207,0.7710344827586207,0.7314942528735632,0.7108045977011495,0.7627586206896552,0.7710344827586207,0.7728735632183908,0.7641379310344828,0.7213793103448276,0.7742528735632184,0.7586206896551724,0.7250574712643678,0.7848275862068965,0.7485057471264368,0.7701149425287356
101,,,,,,,,,,,,,,,,,,,,,,,,,,,,
102,,,,,,,,,,,,,,,,,,,,,,,,,,,,
103,,,,,,,,,,,,,,,,,,,,,,,,,,,,
104,,,,,,,,,,,,,,,,,,,,,,,,,,,,
105,,,,,,,,,,,,,,,,,,,,,,,,,,,,
106,,,,,,,,,,,,,,,,,,,,,,,,,,,,
107,,,,,,,,,,,,,,,,,,,,,,,,,,,,
108,,,,,,,,,,,,,,,,,,,,,,,,,,,,
109,,,,,,,,,,,,,,,,,,,,,,,,,,,,
110,,,,,,,,,,,,,,,,,,,,,,,,,,,,
111,,,,,,,,,,,,,,,,,,,,,,,,,,,,
112,,,,,,,,,,,,,,,,,,,,,,,,,,,,
113,,,,,,,,,,,,,,,,,,,,,,,,,,,,
114,,,,,,,,,,,,,,,,,,,,,,,,,,,,
115,,,,,,,,,,,,,,,,,,,,,,,,,,,,
116,,,,,,,,,,,,,,,,,,,,,,,,,,,,
117,,,,,,,,,,,,,,,,,,,,,,,,,,,,
118,,,,,,,,,,,,,,,,,,,,,,,,,,,,
119,,,,,,,,,,,,,,,,,,,,,,,,,,,,
120,0.7319540229885058,0.7641379310344828,0.7793103448275862,0.7636781609195402,0.7977011494252874,0.7995402298850575,0.7806896551724138,0.774712643678161,0.7517241379310344,0.7526436781609196,0.7986206896551724,0.7489655172413793,0.7103448275862069,0.7503448275862069,0.7866666666666666,0.7544827586206897,0.6905747126436782,0.7871264367816092,0.7760919540229885,0.766896551724138,0.7701149425287356,0.7305747126436781,0.7682758620689655,0.7783908045977012,0.7554022988505747,0.8018390804597701,0.767816091954023,0.7862068965517242
121,,,,,,,,,,,,,,,,,,,,,,,,,,,,
122,,,,,,,,,,,,,,,,,,,,,,,,,,,,
123,,,,,,,,,,,,,,,,,,,,,,,,,,,,
124,,,,,,,,,,,,,,,,,,,,,,,,,,,,
125,,,,,,,,,,,,,,,,,,,,,,,,,,,,
126,,,,,,,,,,,,,,,,,,,,,,,,,,,,
127,,,,,,,,,,,,,,,,,,,,,,,,,,,,
128,,,,,,,,,,,,,,,,,,,,,,,,,,,,
129,,,,,,,,,,,,,,,,,,,,,,,,,,,,
130,,,,,,,,,,,,,,,,,,,,,,,,,,,,
131,,,,,,,,,,,,,,,,,,,,,,,,,,,,
132,,,,,,,,,,,,,,,,,,,,,,,,,,,,
133,,,,,,,,,,,,,,,,,,,,,,,,,,,,
134,,,,,,,,,,,,,,,,,,,,,,,,,,,,
135,,,,,,,,,,,,,,,,,,,,,,,,,,,,
136,,,,,,,,,,,,,,,,,,,,,,,,,,,,
137,,,,,,,,,,,,,,,,,,,,,,,,,,,,
138,,,,,,,,,,,,,,,,,,,,,,,,,,,,
139,,,,,,,,,,,,,,,,,,,,,,,,,,,,
140,0.7577011494252873,0.7655172413793103,0.7691954022988505,0.799080459770115,0.8,0.8013793103448276,0.7820689655172414,0.7802298850574713,0.7719540229885058,0.7581609195402299,0.8128735632183908,0.7788505747126436,0.7604597701149425,0.767816091954023,0.7503448275862069,0.7898850574712644,0.7613793103448275,0.7940229885057472,0.7852873563218391,0.7737931034482759,0.7687356321839081,0.7526436781609196,0.767816091954023,0.7875862068965517,0.7733333333333333,0.7926436781609195,0.775632183908046,0.7894252873563219
141,,,,,,,,,,,,,,,,,,,,,,,,,,,,
142,,,,,,,,,,,,,,,,,,,,,,,,,,,,
143,,,,,,,,,,,,,,,,,,,,,,,,,,,,
144,,,,,,,,,,,,,,,,,,,,,,,,,,,,
145,,,,,,,,,,,,,,,,,,,,,,,,,,,,
146,,,,,,,,,,,,,,,,,,,,,,,,,,,,
147,,,,,,,,,,,,,,,,,,,,,,,,,,,,
148,,,,,,,,,,,,,,,,,,,,,,,,,,,,
149,,,,,,,,,,,,,,,,,,,,,,,,,,,,
150,,,,,,,,,,,,,,,,,,,,,,,,,,,,
151,,,,,,,,,,,,,,,,,,,,,,,,,,,,
152,,,,,,,,,,,,,,,,,,,,,,,,,,,,
153,,,,,,,,,,,,,,,,,,,,,,,,,,,,
154,,,,,,,,,,,,,,,,,,,,,,,,,,,,
155,,,,,,,,,,,,,,,,,,,,,,,,,,,,
156,,,,,,,,,,,,,,,,,,,,,,,,,,,,
157,,,,,,,,,,,,,,,,,,,,,,,,,,,,
158,,,,,,,,,,,,,,,,,,,,,,,,,,,,
159,,,,,,,,,,,,,,,,,,,,,,,,,,,,
160,0.7622988505747127,0.7862068965517242,0.7949425287356322,0.775632183908046,0.8032183908045977,0.8059770114942528,0.7848275862068965,0.7931034482758621,0.7944827586206896,0.7733333333333333,0.8068965517241379,0.776551724137931,0.7664367816091954,0.7894252873563219,0.7848275862068965,0.7871264367816092,0.7705747126436782,0.8087356321839081,0.7719540229885058,0.7664367816091954,0.7802298850574713,0.752183908045977,0.7779310344827586,0.7981609195402298,0.7760919540229885,0.8055172413793104,0.7710344827586207,0.7995402298850575
161,,,,,,,,,,,,,,,,,,,,,,,,,,,,
162,,,,,,,,,,,,,,,,,,,,,,,,,,,,
163,,,,,,,,,,,,,,,,,,,,,,,,,,,,
164,,,,,,,,,,,,,,,,,,,,,,,,,,,,
165,,,,,,,,,,,,,,,,,,,,,,,,,,,,
166,,,,,,,,,,,,,,,,,,,,,,,,,,,,
167,,,,,,,,,,,,,,,,,,,,,,,,,,,,
168,,,,,,,,,,,,,,,,,,,,,,,,,,,,
169,,,,,,,,,,,,,,,,,,,,,,,,,,,,
170,,,,,,,,,,,,,,,,,,,,,,,,,,,,
171,,,,,,,,,,,,,,,,,,,,,,,,,,,,
172,,,,,,,,,,,,,,,,,,,,,,,,,,,,
173,,,,,,,,,,,,,,,,,,,,,,,,,,,,
174,,,,,,,,,,,,,,,,,,,,,,,,,,,,
175,,,,,,,,,,,,,,,,,,,,,,,,,,,,
176,,,,,,,,,,,,,,,,,,,,,,,,,,,,
177,,,,,,,,,,,,,,,,,,,,,,,,,,,,
178,,,,,,,,,,,,,,,,,,,,,,,,,,,,
179,,,,,,,,,,,,,,,,,,,,,,,,,,,,
180,0.7737931034482759,0.791264367816092,0.8096551724137931,0.7917241379310345,0.8059770114942528,0.8082758620689655,0.7944827586206896,0.8009195402298851,0.7724137931034483,0.7820689655172414,0.792183908045977,0.7793103448275862,0.7802298850574713,0.7981609195402298,0.8027586206896552,0.7701149425287356,0.7880459770114943,0.792183908045977,0.7802298850574713,0.7797701149425287,0.8032183908045977,0.7508045977011494,0.7894252873563219,0.7981609195402298,0.7885057471264367,0.8202298850574713,0.784367816091954,0.799080459770115
181,,,,,,,,,,,,,,,,,,,,,,,,,,,,
182,,,,,,,,,,,,,,,,,,,,,,,,,,,,
183,,,,,,,,,,,,,,,,,,,,,,,,,,,,
184,,,,,,,,,,,,,,,,,,,,,,,,,,,,
185,,,,,,,,,,,,,,,,,,,,,,,,,,,,
186,,,,,,,,,,,,,,,,,,,,,,,,,,,,
187,,,,,,,,,,,,,,,,,,,,,,,,,,,,
188,,,,,,,,,,,,,,,,,,,,,,,,,,,,
189,,,,,,,,,,,,,,,,,,,,,,,,,,,,
190,,,,,,,,,,,,,,,,,,,,,,,,,,,,
191,,,,,,,,,,,,,,,,,,,,,,,,,,,,
192,,,,,,,,,,,,,,,,,,,,,,,,,,,,
193,,,,,,,,,,,,,,,,,,,,,,,,,,,,
194,,,,,,,,,,,,,,,,,,,,,,,,,,,,
195,,,,,,,,,,,,,,,,,,,,,,,,,,,,
196,,,,,,,,,,,,,,,,,,,,,,,,,,,,
197,,,,,,,,,,,,,,,,,,,,,,,,,,,,
198,,,,,,,,,,,,,,,,,,,,,,,,,,,,
199,,,,,,,,,,,,,,,,,,,,,,,,,,,,
200,0.7797701149425287,0.7972413793103448,0.8147126436781609,0.8027586206896552,0.8082758620689655,0.8128735632183908,0.7857471264367816,0.799080459770115,0.7862068965517242,0.7875862068965517,0.8064367816091954,0.7793103448275862,0.76,0.8045977011494253,0.8165517241379311,0.8142528735632184,0.799080459770115,0.8119540229885057,0.7862068965517242,0.7618390804597701,0.8004597701149425,0.766896551724138,0.7940229885057472,0.776551724137931,0.784367816091954,0.7268965517241379,0.7871264367816092,0.8179310344827586
201,,,,,,,,,,,,,,,,,,,,,,,,,,,,
202,,,,,,,,,,,,,,,,,,,,,,,,,,,,
203,,,,,,,,,,,,,,,,,,,,,,,,,,,,
204,,,,,,,,,,,,,,,,,,,,,,,,,,,,
205,,,,,,,,,,,,,,,,,,,,,,,,,,,,
206,,,,,,,,,,,,,,,,,,,,,,,,,,,,
207,,,,,,,,,,,,,,,,,,,,,,,,,,,,
208,,,,,,,,,,,,,,,,,,,,,,,,,,,,
209,,,,,,,,,,,,,,,,,,,,,,,,,,,,
210,,,,,,,,,,,,,,,,,,,,,,,,,,,,
211,,,,,,,,,,,,,,,,,,,,,,,,,,,,
212,,,,,,,,,,,,,,,,,,,,,,,,,,,,
213,,,,,,,,,,,,,,,,,,,,,,,,,,,,
214,,,,,,,,,,,,,,,,,,,,,,,,,,,,
215,,,,,,,,,,,,,,,,,,,,,,,,,,,,
216,,,,,,,,,,,,,,,,,,,,,,,,,,,,
217,,,,,,,,,,,,,,,,,,,,,,,,,,,,
218,,,,,,,,,,,,,,,,,,,,,,,,,,,,
219,,,,,,,,,,,,,,,,,,,,,,,,,,,,
220,0.7977011494252874,0.8018390804597701,0.7797701149425287,0.8096551724137931,0.8137931034482758,0.8179310344827586,0.7806896551724138,0.783448275862069,0.799080459770115,0.7963218390804597,0.8064367816091954,0.7857471264367816,0.7806896551724138,0.8188505747126437,0.8096551724137931,0.8009195402298851,0.8073563218390805,0.824367816091954,0.7829885057471264,0.776551724137931,0.7871264367816092,0.7705747126436782,0.7986206896551724,0.8064367816091954,0.8009195402298851,0.8160919540229885,0.7981609195402298,0.7935632183908046
221,,,,,,,,,,,,,,,,,,,,,,,,,,,,
222,,,,,,,,,,,,,,,,,,,,,,,,,,,,
223,,,,,,,,,,,,,,,,,,,,,,,,,,,,
224,,,,,,,,,,,,,,,,,,,,,,,,,,,,
225,,,,,,,,,,,,,,,,,,,,,,,,,,,,
226,,,,,,,,,,,,,,,,,,,,,,,,,,,,
227,,,,,,,,,,,,,,,,,,,,,,,,,,,,
228,,,,,,,,,,,,,,,,,,,,,,,,,,,,
229,,,,,,,,,,,,,,,,,,,,,,,,,,,,
230,,,,,,,,,,,,,,,,,,,,,,,,,,,,
231,,,,,,,,,,,,,,,,,,,,,,,,,,,,
232,,,,,,,,,,,,,,,,,,,,,,,,,,,,
233,,,,,,,,,,,,,,,,,,,,,,,,,,,,
234,,,,,,,,,,,,,,,,,,,,,,,,,,,,
235,,,,,,,,,,,,,,,,,,,,,,,,,,,,
236,,,,,,,,,,,,,,,,,,,,,,,,,,,,
237,,,,,,,,,,,,,,,,,,,,,,,,,,,,
238,,,,,,,,,,,,,,,,,,,,,,,,,,,,
239,,,,,,,,,,,,,,,,,,,,,,,,,,,,
240,0.8027586206896552,0.8105747126436782,0.8018390804597701,0.8091954022988506,0.8225287356321839,0.7967816091954023,0.8105747126436782,0.7705747126436782,0.8013793103448276,0.8027586206896552,0.7981609195402298,0.7793103448275862,0.8137931034482758,0.8179310344827586,0.8170114942528736,0.8013793103448276,0.807816091954023,0.824367816091954,0.782528735632184,0.8156321839080459,0.7774712643678161,0.7806896551724138,0.8055172413793104,0.8156321839080459,0.8018390804597701,0.8128735632183908,0.7935632183908046,0.8188505747126437
241,,,,,,,,,,,,,,,,,,,,,,,,,,,,
242,,,,,,,,,,,,,,,,,,,,,,,,,,,,
243,,,,,,,,,,,,,,,,,,,,,,,,,,,,
244,,,,,,,,,,,,,,,,,,,,,,,,,,,,
245,,,,,,,,,,,,,,,,,,,,,,,,,,,,
246,,,,,,,,,,,,,,,,,,,,,,,,,,,,
247,,,,,,,,,,,,,,,,,,,,,,,,,,,,
248,,,,,,,,,,,,,,,,,,,,,,,,,,,,
249,,,,,,,,,,,,,,,,,,,,,,,,,,,,
250,,,,,,,,,,,,,,,,,,,,,,,,,,,,
251,,,,,,,,,,,,,,,,,,,,,,,,,,,,
252,,,,,,,,,,,,,,,,,,,,,,,,,,,,
253,,,,,,,,,,,,,,,,,,,,,,,,,,,,
254,,,,,,,,,,,,,,,,,,,,,,,,,,,,
255,,,,,,,,,,,,,,,,,,,,,,,,,,,,
256,,,,,,,,,,,,,,,,,,,,,,,,,,,,
257,,,,,,,,,,,,,,,,,,,,,,,,,,,,
258,,,,,,,,,,,,,,,,,,,,,,,,,,,,
259,,,,,,,,,,,,,,,,,,,,,,,,,,,,
260,0.8101149425287356,0.8179310344827586,0.8220689655172414,0.8188505747126437,0.8170114942528736,0.8105747126436782,0.799080459770115,0.807816091954023,0.8032183908045977,0.8087356321839081,0.8124137931034483,0.8022988505747126,0.7931034482758621,0.8266666666666667,0.8137931034482758,0.8128735632183908,0.7940229885057472,0.8271264367816092,0.7829885057471264,0.8137931034482758,0.8041379310344827,0.7829885057471264,0.8211494252873563,0.8110344827586207,0.8068965517241379,0.8216091954022988,0.8105747126436782,0.8179310344827586
261,,,,,,,,,,,,,,,,,,,,,,,,,,,,
262,,,,,,,,,,,,,,,,,,,,,,,,,,,,
263,,,,,,,,,,,,,,,,,,,,,,,,,,,,
264,,,,,,,,,,,,,,,,,,,,,,,,,,,,
265,,,,,,,,,,,,,,,,,,,,,,,,,,,,
266,,,,,,,,,,,,,,,,,,,,,,,,,,,,
267,,,,,,,,,,,,,,,,,,,,,,,,,,,,
268,,,,,,,,,,,,,,,,,,,,,,,,,,,,
269,,,,,,,,,,,,,,,,,,,,,,,,,,,,
270,,,,,,,,,,,,,,,,,,,,,,,,,,,,
271,,,,,,,,,,,,,,,,,,,,,,,,,,,,
272,,,,,,,,,,,,,,,,,,,,,,,,,,,,
273,,,,,,,,,,,,,,,,,,,,,,,,,,,,
274,,,,,,,,,,,,,,,,,,,,,,,,,,,,
275,,,,,,,,,,,,,,,,,,,,,,,,,,,,
276,,,,,,,,,,,,,,,,,,,,,,,,,,,,
277,,,,,,,,,,,,,,,,,,,,,,,,,,,,
278,,,,,,,,,,,,,,,,,,,,,,,,,,,,
279,,,,,,,,,,,,,,,,,,,,,,,,,,,,
280,0.8174712643678161,0.8018390804597701,0.8280459770114943,0.8174712643678161,0.8032183908045977,0.8036781609195403,0.8091954022988506,0.8073563218390805,0.8055172413793104,0.8004597701149425,0.8091954022988506,0.8202298850574713,0.7811494252873563,0.8234482758620689,0.8183908045977012,0.8170114942528736,0.8101149425287356,0.8354022988505747,0.8091954022988506,0.7889655172413793,0.8082758620689655,0.791264367816092,0.8262068965517242,0.8482758620689655,0.8151724137931035,0.8087356321839081,0.8160919540229885,0.8151724137931035
281,,,,,,,,,,,,,,,,,,,,,,,,,,,,
282,,,,,,,,,,,,,,,,,,,,,,,,,,,,
283,,,,,,,,,,,,,,,,,,,,,,,,,,,,
284,,,,,,,,,,,,,,,,,,,,,,,,,,,,
285,,,,,,,,,,,,,,,,,,,,,,,,,,,,
286,,,,,,,,,,,,,,,,,,,,,,,,,,,,
287,,,,,,,,,,,,,,,,,,,,,,,,,,,,
288,,,,,,,,,,,,,,,,,,,,,,,,,,,,
289,,,,,,,,,,,,,,,,,,,,,,,,,,,,
290,,,,,,,,,,,,,,,,,,,,,,,,,,,,
291,,,,,,,,,,,,,,,,,,,,,,,,,,,,
292,,,,,,,,,,,,,,,,,,,,,,,,,,,,
293,,,,,,,,,,,,,,,,,,,,,,,,,,,,
294,,,,,,,,,,,,,,,,,,,,,,,,,,,,
295,,,,,,,,,,,,,,,,,,,,,,,,,,,,
296,,,,,,,,,,,,,,,,,,,,,,,,,,,,
297,,,,,,,,,,,,,,,,,,,,,,,,,,,,
298,,,,,,,,,,,,,,,,,,,,,,,,,,,,
299,,,,,,,,,,,,,,,,,,,,,,,,,,,,
300,0.8022988505747126,0.7967816091954023,0.8275862068965517,0.8248275862068966,0.8266666666666667,0.8009195402298851,0.8151724137931035,0.8165517241379311,0.8073563218390805,0.8147126436781609,0.8170114942528736,0.8275862068965517,0.8317241379310345,0.825287356321839,0.8009195402298851,0.8289655172413793,0.8013793103448276,0.8303448275862069,0.8091954022988506,0.8045977011494253,0.7958620689655173,0.7995402298850575,0.8220689655172414,0.8606896551724138,0.8220689655172414,0.8257471264367816,0.8183908045977012,0.8211494252873563
301,,,,,,,,,,,,,,,,,,,,,,,,,,,,
302,,,,,,,,,,,,,,,,,,,,,,,,,,,,
303,,,,,,,,,,,,,,,,,,,,,,,,,,,,
304,,,,,,,,,,,,,,,,,,,,,,,,,,,,
305,,,,,,,,,,,,,,,,,,,,,,,,,,,,
306,,,,,,,,,,,,,,,,,,,,,,,,,,,,
307,,,,,,,,,,,,,,,,,,,,,,,,,,,,
308,,,,,,,,,,,,,,,,,,,,,,,,,,,,
309,,,,,,,,,,,,,,,,,,,,,,,,,,,,
310,,,,,,,,,,,,,,,,,,,,,,,,,,,,
311,,,,,,,,,,,,,,,,,,,,,,,,,,,,
312,,,,,,,,,,,,,,,,,,,,,,,,,,,,
313,,,,,,,,,,,,,,,,,,,,,,,,,,,,
314,,,,,,,,,,,,,,,,,,,,,,,,,,,,
315,,,,,,,,,,,,,,,,,,,,,,,,,,,,
316,,,,,,,,,,,,,,,,,,,,,,,,,,,,
317,,,,,,,,,,,,,,,,,,,,,,,,,,,,
318,,,,,,,,,,,,,,,,,,,,,,,,,,,,
319,,,,,,,,,,,,,,,,,,,,,,,,,,,,
320,0.8151724137931035,0.8193103448275862,0.8505747126436781,0.8294252873563218,0.832183908045977,0.8110344827586207,0.8170114942528736,0.8220689655172414,0.7963218390804597,0.8248275862068966,0.8156321839080459,0.832183908045977,0.8137931034482758,0.8294252873563218,0.8160919540229885,0.8340229885057471,0.8091954022988506,0.8450574712643678,0.7981609195402298,0.8137931034482758,0.8096551724137931,0.8087356321839081,0.8114942528735632,0.7581609195402299,0.8225287356321839,0.8308045977011494,0.8170114942528736,0.8193103448275862
321,,,,,,,,,,,,,,,,,,,,,,,,,,,,
322,,,,,,,,,,,,,,,,,,,,,,,,,,,,
323,,,,,,,,,,,,,,,,,,,,,,,,,,,,
324,,,,,,,,,,,,,,,,,,,,,,,,,,,,
325,,,,,,,,,,,,,,,,,,,,,,,,,,,,
326,,,,,,,,,,,,,,,,,,,,,,,,,,,,
327,,,,,,,,,,,,,,,,,,,,,,,,,,,,
328,,,,,,,,,,,,,,,,,,,,,,,,,,,,
329,,,,,,,,,,,,,,,,,,,,,,,,,,,,
330,,,,,,,,,,,,,,,,,,,,,,,,,,,,
331,,,,,,,,,,,,,,,,,,,,,,,,,,,,
332,,,,,,,,,,,,,,,,,,,,,,,,,,,,
333,,,,,,,,,,,,,,,,,,,,,,,,,,,,
334,,,,,,,,,,,,,,,,,,,,,,,,,,,,
335,,,,,,,,,,,,,,,,,,,,,,,,,,,,
336,,,,,,,,,,,,,,,,,,,,,,,,,,,,
337,,,,,,,,,,,,,,,,,,,,,,,,,,,,
338,,,,,,,,,,,,,,,,,,,,,,,,,,,,
339,,,,,,,,,,,,,,,,,,,,,,,,,,,,
340,0.8275862068965517,0.8225287356321839,0.8648275862068966,0.8308045977011494,0.8358620689655173,0.8165517241379311,0.8216091954022988,0.8225287356321839,0.8142528735632184,0.8326436781609196,0.8055172413793104,0.7908045977011494,0.8059770114942528,0.833103448275862,0.8303448275862069,0.8289655172413793,0.8128735632183908,0.8422988505747127,0.8082758620689655,0.8165517241379311,0.7618390804597701,0.7783908045977012,0.8160919540229885,0.8804597701149425,0.8266666666666667,0.8317241379310345,0.8234482758620689,0.8165517241379311
341,,,,,,,,,,,,,,,,,,,,,,,,,,,,
342,,,,,,,,,,,,,,,,,,,,,,,,,,,,
343,,,,,,,,,,,,,,,,,,,,,,,,,,,,
344,,,,,,,,,,,,,,,,,,,,,,,,,,,,
345,,,,,,,,,,,,,,,,,,,,,,,,,,,,
346,,,,,,,,,,,,,,,,,,,,,,,,,,,,
347,,,,,,,,,,,,,,,,,,,,,,,,,,,,
348,,,,,,,,,,,,,,,,,,,,,,,,,,,,
349,,,,,,,,,,,,,,,,,,,,,,,,,,,,
350,,,,,,,,,,,,,,,,,,,,,,,,,,,,
351,,,,,,,,,,,,,,,,,,,,,,,,,,,,
352,,,,,,,,,,,,,,,,,,,,,,,,,,,,
353,,,,,,,,,,,,,,,,,,,,,,,,,,,,
354,,,,,,,,,,,,,,,,,,,,,,,,,,,,
355,,,,,,,,,,,,,,,,,,,,,,,,,,,,
356,,,,,,,,,,,,,,,,,,,,,,,,,,,,
357,,,,,,,,,,,,,,,,,,,,,,,,,,,,
358,,,,,,,,,,,,,,,,,,,,,,,,,,,,
359,,,,,,,,,,,,,,,,,,,,,,,,,,,,
360,0.8340229885057471,0.8225287356321839,0.8804597701149425,0.8340229885057471,0.8427586206896551,0.8151724137931035,0.8262068965517242,0.8206896551724138,0.8156321839080459,0.8280459770114943,0.8179310344827586,0.840919540229885,0.8266666666666667,0.8298850574712644,0.8216091954022988,0.832183908045977,0.8211494252873563,0.5949425287356321,0.8174712643678161,0.8280459770114943,0.807816091954023,0.8151724137931035,0.8367816091954023,0.8882758620689655,0.833103448275862,0.8413793103448276,0.825287356321839,0.8165517241379311
361,,,,,,,,,,,,,,,,,,,,,,,,,,,,
362,,,,,,,,,,,,,,,,,,,,,,,,,,,,
363,,,,,,,,,,,,,,,,,,,,,,,,,,,,
364,,,,,,,,,,,,,,,,,,,,,,,,,,,,
365,,,,,,,,,,,,,,,,,,,,,,,,,,,,
366,,,,,,,,,,,,,,,,,,,,,,,,,,,,
367,,,,,,,,,,,,,,,,,,,,,,,,,,,,
368,,,,,,,,,,,,,,,,,,,,,,,,,,,,
369,,,,,,,,,,,,,,,,,,,,,,,,,,,,
370,,,,,,,,,,,,,,,,,,,,,,,,,,,,
371,,,,,,,,,,,,,,,,,,,,,,,,,,,,
372,,,,,,,,,,,,,,,,,,,,,,,,,,,,
373,,,,,,,,,,,,,,,,,,,,,,,,,,,,
374,,,,,,,,,,,,,,,,,,,,,,,,,,,,
375,,,,,,,,,,,,,,,,,,,,,,,,,,,,
376,,,,,,,,,,,,,,,,,,,,,,,,,,,,
377,,,,,,,,,,,,,,,,,,,,,,,,,,,,
378,,,,,,,,,,,,,,,,,,,,,,,,,,,,
379,,,,,,,,,,,,,,,,,,,,,,,,,,,,
380,0.8041379310344827,0.8257471264367816,0.8896551724137931,0.8464367816091954,0.8473563218390805,0.8303448275862069,0.8280459770114943,0.8317241379310345,0.8124137931034483,0.8354022988505747,0.8174712643678161,0.8308045977011494,0.8298850574712644,0.8294252873563218,0.8427586206896551,0.8257471264367816,0.8280459770114943,0.8358620689655173,0.8280459770114943,0.833103448275862,0.807816091954023,0.8165517241379311,0.8156321839080459,0.8657471264367816,0.8335632183908046,0.8413793103448276,0.8183908045977012,0.8294252873563218
381,,,,,,,,,,,,,,,,,,,,,,,,,,,,
382,,,,,,,,,,,,,,,,,,,,,,,,,,,,
383,,,,,,,,,,,,,,,,,,,,,,,,,,,,
384,,,,,,,,,,,,,,,,,,,,,,,,,,,,
385,,,,,,,,,,,,,,,,,,,,,,,,,,,,
386,,,,,,,,,,,,,,,,,,,,,,,,,,,,
387,,,,,,,,,,,,,,,,,,,,,,,,,,,,
388,,,,,,,,,,,,,,,,,,,,,,,,,,,,
389,,,,,,,,,,,,,,,,,,,,,,,,,,,,
390,,,,,,,,,,,,,,,,,,,,,,,,,,,,
391,,,,,,,,,,,,,,,,,,,,,,,,,,,,
392,,,,,,,,,,,,,,,,,,,,,,,,,,,,
393,,,,,,,,,,,,,,,,,,,,,,,,,,,,
394,,,,,,,,,,,,,,,,,,,,,,,,,,,,
395,,,,,,,,,,,,,,,,,,,,,,,,,,,,
396,,,,,,,,,,,,,,,,,,,,,,,,,,,,
397,,,,,,,,,,,,,,,,,,,,,,,,,,,,
398,,,,,,,,,,,,,,,,,,,,,,,,,,,,
399,,,,,,,,,,,,,,,,,,,,,,,,,,,,
400,0.8358620689655173,0.8436781609195402,0.8905747126436782,0.8427586206896551,0.8050574712643678,0.8349425287356322,0.8358620689655173,0.8377011494252874,0.792183908045977,0.8395402298850575,0.8262068965517242,0.8147126436781609,0.8105747126436782,0.8262068965517242,0.8657471264367816,0.8340229885057471,0.8229885057471265,0.792183908045977,0.8197701149425287,0.8340229885057471,0.7949425287356322,0.8082758620689655,0.8183908045977012,0.8951724137931034,0.8349425287356322,0.832183908045977,0.8271264367816092,0.8234482758620689
