,loss,accuracy,training_iteration,config/h1,config/h2,config/h3,config/lr,config/weight_decay,logdir
37,0.0007693260702593,0.907126436781609,50,64,12,128,0.0168691525232368,5.64572859115495E-06,"/home/werner/al-benchmark/runs/Splice/evaluate_config_2023-03-01_10-31-37/evaluate_config_dd2d5_00037_37_h1=64,h2=12,h3=128,lr=0.0169,weight_decay=0.0000_2023-03-01_10-34-47"
98,0.0005962350176668,0.906666666666667,50,16,12,64,0.00811022513746442,5.63609394568481E-05,"/home/werner/al-benchmark/runs/Splice/evaluate_config_2023-03-01_10-31-37/evaluate_config_dd2d5_00098_98_h1=16,h2=12,h3=64,lr=0.0081,weight_decay=0.0001_2023-03-01_10-40-31"
60,0.0005882120269468,0.904367816091954,50,32,12,32,0.00550903423542007,0.000492737706482675,"/home/werner/al-benchmark/runs/Splice/evaluate_config_2023-03-01_10-31-37/evaluate_config_dd2d5_00060_60_h1=32,h2=12,h3=32,lr=0.0055,weight_decay=0.0005_2023-03-01_10-36-48"
24,0.0006859980300925,0.903908045977012,50,64,32,64,0.00960280572153573,1.91772000197019E-08,"/home/werner/al-benchmark/runs/Splice/evaluate_config_2023-03-01_10-31-37/evaluate_config_dd2d5_00024_24_h1=64,h2=32,h3=64,lr=0.0096,weight_decay=0.0000_2023-03-01_10-33-31"
29,0.0005689847058263,0.903908045977012,50,32,64,32,0.00502419898429315,0.000479350780345616,"/home/werner/al-benchmark/runs/Splice/evaluate_config_2023-03-01_10-31-37/evaluate_config_dd2d5_00029_29_h1=32,h2=64,h3=32,lr=0.0050,weight_decay=0.0005_2023-03-01_10-33-35"
13,0.0006986988412922,0.901609195402299,50,16,64,64,0.010043852272368,2.38697110132046E-07,"/home/werner/al-benchmark/runs/Splice/evaluate_config_2023-03-01_10-31-37/evaluate_config_dd2d5_00013_13_h1=16,h2=64,h3=64,lr=0.0100,weight_decay=0.0000_2023-03-01_10-31-41"
81,0.0005888893275425,0.901149425287356,50,64,64,0,0.00135473318206979,0.000496946245165487,"/home/werner/al-benchmark/runs/Splice/evaluate_config_2023-03-01_10-31-37/evaluate_config_dd2d5_00081_81_h1=64,h2=64,h3=0,lr=0.0014,weight_decay=0.0005_2023-03-01_10-39-10"
54,0.0009112193118566,0.900229885057471,50,64,64,0,0.0137670041213255,2.35273743962637E-06,"/home/werner/al-benchmark/runs/Splice/evaluate_config_2023-03-01_10-31-37/evaluate_config_dd2d5_00054_54_h1=64,h2=64,h3=0,lr=0.0138,weight_decay=0.0000_2023-03-01_10-36-22"
83,0.0007234954422917,0.900229885057471,50,32,16,32,0.0786663748212576,2.25361923322157E-05,"/home/werner/al-benchmark/runs/Splice/evaluate_config_2023-03-01_10-31-37/evaluate_config_dd2d5_00083_83_h1=32,h2=16,h3=32,lr=0.0787,weight_decay=0.0000_2023-03-01_10-39-15"
18,0.0006486589127573,0.899770114942529,50,64,0,32,0.00530297510388428,3.41621127434942E-07,"/home/werner/al-benchmark/runs/Splice/evaluate_config_2023-03-01_10-31-37/evaluate_config_dd2d5_00018_18_h1=64,h2=0,h3=32,lr=0.0053,weight_decay=0.0000_2023-03-01_10-33-15"
25,0.0006596180762367,0.899770114942529,50,12,16,16,0.0606277147854688,1.58739006084856E-05,"/home/werner/al-benchmark/runs/Splice/evaluate_config_2023-03-01_10-31-37/evaluate_config_dd2d5_00025_25_h1=12,h2=16,h3=16,lr=0.0606,weight_decay=0.0000_2023-03-01_10-33-31"
59,0.0007883411851422,0.897931034482759,50,64,32,16,0.028816633901553,1.72554047484339E-07,"/home/werner/al-benchmark/runs/Splice/evaluate_config_2023-03-01_10-31-37/evaluate_config_dd2d5_00059_59_h1=64,h2=32,h3=16,lr=0.0288,weight_decay=0.0000_2023-03-01_10-36-41"
34,0.0007262955588855,0.897471264367816,50,16,64,64,0.0324216268344474,4.83259547479596E-05,"/home/werner/al-benchmark/runs/Splice/evaluate_config_2023-03-01_10-31-37/evaluate_config_dd2d5_00034_34_h1=16,h2=64,h3=64,lr=0.0324,weight_decay=0.0000_2023-03-01_10-34-33"
40,0.0006042759514403,0.897011494252874,50,64,32,0,0.00176968381106748,1.9457988953425E-08,"/home/werner/al-benchmark/runs/Splice/evaluate_config_2023-03-01_10-31-37/evaluate_config_dd2d5_00040_40_h1=64,h2=32,h3=0,lr=0.0018,weight_decay=0.0000_2023-03-01_10-34-50"
47,0.0006355270161025,0.897011494252874,50,64,64,0,0.00419135470318357,0.000167202883483701,"/home/werner/al-benchmark/runs/Splice/evaluate_config_2023-03-01_10-31-37/evaluate_config_dd2d5_00047_47_h1=64,h2=64,h3=0,lr=0.0042,weight_decay=0.0002_2023-03-01_10-34-53"
55,0.0006658738371969,0.895632183908046,50,32,32,128,0.00345667888735413,1.92576158350967E-06,"/home/werner/al-benchmark/runs/Splice/evaluate_config_2023-03-01_10-31-37/evaluate_config_dd2d5_00055_55_h1=32,h2=32,h3=128,lr=0.0035,weight_decay=0.0000_2023-03-01_10-36-25"
56,0.0006302306569855,0.895632183908046,50,16,12,64,0.00152362533367232,0.000124834008718732,"/home/werner/al-benchmark/runs/Splice/evaluate_config_2023-03-01_10-31-37/evaluate_config_dd2d5_00056_56_h1=16,h2=12,h3=64,lr=0.0015,weight_decay=0.0001_2023-03-01_10-36-26"
16,0.0007984063543122,0.893793103448276,50,32,0,0,0.00837322939117753,0.000141423107885666,"/home/werner/al-benchmark/runs/Splice/evaluate_config_2023-03-01_10-31-37/evaluate_config_dd2d5_00016_16_h1=32,h2=0,h3=0,lr=0.0084,weight_decay=0.0001_2023-03-01_10-33-14"
6,0.0006385457652738,0.893333333333333,50,12,32,0,0.00675617932933853,9.42926238555202E-05,"/home/werner/al-benchmark/runs/Splice/evaluate_config_2023-03-01_10-31-37/evaluate_config_dd2d5_00006_6_h1=12,h2=32,h3=0,lr=0.0068,weight_decay=0.0001_2023-03-01_10-31-41"
21,0.0008651481414663,0.888275862068965,50,32,16,0,0.0426231119515681,3.75162204972297E-06,"/home/werner/al-benchmark/runs/Splice/evaluate_config_2023-03-01_10-31-37/evaluate_config_dd2d5_00021_21_h1=32,h2=16,h3=0,lr=0.0426,weight_decay=0.0000_2023-03-01_10-33-29"
4,0.0009731601709607,0.886436781609195,50,64,16,16,0.0351949591882646,9.56311531836295E-08,"/home/werner/al-benchmark/runs/Splice/evaluate_config_2023-03-01_10-31-37/evaluate_config_dd2d5_00004_4_h1=64,h2=16,h3=16,lr=0.0352,weight_decay=0.0000_2023-03-01_10-31-41"
7,0.0007734599469722,0.88367816091954,50,8,12,16,0.0755414273923352,6.59191703532395E-07,"/home/werner/al-benchmark/runs/Splice/evaluate_config_2023-03-01_10-31-37/evaluate_config_dd2d5_00007_7_h1=8,h2=12,h3=16,lr=0.0755,weight_decay=0.0000_2023-03-01_10-31-41"
20,0.0006597034410498,0.88367816091954,50,12,0,128,0.000781731123526279,0.00081787435750665,"/home/werner/al-benchmark/runs/Splice/evaluate_config_2023-03-01_10-31-37/evaluate_config_dd2d5_00020_20_h1=12,h2=0,h3=128,lr=0.0008,weight_decay=0.0008_2023-03-01_10-33-28"
67,0.0006577611791676,0.882758620689655,50,64,16,64,0.00122507030908049,8.98784067798212E-06,"/home/werner/al-benchmark/runs/Splice/evaluate_config_2023-03-01_10-31-37/evaluate_config_dd2d5_00067_67_h1=64,h2=16,h3=64,lr=0.0012,weight_decay=0.0000_2023-03-01_10-37-57"
49,0.0007336600621541,0.875862068965517,50,32,12,32,0.00101185075795204,1.11155259440734E-05,"/home/werner/al-benchmark/runs/Splice/evaluate_config_2023-03-01_10-31-37/evaluate_config_dd2d5_00049_49_h1=32,h2=12,h3=32,lr=0.0010,weight_decay=0.0000_2023-03-01_10-36-07"
65,0.0007463975336359,0.868965517241379,50,32,16,32,0.00128057338532237,0.000655981629528488,"/home/werner/al-benchmark/runs/Splice/evaluate_config_2023-03-01_10-31-37/evaluate_config_dd2d5_00065_65_h1=32,h2=16,h3=32,lr=0.0013,weight_decay=0.0007_2023-03-01_10-37-53"
14,0.0007323021450261,0.861609195402299,50,64,32,128,0.000547576499853169,6.8648469328906E-06,"/home/werner/al-benchmark/runs/Splice/evaluate_config_2023-03-01_10-31-37/evaluate_config_dd2d5_00014_14_h1=64,h2=32,h3=128,lr=0.0005,weight_decay=0.0000_2023-03-01_10-31-41"
2,0.0008813766501415,0.860689655172414,50,32,64,64,0.0248410310528454,0.000213175057809121,"/home/werner/al-benchmark/runs/Splice/evaluate_config_2023-03-01_10-31-37/evaluate_config_dd2d5_00002_2_h1=32,h2=64,h3=64,lr=0.0248,weight_decay=0.0002_2023-03-01_10-31-41"
62,0.0007461009354426,0.858390804597701,50,12,0,128,0.00127248711001571,1.96461576418834E-08,"/home/werner/al-benchmark/runs/Splice/evaluate_config_2023-03-01_10-31-37/evaluate_config_dd2d5_00062_62_h1=12,h2=0,h3=128,lr=0.0013,weight_decay=0.0000_2023-03-01_10-36-51"
23,0.0008329200607606,0.857471264367816,50,32,64,32,0.000582949036921047,1.33280183513243E-05,"/home/werner/al-benchmark/runs/Splice/evaluate_config_2023-03-01_10-31-37/evaluate_config_dd2d5_00023_23_h1=32,h2=64,h3=32,lr=0.0006,weight_decay=0.0000_2023-03-01_10-33-31"
22,0.0007450069230178,0.857011494252874,50,12,16,128,0.000936262679508122,0.000572897403037245,"/home/werner/al-benchmark/runs/Splice/evaluate_config_2023-03-01_10-31-37/evaluate_config_dd2d5_00022_22_h1=12,h2=16,h3=128,lr=0.0009,weight_decay=0.0006_2023-03-01_10-33-31"
63,0.0008151899261036,0.852413793103448,50,32,0,16,0.00343041954571131,5.91895204652628E-07,"/home/werner/al-benchmark/runs/Splice/evaluate_config_2023-03-01_10-31-37/evaluate_config_dd2d5_00063_63_h1=32,h2=0,h3=16,lr=0.0034,weight_decay=0.0000_2023-03-01_10-36-54"
8,0.0008286662485407,0.851954022988506,50,32,12,128,0.000335961291623822,9.69889923428171E-05,"/home/werner/al-benchmark/runs/Splice/evaluate_config_2023-03-01_10-31-37/evaluate_config_dd2d5_00008_8_h1=32,h2=12,h3=128,lr=0.0003,weight_decay=0.0001_2023-03-01_10-31-41"
58,0.0007637353053038,0.851494252873563,50,12,64,64,0.00192047886898998,2.52749883081045E-05,"/home/werner/al-benchmark/runs/Splice/evaluate_config_2023-03-01_10-31-37/evaluate_config_dd2d5_00058_58_h1=12,h2=64,h3=64,lr=0.0019,weight_decay=0.0000_2023-03-01_10-36-41"
51,0.0008050593562509,0.851034482758621,50,64,12,128,0.000318385433903102,8.55769359195456E-06,"/home/werner/al-benchmark/runs/Splice/evaluate_config_2023-03-01_10-31-37/evaluate_config_dd2d5_00051_51_h1=64,h2=12,h3=128,lr=0.0003,weight_decay=0.0000_2023-03-01_10-36-09"
76,0.000836955678874,0.849655172413793,50,12,12,128,0.00043009465042519,1.9602532724529E-05,"/home/werner/al-benchmark/runs/Splice/evaluate_config_2023-03-01_10-31-37/evaluate_config_dd2d5_00076_76_h1=12,h2=12,h3=128,lr=0.0004,weight_decay=0.0000_2023-03-01_10-38-22"
78,0.0008474008516333,0.848735632183908,50,32,0,128,0.0923051439249433,4.59687170269292E-07,"/home/werner/al-benchmark/runs/Splice/evaluate_config_2023-03-01_10-31-37/evaluate_config_dd2d5_00078_78_h1=32,h2=0,h3=128,lr=0.0923,weight_decay=0.0000_2023-03-01_10-38-41"
84,0.0007866163500424,0.848735632183908,50,16,64,16,0.00160978973287027,2.4091723324426E-05,"/home/werner/al-benchmark/runs/Splice/evaluate_config_2023-03-01_10-31-37/evaluate_config_dd2d5_00084_84_h1=16,h2=64,h3=16,lr=0.0016,weight_decay=0.0000_2023-03-01_10-39-16"
35,0.0008080694867276,0.847816091954023,50,12,0,0,0.000579654284755906,2.17630971682645E-07,"/home/werner/al-benchmark/runs/Splice/evaluate_config_2023-03-01_10-31-37/evaluate_config_dd2d5_00035_35_h1=12,h2=0,h3=0,lr=0.0006,weight_decay=0.0000_2023-03-01_10-34-44"
32,0.0007959683051054,0.845057471264368,50,8,32,16,0.00394412154825449,6.29085896911374E-08,"/home/werner/al-benchmark/runs/Splice/evaluate_config_2023-03-01_10-31-37/evaluate_config_dd2d5_00032_32_h1=8,h2=32,h3=16,lr=0.0039,weight_decay=0.0000_2023-03-01_10-34-31"
48,0.0008532545073279,0.843218390804598,50,8,16,64,0.00536132010808267,6.19422001746222E-08,"/home/werner/al-benchmark/runs/Splice/evaluate_config_2023-03-01_10-31-37/evaluate_config_dd2d5_00048_48_h1=8,h2=16,h3=64,lr=0.0054,weight_decay=0.0000_2023-03-01_10-36-03"
91,0.0007978462624823,0.843218390804598,50,8,32,64,0.00435995236299279,1.27018987075176E-06,"/home/werner/al-benchmark/runs/Splice/evaluate_config_2023-03-01_10-31-37/evaluate_config_dd2d5_00091_91_h1=8,h2=32,h3=64,lr=0.0044,weight_decay=0.0000_2023-03-01_10-39-39"
12,0.0008615220004114,0.84183908045977,50,12,64,0,0.000360118572915355,5.11835359413341E-05,"/home/werner/al-benchmark/runs/Splice/evaluate_config_2023-03-01_10-31-37/evaluate_config_dd2d5_00012_12_h1=12,h2=64,h3=0,lr=0.0004,weight_decay=0.0001_2023-03-01_10-31-41"
94,0.0008608404110217,0.84183908045977,50,8,0,128,0.000256218676606505,1.74576428476204E-07,"/home/werner/al-benchmark/runs/Splice/evaluate_config_2023-03-01_10-31-37/evaluate_config_dd2d5_00094_94_h1=8,h2=0,h3=128,lr=0.0003,weight_decay=0.0000_2023-03-01_10-39-57"
93,0.000815967266587,0.841379310344828,50,12,12,64,0.001778955532615,2.8510656324059E-08,"/home/werner/al-benchmark/runs/Splice/evaluate_config_2023-03-01_10-31-37/evaluate_config_dd2d5_00093_93_h1=12,h2=12,h3=64,lr=0.0018,weight_decay=0.0000_2023-03-01_10-39-48"
64,0.0008311229053585,0.840919540229885,50,8,64,32,0.00100779339091498,6.12119273519828E-07,"/home/werner/al-benchmark/runs/Splice/evaluate_config_2023-03-01_10-31-37/evaluate_config_dd2d5_00064_64_h1=8,h2=64,h3=32,lr=0.0010,weight_decay=0.0000_2023-03-01_10-37-49"
74,0.0008312667101279,0.840459770114943,50,12,12,16,0.0117231088714397,0.000310821396434789,"/home/werner/al-benchmark/runs/Splice/evaluate_config_2023-03-01_10-31-37/evaluate_config_dd2d5_00074_74_h1=12,h2=12,h3=16,lr=0.0117,weight_decay=0.0003_2023-03-01_10-38-18"
88,0.000830580379771,0.836781609195402,50,16,64,32,0.0115135225498771,2.22252286273738E-07,"/home/werner/al-benchmark/runs/Splice/evaluate_config_2023-03-01_10-31-37/evaluate_config_dd2d5_00088_88_h1=16,h2=64,h3=32,lr=0.0115,weight_decay=0.0000_2023-03-01_10-39-27"
53,0.0008513100119842,0.831724137931034,50,12,64,32,0.00159729876716102,1.24586171314193E-07,"/home/werner/al-benchmark/runs/Splice/evaluate_config_2023-03-01_10-31-37/evaluate_config_dd2d5_00053_53_h1=12,h2=64,h3=32,lr=0.0016,weight_decay=0.0000_2023-03-01_10-36-18"
85,0.0011415997866926,0.828505747126437,50,16,0,16,0.000287318947031262,2.6219136123731E-08,"/home/werner/al-benchmark/runs/Splice/evaluate_config_2023-03-01_10-31-37/evaluate_config_dd2d5_00085_85_h1=16,h2=0,h3=16,lr=0.0003,weight_decay=0.0000_2023-03-01_10-39-19"
75,0.0013035538826865,0.827586206896552,50,12,12,64,0.000209440879954103,5.93720491294132E-07,"/home/werner/al-benchmark/runs/Splice/evaluate_config_2023-03-01_10-31-37/evaluate_config_dd2d5_00075_75_h1=12,h2=12,h3=64,lr=0.0002,weight_decay=0.0000_2023-03-01_10-38-21"
9,0.0012581395554816,0.822528735632184,50,64,0,128,8.03705417486343E-05,6.34687585423041E-07,"/home/werner/al-benchmark/runs/Splice/evaluate_config_2023-03-01_10-31-37/evaluate_config_dd2d5_00009_9_h1=64,h2=0,h3=128,lr=0.0001,weight_decay=0.0000_2023-03-01_10-31-41"
52,0.0009673378796413,0.816091954022988,50,8,64,0,0.0799370092478582,0.000382669874463933,"/home/werner/al-benchmark/runs/Splice/evaluate_config_2023-03-01_10-31-37/evaluate_config_dd2d5_00052_52_h1=8,h2=64,h3=0,lr=0.0799,weight_decay=0.0004_2023-03-01_10-36-10"
89,0.0013170611447301,0.815632183908046,50,32,64,64,0.000150103580315907,0.000145143028827836,"/home/werner/al-benchmark/runs/Splice/evaluate_config_2023-03-01_10-31-37/evaluate_config_dd2d5_00089_89_h1=32,h2=64,h3=64,lr=0.0002,weight_decay=0.0001_2023-03-01_10-39-28"
36,0.0011123040626788,0.794942528735632,50,8,12,16,0.0557650545622416,1.97917627197118E-08,"/home/werner/al-benchmark/runs/Splice/evaluate_config_2023-03-01_10-31-37/evaluate_config_dd2d5_00036_36_h1=8,h2=12,h3=16,lr=0.0558,weight_decay=0.0000_2023-03-01_10-34-47"
44,0.0014727186882632,0.793103448275862,50,12,32,64,0.000117338813903414,6.53740611393689E-08,"/home/werner/al-benchmark/runs/Splice/evaluate_config_2023-03-01_10-31-37/evaluate_config_dd2d5_00044_44_h1=12,h2=32,h3=64,lr=0.0001,weight_decay=0.0000_2023-03-01_10-34-53"
57,0.0011994185666928,0.788965517241379,50,12,0,128,0.0524120363599913,0.000224866393547823,"/home/werner/al-benchmark/runs/Splice/evaluate_config_2023-03-01_10-31-37/evaluate_config_dd2d5_00057_57_h1=12,h2=0,h3=128,lr=0.0524,weight_decay=0.0002_2023-03-01_10-36-39"
26,0.0013120961737358,0.785747126436782,50,8,16,128,0.000180170948059874,8.65255305089006E-06,"/home/werner/al-benchmark/runs/Splice/evaluate_config_2023-03-01_10-31-37/evaluate_config_dd2d5_00026_26_h1=8,h2=16,h3=128,lr=0.0002,weight_decay=0.0000_2023-03-01_10-33-33"
73,0.001465019768682,0.782988505747126,50,32,12,64,0.000119316971240767,7.3232898481461E-06,"/home/werner/al-benchmark/runs/Splice/evaluate_config_2023-03-01_10-31-37/evaluate_config_dd2d5_00073_73_h1=32,h2=12,h3=64,lr=0.0001,weight_decay=0.0000_2023-03-01_10-38-12"
31,0.0015581705104345,0.742528735632184,50,8,16,16,0.000106609805717984,0.000310540721180654,"/home/werner/al-benchmark/runs/Splice/evaluate_config_2023-03-01_10-31-37/evaluate_config_dd2d5_00031_31_h1=8,h2=16,h3=16,lr=0.0001,weight_decay=0.0003_2023-03-01_10-33-36"
5,0.001561257976225,0.64551724137931,50,16,12,32,0.000101323382835298,0.000338219916728984,"/home/werner/al-benchmark/runs/Splice/evaluate_config_2023-03-01_10-31-37/evaluate_config_dd2d5_00005_5_h1=16,h2=12,h3=32,lr=0.0001,weight_decay=0.0003_2023-03-01_10-31-41"
80,0.0015907205658397,0.612413793103448,50,32,16,16,2.40318866495648E-05,0.00015532031687493,"/home/werner/al-benchmark/runs/Splice/evaluate_config_2023-03-01_10-31-37/evaluate_config_dd2d5_00080_80_h1=32,h2=16,h3=16,lr=0.0000,weight_decay=0.0002_2023-03-01_10-39-06"
45,0.0015312480926513,0.611954022988506,50,12,16,32,0.000113918694849289,2.94913625325842E-07,"/home/werner/al-benchmark/runs/Splice/evaluate_config_2023-03-01_10-31-37/evaluate_config_dd2d5_00045_45_h1=12,h2=16,h3=32,lr=0.0001,weight_decay=0.0000_2023-03-01_10-34-53"
95,0.0015925593759821,0.604597701149425,50,8,16,64,8.39309474029073E-06,0.000187525435401208,"/home/werner/al-benchmark/runs/Splice/evaluate_config_2023-03-01_10-31-37/evaluate_config_dd2d5_00095_95_h1=8,h2=16,h3=64,lr=0.0000,weight_decay=0.0002_2023-03-01_10-40-13"
92,0.0015646395464053,0.548965517241379,50,64,32,32,4.98526353577245E-05,0.000434646031663887,"/home/werner/al-benchmark/runs/Splice/evaluate_config_2023-03-01_10-31-37/evaluate_config_dd2d5_00092_92_h1=64,h2=32,h3=32,lr=0.0000,weight_decay=0.0004_2023-03-01_10-39-43"
0,0.0015869895343122,0.52,50,12,32,0,1.81266002866123E-05,3.58721623877423E-07,"/home/werner/al-benchmark/runs/Splice/evaluate_config_2023-03-01_10-31-37/evaluate_config_dd2d5_00000_0_h1=12,h2=32,h3=0,lr=0.0000,weight_decay=0.0000_2023-03-01_10-31-37"
11,0.0015910649299621,0.52,50,64,16,32,1.46136635564033E-06,0.000525920160400531,"/home/werner/al-benchmark/runs/Splice/evaluate_config_2023-03-01_10-31-37/evaluate_config_dd2d5_00011_11_h1=64,h2=16,h3=32,lr=0.0000,weight_decay=0.0005_2023-03-01_10-31-41"
15,0.0015821017068007,0.52,50,64,12,0,1.95367574006722E-05,1.16386180646102E-07,"/home/werner/al-benchmark/runs/Splice/evaluate_config_2023-03-01_10-31-37/evaluate_config_dd2d5_00015_15_h1=64,h2=12,h3=0,lr=0.0000,weight_decay=0.0000_2023-03-01_10-31-41"
19,0.001542807310477,0.52,50,64,32,16,8.02696248066436E-05,0.000437561351825631,"/home/werner/al-benchmark/runs/Splice/evaluate_config_2023-03-01_10-31-37/evaluate_config_dd2d5_00019_19_h1=64,h2=32,h3=16,lr=0.0001,weight_decay=0.0004_2023-03-01_10-33-27"
27,0.0015906067004148,0.52,50,12,64,64,2.75181066421699E-06,4.94932129891988E-06,"/home/werner/al-benchmark/runs/Splice/evaluate_config_2023-03-01_10-31-37/evaluate_config_dd2d5_00027_27_h1=12,h2=64,h3=64,lr=0.0000,weight_decay=0.0000_2023-03-01_10-33-33"
33,0.0015908391996361,0.52,50,8,32,16,1.35458563221463E-06,4.84528194311463E-05,"/home/werner/al-benchmark/runs/Splice/evaluate_config_2023-03-01_10-31-37/evaluate_config_dd2d5_00033_33_h1=8,h2=32,h3=16,lr=0.0000,weight_decay=0.0000_2023-03-01_10-34-32"
38,0.0015904041268359,0.52,50,12,32,64,1.31252207592523E-05,1.32261300352153E-06,"/home/werner/al-benchmark/runs/Splice/evaluate_config_2023-03-01_10-31-37/evaluate_config_dd2d5_00038_38_h1=12,h2=32,h3=64,lr=0.0000,weight_decay=0.0000_2023-03-01_10-34-49"
39,0.0015854530224854,0.52,50,12,16,32,5.66484411847116E-05,2.84237645190477E-07,"/home/werner/al-benchmark/runs/Splice/evaluate_config_2023-03-01_10-31-37/evaluate_config_dd2d5_00039_39_h1=12,h2=16,h3=32,lr=0.0001,weight_decay=0.0000_2023-03-01_10-34-49"
41,0.0015898070390197,0.52,50,12,16,32,1.36911829371585E-05,4.75534988387892E-05,"/home/werner/al-benchmark/runs/Splice/evaluate_config_2023-03-01_10-31-37/evaluate_config_dd2d5_00041_41_h1=12,h2=16,h3=32,lr=0.0000,weight_decay=0.0000_2023-03-01_10-34-50"
50,0.0015809750282901,0.52,50,32,0,64,2.46549428431349E-05,8.46090724483623E-06,"/home/werner/al-benchmark/runs/Splice/evaluate_config_2023-03-01_10-31-37/evaluate_config_dd2d5_00050_50_h1=32,h2=0,h3=64,lr=0.0000,weight_decay=0.0000_2023-03-01_10-36-07"
68,0.001582544918718,0.52,50,12,12,0,4.1831670840101E-05,1.01279905711539E-08,"/home/werner/al-benchmark/runs/Splice/evaluate_config_2023-03-01_10-31-37/evaluate_config_dd2d5_00068_68_h1=12,h2=12,h3=0,lr=0.0000,weight_decay=0.0000_2023-03-01_10-38-00"
69,0.0015823531150817,0.52,50,64,0,0,1.64434499188157E-06,1.26753586015346E-06,"/home/werner/al-benchmark/runs/Splice/evaluate_config_2023-03-01_10-31-37/evaluate_config_dd2d5_00069_69_h1=64,h2=0,h3=0,lr=0.0000,weight_decay=0.0000_2023-03-01_10-38-01"
70,0.001587435240033,0.52,50,64,16,64,2.47490692975443E-05,0.000280921089080774,"/home/werner/al-benchmark/runs/Splice/evaluate_config_2023-03-01_10-31-37/evaluate_config_dd2d5_00070_70_h1=64,h2=16,h3=64,lr=0.0000,weight_decay=0.0003_2023-03-01_10-38-03"
79,0.0015686592562445,0.52,50,32,12,32,5.42741177609726E-05,9.62766781969394E-06,"/home/werner/al-benchmark/runs/Splice/evaluate_config_2023-03-01_10-31-37/evaluate_config_dd2d5_00079_79_h1=32,h2=12,h3=32,lr=0.0001,weight_decay=0.0000_2023-03-01_10-38-53"
82,0.0015904085115454,0.52,50,16,12,16,1.80391634478254E-05,4.58659549068027E-07,"/home/werner/al-benchmark/runs/Splice/evaluate_config_2023-03-01_10-31-37/evaluate_config_dd2d5_00082_82_h1=16,h2=12,h3=16,lr=0.0000,weight_decay=0.0000_2023-03-01_10-39-13"
86,0.001589155416379,0.52,50,64,64,0,5.20476942738882E-06,1.36066186118005E-06,"/home/werner/al-benchmark/runs/Splice/evaluate_config_2023-03-01_10-31-37/evaluate_config_dd2d5_00086_86_h1=64,h2=64,h3=0,lr=0.0000,weight_decay=0.0000_2023-03-01_10-39-23"
90,0.0015912014862586,0.52,50,64,32,64,3.20355194133991E-06,0.000264469657441181,"/home/werner/al-benchmark/runs/Splice/evaluate_config_2023-03-01_10-31-37/evaluate_config_dd2d5_00090_90_h1=64,h2=32,h3=64,lr=0.0000,weight_decay=0.0003_2023-03-01_10-39-35"
96,0.0015884616457182,0.52,50,12,32,0,2.52700339550192E-05,1.90647846381134E-07,"/home/werner/al-benchmark/runs/Splice/evaluate_config_2023-03-01_10-31-37/evaluate_config_dd2d5_00096_96_h1=12,h2=32,h3=0,lr=0.0000,weight_decay=0.0000_2023-03-01_10-40-25"
97,0.0015865459935418,0.52,50,12,64,128,4.3896199726356E-05,8.33199943418838E-05,"/home/werner/al-benchmark/runs/Splice/evaluate_config_2023-03-01_10-31-37/evaluate_config_dd2d5_00097_97_h1=12,h2=64,h3=128,lr=0.0000,weight_decay=0.0001_2023-03-01_10-40-29"
99,0.0015753811255268,0.52,50,12,32,0,3.12789297637705E-05,6.02113720410201E-06,"/home/werner/al-benchmark/runs/Splice/evaluate_config_2023-03-01_10-31-37/evaluate_config_dd2d5_00099_99_h1=12,h2=32,h3=0,lr=0.0000,weight_decay=0.0000_2023-03-01_10-40-31"
28,0.0015933052972815,0.507126436781609,50,16,32,128,6.65046357228409E-06,7.22383234021604E-06,"/home/werner/al-benchmark/runs/Splice/evaluate_config_2023-03-01_10-31-37/evaluate_config_dd2d5_00028_28_h1=16,h2=32,h3=128,lr=0.0000,weight_decay=0.0000_2023-03-01_10-33-35"
10,0.0015935670370343,0.502528735632184,50,16,0,32,6.14057656895248E-06,1.06564974097425E-05,"/home/werner/al-benchmark/runs/Splice/evaluate_config_2023-03-01_10-31-37/evaluate_config_dd2d5_00010_10_h1=16,h2=0,h3=32,lr=0.0000,weight_decay=0.0000_2023-03-01_10-31-41"
3,0.0015936656655936,0.491954022988506,50,16,64,128,5.80531765170827E-06,1.92654541268601E-08,"/home/werner/al-benchmark/runs/Splice/evaluate_config_2023-03-01_10-31-37/evaluate_config_dd2d5_00003_3_h1=16,h2=64,h3=128,lr=0.0000,weight_decay=0.0000_2023-03-01_10-31-41"
1,0.001602984077629,0.48,50,16,16,64,8.95344507811579E-06,2.5951275103781E-05,"/home/werner/al-benchmark/runs/Splice/evaluate_config_2023-03-01_10-31-37/evaluate_config_dd2d5_00001_1_h1=16,h2=16,h3=64,lr=0.0000,weight_decay=0.0000_2023-03-01_10-31-41"
17,0.0016098997236668,0.48,50,12,64,32,1.65542235165585E-05,0.00013860907610375,"/home/werner/al-benchmark/runs/Splice/evaluate_config_2023-03-01_10-31-37/evaluate_config_dd2d5_00017_17_h1=12,h2=64,h3=32,lr=0.0000,weight_decay=0.0001_2023-03-01_10-33-15"
42,0.0016105176388532,0.48,50,8,32,32,2.7288409257537E-06,0.000452411960251634,"/home/werner/al-benchmark/runs/Splice/evaluate_config_2023-03-01_10-31-37/evaluate_config_dd2d5_00042_42_h1=8,h2=32,h3=32,lr=0.0000,weight_decay=0.0005_2023-03-01_10-34-52"
43,0.0016058521161134,0.48,50,64,32,16,1.31251251811867E-05,3.86090535426717E-07,"/home/werner/al-benchmark/runs/Splice/evaluate_config_2023-03-01_10-31-37/evaluate_config_dd2d5_00043_43_h1=64,h2=32,h3=16,lr=0.0000,weight_decay=0.0000_2023-03-01_10-34-52"
46,0.0016323786768419,0.48,50,32,16,0,1.68465279281011E-06,0.000155429382835526,"/home/werner/al-benchmark/runs/Splice/evaluate_config_2023-03-01_10-31-37/evaluate_config_dd2d5_00046_46_h1=32,h2=16,h3=0,lr=0.0000,weight_decay=0.0002_2023-03-01_10-34-53"
61,0.0016015259150801,0.48,50,16,64,128,5.71516962063169E-06,1.52986397274117E-08,"/home/werner/al-benchmark/runs/Splice/evaluate_config_2023-03-01_10-31-37/evaluate_config_dd2d5_00061_61_h1=16,h2=64,h3=128,lr=0.0000,weight_decay=0.0000_2023-03-01_10-36-48"
66,0.0015998374182602,0.48,50,12,64,16,1.2255290397658E-06,6.27255695103935E-08,"/home/werner/al-benchmark/runs/Splice/evaluate_config_2023-03-01_10-31-37/evaluate_config_dd2d5_00066_66_h1=12,h2=64,h3=16,lr=0.0000,weight_decay=0.0000_2023-03-01_10-37-55"
71,0.001663941953374,0.48,50,32,16,0,1.87246872398159E-06,1.03026727433631E-08,"/home/werner/al-benchmark/runs/Splice/evaluate_config_2023-03-01_10-31-37/evaluate_config_dd2d5_00071_71_h1=32,h2=16,h3=0,lr=0.0000,weight_decay=0.0000_2023-03-01_10-38-09"
72,0.0016051800771691,0.48,50,32,32,16,1.12450768510476E-06,2.05287864614489E-05,"/home/werner/al-benchmark/runs/Splice/evaluate_config_2023-03-01_10-31-37/evaluate_config_dd2d5_00072_72_h1=32,h2=32,h3=16,lr=0.0000,weight_decay=0.0000_2023-03-01_10-38-12"
77,0.0015935062814032,0.48,50,64,16,32,7.03663472691641E-06,1.5762982538571E-06,"/home/werner/al-benchmark/runs/Splice/evaluate_config_2023-03-01_10-31-37/evaluate_config_dd2d5_00077_77_h1=64,h2=16,h3=32,lr=0.0000,weight_decay=0.0000_2023-03-01_10-38-29"
87,0.0016398984810401,0.48,50,8,32,32,1.65708667988702E-05,3.07782229302647E-06,"/home/werner/al-benchmark/runs/Splice/evaluate_config_2023-03-01_10-31-37/evaluate_config_dd2d5_00087_87_h1=8,h2=32,h3=32,lr=0.0000,weight_decay=0.0000_2023-03-01_10-39-27"
30,0.001602182223879,0.470344827586207,50,12,0,0,5.41959851388474E-06,0.000154814084095188,"/home/werner/al-benchmark/runs/Splice/evaluate_config_2023-03-01_10-31-37/evaluate_config_dd2d5_00030_30_h1=12,h2=0,h3=0,lr=0.0000,weight_decay=0.0002_2023-03-01_10-33-35"
