,0,1,2,3,4,5
0,0.5370114942528735,0.52,0.5678160919540229,0.52,0.52,0.52
1,0.48,0.519080459770115,0.4914942528735632,0.5195402298850574,0.52,0.52
2,0.48,0.6331034482758621,0.48,0.52,0.48,0.52
3,0.48,0.5701149425287356,0.48,0.52,0.48,0.52
4,0.48,0.5020689655172413,0.48,0.52,0.48,0.52
5,0.48,0.4813793103448275,0.48,0.52,0.48,0.52
6,0.48,0.48,0.48,0.52,0.48,0.52
7,0.48,0.48,0.48,0.519080459770115,0.48,0.52
8,0.48,0.48,0.48,0.5213793103448275,0.48,0.600919540229885
9,0.480919540229885,0.48,0.48,0.5457471264367816,0.48,0.6004597701149426
10,0.5089655172413793,0.48,0.4882758620689655,0.5981609195402299,0.48,0.6133333333333333
11,0.5094252873563219,0.4804597701149425,0.4896551724137931,0.6308045977011494,0.48,0.6528735632183909
12,0.5071264367816092,0.4813793103448275,0.4933333333333333,0.6197701149425288,0.48,0.6436781609195402
13,0.5186206896551724,0.4822988505747126,0.4937931034482758,0.6220689655172413,0.48,0.6271264367816092
14,0.504367816091954,0.4836781609195402,0.4983908045977011,0.6202298850574712,0.48,0.5903448275862069
15,0.5416091954022989,0.4827586206896552,0.5011494252873563,0.576551724137931,0.48,0.5797701149425287
16,0.5535632183908046,0.4933333333333333,0.5163218390804598,0.5204597701149425,0.48,0.568735632183908
17,0.5457471264367816,0.5144827586206897,0.5310344827586206,0.543448275862069,0.48,0.5857471264367816
18,0.5558620689655173,0.5250574712643679,0.5439080459770115,0.5420689655172414,0.48,0.6593103448275862
19,0.56,0.5420689655172414,0.5282758620689655,0.5517241379310345,0.48,0.6114942528735632
20,0.5549425287356322,0.5471264367816092,0.4850574712643678,0.5590804597701149,0.48,0.5696551724137932
21,0.5429885057471264,0.5094252873563219,0.4864367816091954,0.5480459770114943,0.48,0.6193103448275862
22,0.5209195402298851,0.4845977011494253,0.5218390804597701,0.5705747126436782,0.48,0.6427586206896552
23,0.4836781609195402,0.4845977011494253,0.5406896551724137,0.5820689655172414,0.48,0.6262068965517241
24,0.5020689655172413,0.5039080459770114,0.5526436781609195,0.5673563218390805,0.48,0.5797701149425287
25,0.5806896551724138,0.5259770114942529,0.5503448275862068,0.5131034482758621,0.48,0.5475862068965517
26,0.6418390804597701,0.5333333333333333,0.5462068965517242,0.5029885057471264,0.48,0.5737931034482758
27,0.6354022988505748,0.5291954022988505,0.5632183908045977,0.6289655172413793,0.48,0.6372413793103449
28,0.6032183908045977,0.527816091954023,0.5756321839080459,0.6537931034482759,0.48,0.6611494252873563
29,0.5636781609195403,0.543448275862069,0.5898850574712644,0.6271264367816092,0.48,0.6818390804597702
30,0.5650574712643678,0.5650574712643678,0.6202298850574712,0.584367816091954,0.48,0.6905747126436782
31,0.6160919540229886,0.5944827586206897,0.6464367816091954,0.52,0.48,0.6836781609195403
32,0.6445977011494253,0.5756321839080459,0.6505747126436782,0.6036781609195402,0.48,0.6358620689655172
33,0.6381609195402299,0.5632183908045977,0.654712643678161,0.6422988505747127,0.48,0.5365517241379311
34,0.6340229885057471,0.5517241379310345,0.6372413793103449,0.6114942528735632,0.48,0.5517241379310345
35,0.6032183908045977,0.5875862068965517,0.6059770114942529,0.5075862068965518,0.4813793103448275,0.6850574712643678
36,0.5829885057471265,0.6588505747126436,0.5282758620689655,0.6832183908045977,0.4836781609195402,0.7250574712643678
37,0.5977011494252874,0.6937931034482758,0.5521839080459771,0.6878160919540229,0.4951724137931034,0.7310344827586207
38,0.6239080459770115,0.672183908045977,0.64,0.6878160919540229,0.503448275862069,0.7250574712643678
39,0.6294252873563219,0.5949425287356321,0.6588505747126436,0.6873563218390805,0.5057471264367817,0.7264367816091954
40,0.6331034482758621,0.5066666666666667,0.663448275862069,0.6868965517241379,0.5108045977011494,0.7245977011494252
41,0.6225287356321839,0.6229885057471264,0.6620689655172414,0.6859770114942528,0.5172413793103449,0.7264367816091954
42,0.5935632183908046,0.6845977011494253,0.6657471264367816,0.6767816091954023,0.5236781609195402,0.7324137931034482
43,0.6620689655172414,0.6956321839080459,0.6662068965517242,0.647816091954023,0.5204597701149425,0.7324137931034482
44,0.6726436781609195,0.704367816091954,0.6689655172413793,0.4832183908045977,0.5291954022988505,0.6358620689655172
45,0.6754022988505747,0.6942528735632184,0.6698850574712644,0.6887356321839081,0.5135632183908045,0.5337931034482759
46,0.6579310344827586,0.7273563218390805,0.6717241379310345,0.6933333333333334,0.5098850574712643,0.7232183908045977
47,0.6551724137931034,0.7213793103448276,0.6197701149425288,0.6988505747126437,0.4983908045977011,0.7264367816091954
48,0.5935632183908046,0.7190804597701149,0.5259770114942529,0.6979310344827586,0.5209195402298851,0.7374712643678161
49,0.6731034482758621,0.7062068965517241,0.6036781609195402,0.6845977011494253,0.5255172413793103,0.7388505747126437
50,0.6878160919540229,0.7167816091954023,0.6924137931034483,0.6859770114942528,0.5273563218390804,0.7452873563218391
51,0.6910344827586207,0.6993103448275862,0.6533333333333333,0.7080459770114943,0.5402298850574713,0.7397701149425288
52,0.6868965517241379,0.7011494252873564,0.5825287356321839,0.7094252873563218,0.5172413793103449,0.7462068965517241
53,0.6850574712643678,0.7167816091954023,0.616551724137931,0.7025287356321839,0.5793103448275863,0.7393103448275862
54,0.696551724137931,0.6919540229885057,0.7025287356321839,0.7117241379310345,0.5958620689655172,0.7439080459770115
55,0.7006896551724138,0.647816091954023,0.7098850574712644,0.6666666666666666,0.5926436781609196,0.7411494252873563
56,0.5917241379310345,0.5296551724137931,0.6960919540229885,0.5655172413793104,0.5954022988505747,0.7402298850574712
57,0.6694252873563218,0.4855172413793103,0.6744827586206896,0.6887356321839081,0.5820689655172414,0.7457471264367816
58,0.6786206896551724,0.7342528735632184,0.5618390804597702,0.6901149425287356,0.5154022988505748,0.7457471264367816
59,0.679080459770115,0.7103448275862069,0.7255172413793104,0.6685057471264367,0.5954022988505747,0.7425287356321839
60,0.6864367816091954,0.72,0.7296551724137931,0.7020689655172414,0.7094252873563218,0.7370114942528736
61,0.6993103448275862,0.7186206896551725,0.6951724137931035,0.6970114942528736,0.6827586206896552,0.7420689655172413
62,0.7117241379310345,0.7402298850574712,0.6206896551724138,0.7016091954022988,0.6924137931034483,0.7508045977011494
63,0.7089655172413794,0.743448275862069,0.7195402298850575,0.6997701149425287,0.6027586206896551,0.7480459770114942
64,0.6652873563218391,0.7328735632183908,0.727816091954023,0.6735632183908046,0.6022988505747127,0.7379310344827587
65,0.6202298850574712,0.7402298850574712,0.7259770114942529,0.6588505747126436,0.6822988505747126,0.7480459770114942
66,0.5590804597701149,0.7595402298850574,0.7117241379310345,0.5089655172413793,0.7020689655172414,0.7425287356321839
67,0.7048275862068966,0.7089655172413794,0.7255172413793104,0.7002298850574713,0.5517241379310345,0.5889655172413794
68,0.7085057471264368,0.752183908045977,0.7186206896551725,0.7020689655172414,0.6432183908045978,0.7374712643678161
69,0.7126436781609196,0.7314942528735632,0.7301149425287357,0.7213793103448276,0.6937931034482758,0.7457471264367816
70,0.712183908045977,0.7370114942528736,0.7310344827586207,0.7163218390804598,0.6211494252873563,0.7383908045977011
71,0.7181609195402299,0.7498850574712643,0.7314942528735632,0.7011494252873564,0.5549425287356322,0.7425287356321839
72,0.7172413793103448,0.7342528735632184,0.7232183908045977,0.7112643678160919,0.6473563218390804,0.7420689655172413
73,0.7195402298850575,0.5944827586206897,0.7314942528735632,0.6772413793103448,0.6970114942528736,0.7420689655172413
74,0.713103448275862,0.4937931034482758,0.7342528735632184,0.6855172413793104,0.7080459770114943,0.7379310344827587
75,0.7098850574712644,0.7273563218390805,0.7342528735632184,0.7291954022988506,0.7011494252873564,0.7402298850574712
76,0.7218390804597701,0.7328735632183908,0.7066666666666667,0.7241379310344828,0.6294252873563219,0.7351724137931035
77,0.7112643678160919,0.7172413793103448,0.6891954022988506,0.6832183908045977,0.7057471264367816,0.7291954022988506
78,0.72,0.72,0.7425287356321839,0.5664367816091954,0.7503448275862069,0.743448275862069
79,0.7232183908045977,0.7140229885057471,0.7452873563218391,0.6542528735632184,0.6611494252873563,0.7342528735632184
80,0.7236781609195402,0.72,0.7213793103448276,0.5526436781609195,0.5751724137931035,0.7094252873563218
81,0.727816091954023,0.6928735632183908,0.7195402298850575,0.736551724137931,0.5839080459770115,0.6303448275862069
82,0.7301149425287357,0.5806896551724138,0.7480459770114942,0.7333333333333333,0.7351724137931035,0.5494252873563218
83,0.7177011494252874,0.5609195402298851,0.7494252873563219,0.7393103448275862,0.7190804597701149,0.7411494252873563
84,0.6413793103448275,0.7333333333333333,0.6528735632183909,0.7457471264367816,0.7144827586206897,0.7508045977011494
85,0.7319540229885058,0.7475862068965518,0.7177011494252874,0.7305747126436781,0.7622988505747127,0.7411494252873563
86,0.7370114942528736,0.7448275862068966,0.743448275862069,0.7402298850574712,0.6970114942528736,0.7374712643678161
87,0.7374712643678161,0.7448275862068966,0.7337931034482759,0.7429885057471264,0.7144827586206897,0.7466666666666667
88,0.7388505747126437,0.7379310344827587,0.5811494252873564,0.7425287356321839,0.7452873563218391,0.7360919540229885
89,0.7117241379310345,0.7374712643678161,0.7025287356321839,0.7429885057471264,0.6813793103448276,0.7374712643678161
90,0.7259770114942529,0.7388505747126437,0.7397701149425288,0.744367816091954,0.7641379310344828,0.7618390804597701
91,0.7439080459770115,0.7462068965517241,0.7259770114942529,0.7420689655172413,0.5517241379310345,0.7485057471264368
92,0.736551724137931,0.7613793103448275,0.7429885057471264,0.7411494252873563,0.7742528735632184,0.7485057471264368
93,0.744367816091954,0.744367816091954,0.744367816091954,0.7342528735632184,0.7305747126436781,0.7632183908045977
94,0.7397701149425288,0.7319540229885058,0.7190804597701149,0.736551724137931,0.7066666666666667,0.7627586206896552
95,0.7462068965517241,0.7480459770114942,0.7351724137931035,0.7535632183908046,0.743448275862069,0.7705747126436782
96,0.7397701149425288,0.7526436781609196,0.7232183908045977,0.752183908045977,0.7687356321839081,0.7296551724137931
97,0.7503448275862069,0.7485057471264368,0.7066666666666667,0.7462068965517241,0.7595402298850574,0.7471264367816092
98,0.7452873563218391,0.7475862068965518,0.7485057471264368,0.7457471264367816,0.5439080459770115,0.752183908045977
99,0.743448275862069,0.7503448275862069,0.7411494252873563,0.7416091954022989,0.664367816091954,0.7351724137931035
100,0.7503448275862069,0.7531034482758621,0.7379310344827587,0.7393103448275862,0.7710344827586207,0.7319540229885058
101,0.543448275862069,0.7508045977011494,0.7439080459770115,0.7540229885057471,0.7374712643678161,0.7429885057471264
102,0.7462068965517241,0.7370114942528736,0.7439080459770115,0.7540229885057471,0.7498850574712643,0.7402298850574712
103,0.7425287356321839,0.7517241379310344,0.7429885057471264,0.7471264367816092,0.76,0.7448275862068966
104,0.759080459770115,0.7544827586206897,0.7319540229885058,0.7535632183908046,0.7774712643678161,0.7439080459770115
105,0.7581609195402299,0.7581609195402299,0.7457471264367816,0.7485057471264368,0.7797701149425287,0.7388505747126437
106,0.7549425287356322,0.7567816091954023,0.7416091954022989,0.7485057471264368,0.7816091954022989,0.7517241379310344
107,0.7195402298850575,0.4841379310344827,0.7448275862068966,0.7498850574712643,0.7802298850574713,0.6947126436781609
108,0.7383908045977011,0.735632183908046,0.7416091954022989,0.7485057471264368,0.7742528735632184,0.7177011494252874
109,0.7494252873563219,0.6317241379310344,0.7411494252873563,0.7494252873563219,0.7802298850574713,0.7379310344827587
110,0.752183908045977,0.7213793103448276,0.7416091954022989,0.7503448275862069,0.7811494252873563,0.7406896551724138
111,0.7586206896551724,0.7158620689655173,0.7337931034482759,0.7498850574712643,0.7797701149425287,0.7416091954022989
112,0.7498850574712643,0.767816091954023,0.5273563218390804,0.7498850574712643,0.776551724137931,0.7494252873563219
113,0.7613793103448275,0.7448275862068966,0.720919540229885,0.7498850574712643,0.7820689655172414,0.7425287356321839
114,0.7627586206896552,0.7554022988505747,0.7140229885057471,0.6868965517241379,0.7793103448275862,0.7420689655172413
115,0.759080459770115,0.7701149425287356,0.7370114942528736,0.7595402298850574,0.782528735632184,0.743448275862069
116,0.7632183908045977,0.7691954022988505,0.7319540229885058,0.7595402298850574,0.7820689655172414,0.743448275862069
117,0.7650574712643678,0.7710344827586207,0.736551724137931,0.743448275862069,0.7848275862068965,0.7485057471264368
118,0.7627586206896552,0.7742528735632184,0.7466666666666667,0.7577011494252873,0.7793103448275862,0.7517241379310344
119,0.7691954022988505,0.7724137931034483,0.7420689655172413,0.7655172413793103,0.7839080459770115,0.7420689655172413
120,0.7687356321839081,0.7687356321839081,0.727816091954023,0.7393103448275862,0.783448275862069,0.720919540229885
121,0.7664367816091954,0.7577011494252873,0.728735632183908,0.7581609195402299,0.7871264367816092,0.7374712643678161
122,0.7701149425287356,0.7577011494252873,0.7268965517241379,0.7664367816091954,0.7793103448275862,0.7503448275862069
123,0.7710344827586207,0.6501149425287356,0.7268965517241379,0.7622988505747127,0.7503448275862069,0.751264367816092
124,0.7572413793103449,0.7705747126436782,0.7264367816091954,0.7595402298850574,0.7397701149425288,0.7554022988505747
125,0.7673563218390804,0.7705747126436782,0.7305747126436781,0.7577011494252873,0.5397701149425287,0.7531034482758621
126,0.7682758620689655,0.7282758620689656,0.743448275862069,0.7618390804597701,0.6795402298850575,0.7650574712643678
127,0.7664367816091954,0.7866666666666666,0.7305747126436781,0.7549425287356322,0.6947126436781609,0.7567816091954023
128,0.7682758620689655,0.7903448275862069,0.727816091954023,0.7535632183908046,0.6059770114942529,0.7650574712643678
129,0.7687356321839081,0.782528735632184,0.7406896551724138,0.7572413793103449,0.775632183908046,0.7664367816091954
130,0.7618390804597701,0.7806896551724138,0.7351724137931035,0.7595402298850574,0.7848275862068965,0.7655172413793103
131,0.7691954022988505,0.7751724137931034,0.7241379310344828,0.7664367816091954,0.7862068965517242,0.7604597701149425
132,0.7655172413793103,0.782528735632184,0.743448275862069,0.7236781609195402,0.7866666666666666,0.7604597701149425
133,0.766896551724138,0.7733333333333333,0.7374712643678161,0.7563218390804598,0.7898850574712644,0.7641379310344828
134,0.7737931034482759,0.7783908045977012,0.7411494252873563,0.7333333333333333,0.7885057471264367,0.7627586206896552
135,0.7724137931034483,0.7751724137931034,0.744367816091954,0.7604597701149425,0.7880459770114943,0.7659770114942529
136,0.774712643678161,0.7779310344827586,0.6445977011494253,0.7705747126436782,0.7903448275862069,0.7650574712643678
137,0.7728735632183908,0.4822988505747126,0.7305747126436781,0.7370114942528736,0.7889655172413793,0.7655172413793103
138,0.7751724137931034,0.7889655172413793,0.7439080459770115,0.7650574712643678,0.791264367816092,0.7655172413793103
139,0.7724137931034483,0.7370114942528736,0.7448275862068966,0.767816091954023,0.7917241379310345,0.6951724137931035
140,0.7719540229885058,0.7935632183908046,0.7531034482758621,0.7710344827586207,0.7903448275862069,0.7613793103448275
141,0.7724137931034483,0.7935632183908046,0.7544827586206897,0.7645977011494253,0.7889655172413793,0.7360919540229885
142,0.7719540229885058,0.7954022988505747,0.7531034482758621,0.6459770114942529,0.7885057471264367,0.7613793103448275
143,0.7149425287356321,0.7940229885057472,0.7540229885057471,0.7586206896551724,0.791264367816092,0.7691954022988505
144,0.7839080459770115,0.7935632183908046,0.7531034482758621,0.7609195402298851,0.7908045977011494,0.7595402298850574
145,0.782528735632184,0.7926436781609195,0.7540229885057471,0.7475862068965518,0.7894252873563219,0.7586206896551724
146,0.7728735632183908,0.7949425287356322,0.7429885057471264,0.7696551724137931,0.792183908045977,0.7622988505747127
147,0.7806896551724138,0.7020689655172414,0.7558620689655172,0.5917241379310345,0.7926436781609195,0.7554022988505747
148,0.7806896551724138,0.7958620689655173,0.7544827586206897,0.7526436781609196,0.792183908045977,0.7540229885057471
149,0.7816091954022989,0.7903448275862069,0.7554022988505747,0.7650574712643678,0.7940229885057472,0.76
150,0.774712643678161,0.7783908045977012,0.7540229885057471,0.7682758620689655,0.7958620689655173,0.7622988505747127
151,0.7783908045977012,0.7797701149425287,0.7567816091954023,0.7687356321839081,0.5705747126436782,0.7655172413793103
152,0.7806896551724138,0.807816091954023,0.7549425287356322,0.767816091954023,0.5719540229885057,0.7622988505747127
153,0.7737931034482759,0.8036781609195403,0.7558620689655172,0.7682758620689655,0.7296551724137931,0.7682758620689655
154,0.7829885057471264,0.8082758620689655,0.728735632183908,0.7714942528735632,0.696551724137931,0.7632183908045977
155,0.7839080459770115,0.8050574712643678,0.7305747126436781,0.774712643678161,0.8,0.7701149425287356
156,0.7880459770114943,0.8064367816091954,0.7540229885057471,0.7705747126436782,0.7862068965517242,0.7691954022988505
157,0.784367816091954,0.8096551724137931,0.7301149425287357,0.7705747126436782,0.7903448275862069,0.7719540229885058
158,0.7862068965517242,0.8068965517241379,0.7609195402298851,0.7760919540229885,0.7866666666666666,0.7567816091954023
159,0.7857471264367816,0.8059770114942528,0.7779310344827586,0.7783908045977012,0.7802298850574713,0.7733333333333333
160,0.7889655172413793,0.8073563218390805,0.7714942528735632,0.5204597701149425,0.8009195402298851,0.7733333333333333
161,0.7926436781609195,0.8059770114942528,0.766896551724138,0.7802298850574713,0.8105747126436782,0.7737931034482759
162,0.7926436781609195,0.8087356321839081,0.7728735632183908,0.782528735632184,0.8013793103448276,0.7742528735632184
163,0.7954022988505747,0.8105747126436782,0.774712643678161,0.782528735632184,0.7250574712643678,0.7733333333333333
164,0.7931034482758621,0.8091954022988506,0.7751724137931034,0.7829885057471264,0.7958620689655173,0.7728735632183908
165,0.7903448275862069,0.8142528735632184,0.7806896551724138,0.7871264367816092,0.76,0.7751724137931034
166,0.7940229885057472,0.8170114942528736,0.7797701149425287,0.7797701149425287,0.8082758620689655,0.774712643678161
167,0.7958620689655173,0.8156321839080459,0.7737931034482759,0.7811494252873563,0.8013793103448276,0.7737931034482759
168,0.7967816091954023,0.8170114942528736,0.7742528735632184,0.7871264367816092,0.8032183908045977,0.766896551724138
169,0.7958620689655173,0.8087356321839081,0.7820689655172414,0.7926436781609195,0.8059770114942528,0.7742528735632184
170,0.7917241379310345,0.6827586206896552,0.7816091954022989,0.7944827586206896,0.8068965517241379,0.7701149425287356
171,0.7963218390804597,0.8073563218390805,0.783448275862069,0.6174712643678161,0.8073563218390805,0.7604597701149425
172,0.7328735632183908,0.8073563218390805,0.7875862068965517,0.7875862068965517,0.8110344827586207,0.7696551724137931
173,0.7852873563218391,0.8119540229885057,0.7885057471264367,0.7342528735632184,0.8105747126436782,0.7622988505747127
174,0.7696551724137931,0.8105747126436782,0.7903448275862069,0.7632183908045977,0.8041379310344827,0.7742528735632184
175,0.7866666666666666,0.8156321839080459,0.7871264367816092,0.7885057471264367,0.8027586206896552,0.7411494252873563
176,0.7889655172413793,0.8128735632183908,0.7760919540229885,0.7880459770114943,0.8032183908045977,0.7641379310344828
177,0.7866666666666666,0.8124137931034483,0.6248275862068966,0.7986206896551724,0.8096551724137931,0.7632183908045977
178,0.7857471264367816,0.8055172413793104,0.7710344827586207,0.7963218390804597,0.8101149425287356,0.5351724137931034
179,0.7852873563218391,0.8124137931034483,0.792183908045977,0.7604597701149425,0.8128735632183908,0.7641379310344828
180,0.783448275862069,0.8128735632183908,0.7848275862068965,0.7917241379310345,0.8147126436781609,0.7595402298850574
181,0.7806896551724138,0.8174712643678161,0.7852873563218391,0.7944827586206896,0.8124137931034483,0.7563218390804598
182,0.7802298850574713,0.8151724137931035,0.7949425287356322,0.7949425287356322,0.8124137931034483,0.7613793103448275
183,0.7829885057471264,0.8165517241379311,0.7949425287356322,0.7995402298850575,0.8128735632183908,0.7632183908045977
184,0.7852873563218391,0.8160919540229885,0.7839080459770115,0.7894252873563219,0.8105747126436782,0.7604597701149425
185,0.7783908045977012,0.8165517241379311,0.7963218390804597,0.7954022988505747,0.8105747126436782,0.76
186,0.7503448275862069,0.8151724137931035,0.7972413793103448,0.7931034482758621,0.8101149425287356,0.7728735632183908
187,0.7034482758620689,0.8119540229885057,0.7949425287356322,0.799080459770115,0.8087356321839081,0.7742528735632184
188,0.7829885057471264,0.6928735632183908,0.799080459770115,0.8022988505747126,0.8096551724137931,0.759080459770115
189,0.7908045977011494,0.8188505747126437,0.8022988505747126,0.799080459770115,0.8105747126436782,0.7673563218390804
190,0.7857471264367816,0.8234482758620689,0.8009195402298851,0.8004597701149425,0.8101149425287356,0.7802298850574713
191,0.6855172413793104,0.8216091954022988,0.6055172413793104,0.7986206896551724,0.8124137931034483,0.7816091954022989
192,0.7880459770114943,0.8124137931034483,0.6151724137931035,0.7898850574712644,0.8137931034482758,0.7724137931034483
193,0.7737931034482759,0.8220689655172414,0.7940229885057472,0.7940229885057472,0.8133333333333334,0.774712643678161
194,0.7806896551724138,0.8202298850574713,0.8018390804597701,0.7783908045977012,0.7806896551724138,0.7802298850574713
195,0.783448275862069,0.8206896551724138,0.7857471264367816,0.7940229885057472,0.7931034482758621,0.7724137931034483
196,0.7848275862068965,0.8188505747126437,0.8124137931034483,0.7898850574712644,0.8087356321839081,0.7839080459770115
197,0.8059770114942528,0.8183908045977012,0.8022988505747126,0.7885057471264367,0.8096551724137931,0.7742528735632184
198,0.76,0.8197701149425287,0.8027586206896552,0.7857471264367816,0.8128735632183908,0.7742528735632184
199,0.7926436781609195,0.8183908045977012,0.8027586206896552,0.6285057471264368,0.8101149425287356,0.7774712643678161
200,0.784367816091954,0.6289655172413793,0.8022988505747126,0.7935632183908046,0.8119540229885057,0.7572413793103449
201,0.7871264367816092,0.8354022988505747,0.8004597701149425,0.7802298850574713,0.8114942528735632,0.7374712643678161
202,0.7866666666666666,0.8275862068965517,0.8045977011494253,0.8,0.8091954022988506,0.6533333333333333
203,0.7857471264367816,0.8248275862068966,0.8027586206896552,0.799080459770115,0.807816091954023,0.6501149425287356
204,0.7862068965517242,0.8147126436781609,0.8022988505747126,0.7986206896551724,0.8096551724137931,0.7940229885057472
205,0.784367816091954,0.8101149425287356,0.8041379310344827,0.8032183908045977,0.8119540229885057,0.7958620689655173
206,0.7871264367816092,0.824367816091954,0.8073563218390805,0.8013793103448276,0.8110344827586207,0.7871264367816092
207,0.7944827586206896,0.8193103448275862,0.8050574712643678,0.8045977011494253,0.6160919540229886,0.7793103448275862
208,0.7898850574712644,0.824367816091954,0.7967816091954023,0.8018390804597701,0.8124137931034483,0.791264367816092
209,0.7967816091954023,0.8211494252873563,0.8009195402298851,0.8018390804597701,0.8160919540229885,0.8004597701149425
210,0.7963218390804597,0.8206896551724138,0.7954022988505747,0.8,0.8202298850574713,0.7908045977011494
211,0.7972413793103448,0.8202298850574713,0.8055172413793104,0.8009195402298851,0.8229885057471265,0.6616091954022989
212,0.7944827586206896,0.8179310344827586,0.8096551724137931,0.8018390804597701,0.8220689655172414,0.6901149425287356
213,0.7935632183908046,0.8211494252873563,0.8032183908045977,0.7480459770114942,0.8239080459770115,0.8004597701149425
214,0.7954022988505747,0.8220689655172414,0.8068965517241379,0.8041379310344827,0.825287356321839,0.8087356321839081
215,0.8068965517241379,0.8225287356321839,0.8013793103448276,0.7977011494252874,0.824367816091954,0.8082758620689655
216,0.8045977011494253,0.8220689655172414,0.807816091954023,0.8013793103448276,0.8248275862068966,0.8096551724137931
217,0.8036781609195403,0.8229885057471265,0.791264367816092,0.8032183908045977,0.8206896551724138,0.8027586206896552
218,0.8045977011494253,0.8216091954022988,0.8101149425287356,0.8041379310344827,0.8064367816091954,0.8064367816091954
219,0.8032183908045977,0.8317241379310345,0.8193103448275862,0.8059770114942528,0.8188505747126437,0.7995402298850575
220,0.8068965517241379,0.8308045977011494,0.8206896551724138,0.8064367816091954,0.8165517241379311,0.8041379310344827
221,0.8055172413793104,0.8289655172413793,0.8211494252873563,0.8018390804597701,0.8179310344827586,0.8032183908045977
222,0.8059770114942528,0.8303448275862069,0.7820689655172414,0.8045977011494253,0.8147126436781609,0.8045977011494253
223,0.8073563218390805,0.8308045977011494,0.7066666666666667,0.8119540229885057,0.8165517241379311,0.8
224,0.8055172413793104,0.8308045977011494,0.8128735632183908,0.767816091954023,0.8160919540229885,0.8027586206896552
225,0.8073563218390805,0.8381609195402299,0.8151724137931035,0.7167816091954023,0.8156321839080459,0.8045977011494253
226,0.807816091954023,0.8377011494252874,0.8197701149425287,0.8045977011494253,0.8119540229885057,0.8045977011494253
227,0.8027586206896552,0.8377011494252874,0.8036781609195403,0.8087356321839081,0.8183908045977012,0.8032183908045977
228,0.8059770114942528,0.832183908045977,0.7963218390804597,0.8091954022988506,0.8174712643678161,0.8050574712643678
229,0.8068965517241379,0.8312643678160919,0.744367816091954,0.8110344827586207,0.8179310344827586,0.8036781609195403
230,0.8041379310344827,0.8354022988505747,0.8289655172413793,0.8124137931034483,0.8188505747126437,0.8041379310344827
231,0.8055172413793104,0.8354022988505747,0.8317241379310345,0.8091954022988506,0.8202298850574713,0.7894252873563219
232,0.8055172413793104,0.8377011494252874,0.8220689655172414,0.8124137931034483,0.8174712643678161,0.6381609195402299
233,0.8050574712643678,0.8377011494252874,0.8105747126436782,0.8119540229885057,0.8170114942528736,0.8009195402298851
234,0.8041379310344827,0.8312643678160919,0.8335632183908046,0.8133333333333334,0.8179310344827586,0.8073563218390805
235,0.8041379310344827,0.8335632183908046,0.8317241379310345,0.8105747126436782,0.8179310344827586,0.8036781609195403
236,0.8036781609195403,0.833103448275862,0.8335632183908046,0.8114942528735632,0.8174712643678161,0.8114942528735632
237,0.8032183908045977,0.8326436781609196,0.6372413793103449,0.8147126436781609,0.8193103448275862,0.8101149425287356
238,0.8036781609195403,0.8335632183908046,0.8174712643678161,0.8110344827586207,0.8183908045977012,0.8082758620689655
239,0.7889655172413793,0.8335632183908046,0.8381609195402299,0.784367816091954,0.8179310344827586,0.8114942528735632
240,0.8119540229885057,0.832183908045977,0.7820689655172414,0.8050574712643678,0.8193103448275862,0.807816091954023
241,0.8124137931034483,0.8312643678160919,0.8381609195402299,0.8202298850574713,0.8202298850574713,0.8091954022988506
242,0.8119540229885057,0.8317241379310345,0.8367816091954023,0.8202298850574713,0.8151724137931035,0.8096551724137931
243,0.8124137931034483,0.833103448275862,0.8354022988505747,0.8193103448275862,0.8128735632183908,0.8105747126436782
244,0.8018390804597701,0.833103448275862,0.8372413793103448,0.8193103448275862,0.8165517241379311,0.8082758620689655
245,0.8087356321839081,0.832183908045977,0.832183908045977,0.8188505747126437,0.8202298850574713,0.8087356321839081
246,0.8087356321839081,0.8317241379310345,0.8372413793103448,0.8188505747126437,0.8183908045977012,0.8091954022988506
247,0.8064367816091954,0.833103448275862,0.8367816091954023,0.8197701149425287,0.8188505747126437,0.8128735632183908
248,0.8055172413793104,0.8326436781609196,0.8335632183908046,0.8216091954022988,0.8188505747126437,0.8124137931034483
249,0.8101149425287356,0.8335632183908046,0.8298850574712644,0.8197701149425287,0.8179310344827586,0.6050574712643678
250,0.8170114942528736,0.8335632183908046,0.8422988505747127,0.8234482758620689,0.8160919540229885,0.8036781609195403
251,0.8156321839080459,0.8335632183908046,0.8418390804597701,0.8239080459770115,0.8151724137931035,0.8119540229885057
252,0.8133333333333334,0.8326436781609196,0.8395402298850575,0.8220689655172414,0.8165517241379311,0.7406896551724138
253,0.8114942528735632,0.8326436781609196,0.840919540229885,0.8202298850574713,0.8179310344827586,0.8170114942528736
254,0.8124137931034483,0.833103448275862,0.84,0.8229885057471265,0.8183908045977012,0.8211494252873563
255,0.8151724137931035,0.5627586206896552,0.84,0.8229885057471265,0.8220689655172414,0.8160919540229885
256,0.8137931034482758,0.792183908045977,0.8386206896551724,0.8216091954022988,0.8018390804597701,0.8170114942528736
257,0.8165517241379311,0.8045977011494253,0.8381609195402299,0.8229885057471265,0.8110344827586207,0.8183908045977012
258,0.8133333333333334,0.8114942528735632,0.8354022988505747,0.8202298850574713,0.8128735632183908,0.8188505747126437
259,0.824367816091954,0.8124137931034483,0.8367816091954023,0.8216091954022988,0.8179310344827586,0.8183908045977012
260,0.8257471264367816,0.8188505747126437,0.8340229885057471,0.8262068965517242,0.8216091954022988,0.8188505747126437
261,0.8202298850574713,0.8147126436781609,0.8022988505747126,0.8156321839080459,0.8202298850574713,0.8193103448275862
262,0.8206896551724138,0.8110344827586207,0.8335632183908046,0.8188505747126437,0.825287356321839,0.8183908045977012
263,0.8216091954022988,0.8137931034482758,0.8390804597701149,0.8271264367816092,0.8193103448275862,0.8188505747126437
264,0.8188505747126437,0.8174712643678161,0.8413793103448276,0.8133333333333334,0.8234482758620689,0.8188505747126437
265,0.8197701149425287,0.8165517241379311,0.847816091954023,0.8124137931034483,0.8285057471264368,0.8183908045977012
266,0.8197701149425287,0.8170114942528736,0.848735632183908,0.8206896551724138,0.8308045977011494,0.8193103448275862
267,0.8216091954022988,0.8151724137931035,0.8510344827586207,0.8197701149425287,0.7885057471264367,0.8202298850574713
268,0.824367816091954,0.7931034482758621,0.8496551724137931,0.8174712643678161,0.8068965517241379,0.8188505747126437
269,0.8229885057471265,0.7705747126436782,0.8496551724137931,0.8160919540229885,0.8298850574712644,0.8206896551724138
270,0.8225287356321839,0.7977011494252874,0.8482758620689655,0.8151724137931035,0.8386206896551724,0.8202298850574713
271,0.8303448275862069,0.8151724137931035,0.847816091954023,0.8206896551724138,0.8372413793103448,0.8183908045977012
272,0.8280459770114943,0.8128735632183908,0.8496551724137931,0.824367816091954,0.8372413793103448,0.8193103448275862
273,0.8317241379310345,0.8147126436781609,0.847816091954023,0.8216091954022988,0.8390804597701149,0.8183908045977012
274,0.8298850574712644,0.8151724137931035,0.8496551724137931,0.8229885057471265,0.833103448275862,0.8183908045977012
275,0.8289655172413793,0.8142528735632184,0.8533333333333334,0.8248275862068966,0.8165517241379311,0.7075862068965517
276,0.8280459770114943,0.8119540229885057,0.8528735632183908,0.8229885057471265,0.8363218390804598,0.7857471264367816
277,0.8298850574712644,0.8151724137931035,0.8344827586206897,0.8229885057471265,0.833103448275862,0.824367816091954
278,0.8257471264367816,0.8156321839080459,0.8358620689655173,0.8225287356321839,0.8335632183908046,0.8220689655172414
279,0.8239080459770115,0.8170114942528736,0.8363218390804598,0.8216091954022988,0.8335632183908046,0.8032183908045977
280,0.8289655172413793,0.8151724137931035,0.8367816091954023,0.8220689655172414,0.8436781609195402,0.8183908045977012
281,0.8285057471264368,0.8170114942528736,0.8386206896551724,0.8229885057471265,0.8422988505747127,0.8257471264367816
282,0.8266666666666667,0.8160919540229885,0.8404597701149426,0.8170114942528736,0.8059770114942528,0.8257471264367816
283,0.8266666666666667,0.8137931034482758,0.8386206896551724,0.8197701149425287,0.8413793103448276,0.8312643678160919
284,0.8234482758620689,0.7931034482758621,0.8455172413793104,0.8197701149425287,0.8418390804597701,0.7710344827586207
285,0.8239080459770115,0.8050574712643678,0.8473563218390805,0.8211494252873563,0.8004597701149425,0.8216091954022988
286,0.8170114942528736,0.8101149425287356,0.8216091954022988,0.8229885057471265,0.8358620689655173,0.8234482758620689
287,0.8197701149425287,0.8082758620689655,0.8390804597701149,0.8206896551724138,0.8390804597701149,0.8234482758620689
288,0.8206896551724138,0.8165517241379311,0.8468965517241379,0.8257471264367816,0.8404597701149426,0.8285057471264368
289,0.825287356321839,0.8147126436781609,0.8464367816091954,0.8216091954022988,0.8436781609195402,0.7866666666666666
290,0.8220689655172414,0.8137931034482758,0.8459770114942529,0.8275862068965517,0.8432183908045977,0.8064367816091954
291,0.8211494252873563,0.8170114942528736,0.8450574712643678,0.824367816091954,0.8441379310344828,0.8275862068965517
292,0.8179310344827586,0.8156321839080459,0.8496551724137931,0.8248275862068966,0.8413793103448276,0.8239080459770115
293,0.8298850574712644,0.8151724137931035,0.8459770114942529,0.8248275862068966,0.8432183908045977,0.8229885057471265
294,0.8229885057471265,0.8133333333333334,0.8491954022988506,0.8266666666666667,0.8432183908045977,0.8225287356321839
295,0.8344827586206897,0.8211494252873563,0.8418390804597701,0.8248275862068966,0.8422988505747127,0.8220689655172414
296,0.8229885057471265,0.8156321839080459,0.8358620689655173,0.8257471264367816,0.8432183908045977,0.8188505747126437
297,0.832183908045977,0.8174712643678161,0.8445977011494253,0.8266666666666667,0.8436781609195402,0.8294252873563218
298,0.8285057471264368,0.8179310344827586,0.8395402298850575,0.825287356321839,0.8427586206896551,0.8266666666666667
299,0.8266666666666667,0.8174712643678161,0.8422988505747127,0.8257471264367816,0.8354022988505747,0.8160919540229885
300,0.8262068965517242,0.8188505747126437,0.8436781609195402,0.8262068965517242,0.8395402298850575,0.7301149425287357
301,0.8257471264367816,0.8193103448275862,0.8445977011494253,0.8262068965517242,0.8418390804597701,0.8220689655172414
302,0.8275862068965517,0.8170114942528736,0.84,0.825287356321839,0.8422988505747127,0.8275862068965517
303,0.8285057471264368,0.8179310344827586,0.8441379310344828,0.8308045977011494,0.8436781609195402,0.8248275862068966
304,0.8285057471264368,0.8170114942528736,0.8422988505747127,0.8340229885057471,0.8445977011494253,0.8257471264367816
305,0.8294252873563218,0.8202298850574713,0.8422988505747127,0.8335632183908046,0.8432183908045977,0.8229885057471265
306,0.8262068965517242,0.8197701149425287,0.8459770114942529,0.8326436781609196,0.8427586206896551,0.824367816091954
307,0.8248275862068966,0.8202298850574713,0.8418390804597701,0.832183908045977,0.8436781609195402,0.824367816091954
308,0.8280459770114943,0.8206896551724138,0.8445977011494253,0.8326436781609196,0.8432183908045977,0.8271264367816092
309,0.8294252873563218,0.8211494252873563,0.8459770114942529,0.8317241379310345,0.8432183908045977,0.8239080459770115
310,0.8294252873563218,0.8206896551724138,0.8473563218390805,0.8312643678160919,0.8436781609195402,0.8073563218390805
311,0.8298850574712644,0.8216091954022988,0.8473563218390805,0.8354022988505747,0.8436781609195402,0.8234482758620689
312,0.8298850574712644,0.8211494252873563,0.8450574712643678,0.8335632183908046,0.8464367816091954,0.8229885057471265
313,0.8298850574712644,0.8262068965517242,0.847816091954023,0.8354022988505747,0.8459770114942529,0.824367816091954
314,0.8142528735632184,0.824367816091954,0.8445977011494253,0.8358620689655173,0.7586206896551724,0.8234482758620689
315,0.8280459770114943,0.8220689655172414,0.671264367816092,0.8335632183908046,0.8505747126436781,0.8179310344827586
316,0.8326436781609196,0.8248275862068966,0.847816091954023,0.8367816091954023,0.8418390804597701,0.8220689655172414
317,0.832183908045977,0.8266666666666667,0.8468965517241379,0.8354022988505747,0.8473563218390805,0.8188505747126437
318,0.8308045977011494,0.8262068965517242,0.8537931034482759,0.8349425287356322,0.8459770114942529,0.8206896551724138
319,0.8298850574712644,0.8220689655172414,0.8514942528735632,0.8326436781609196,0.8473563218390805,0.8183908045977012
320,0.8308045977011494,0.8220689655172414,0.8519540229885058,0.8335632183908046,0.8473563218390805,0.8183908045977012
321,0.8303448275862069,0.8239080459770115,0.8519540229885058,0.8271264367816092,0.8473563218390805,0.7774712643678161
322,0.8280459770114943,0.7636781609195402,0.8551724137931035,0.8239080459770115,0.8468965517241379,0.8262068965517242
323,0.8294252873563218,0.8298850574712644,0.855632183908046,0.8266666666666667,0.847816091954023,0.825287356321839
324,0.8289655172413793,0.7452873563218391,0.8524137931034482,0.8271264367816092,0.8468965517241379,0.8275862068965517
325,0.8285057471264368,0.825287356321839,0.8524137931034482,0.8280459770114943,0.8459770114942529,0.5825287356321839
326,0.8294252873563218,0.8285057471264368,0.8528735632183908,0.8303448275862069,0.8468965517241379,0.8275862068965517
327,0.8266666666666667,0.8220689655172414,0.8537931034482759,0.8275862068965517,0.8468965517241379,0.825287356321839
328,0.8280459770114943,0.8211494252873563,0.8528735632183908,0.8271264367816092,0.8422988505747127,0.8239080459770115
329,0.8119540229885057,0.8248275862068966,0.8537931034482759,0.8280459770114943,0.847816091954023,0.8262068965517242
330,0.7783908045977012,0.8257471264367816,0.8524137931034482,0.8275862068965517,0.8418390804597701,0.8285057471264368
331,0.8101149425287356,0.8248275862068966,0.8547126436781609,0.8280459770114943,0.8422988505747127,0.8271264367816092
332,0.824367816091954,0.8262068965517242,0.8542528735632184,0.8285057471264368,0.8459770114942529,0.8271264367816092
333,0.8354022988505747,0.8271264367816092,0.856551724137931,0.8298850574712644,0.7402298850574712,0.8216091954022988
334,0.8317241379310345,0.8257471264367816,0.8551724137931035,0.8285057471264368,0.8202298850574713,0.824367816091954
335,0.8312643678160919,0.8229885057471265,0.855632183908046,0.8294252873563218,0.7963218390804597,0.8275862068965517
336,0.8358620689655173,0.8239080459770115,0.8551724137931035,0.8294252873563218,0.8358620689655173,0.8303448275862069
337,0.833103448275862,0.8248275862068966,0.8547126436781609,0.8294252873563218,0.8340229885057471,0.8280459770114943
338,0.5848275862068966,0.825287356321839,0.8579310344827586,0.8289655172413793,0.8354022988505747,0.8206896551724138
339,0.8165517241379311,0.8262068965517242,0.8542528735632184,0.8294252873563218,0.8363218390804598,0.8257471264367816
340,0.8211494252873563,0.8234482758620689,0.8547126436781609,0.8294252873563218,0.7848275862068965,0.8216091954022988
341,0.8202298850574713,0.8234482758620689,0.8533333333333334,0.8211494252873563,0.840919540229885,0.8225287356321839
342,0.8225287356321839,0.8229885057471265,0.8395402298850575,0.6864367816091954,0.8354022988505747,0.8197701149425287
343,0.8206896551724138,0.824367816091954,0.8445977011494253,0.7944827586206896,0.8372413793103448,0.8266666666666667
344,0.8206896551724138,0.8239080459770115,0.8501149425287357,0.8137931034482758,0.8381609195402299,0.8225287356321839
345,0.8202298850574713,0.8229885057471265,0.8482758620689655,0.8335632183908046,0.8372413793103448,0.8225287356321839
346,0.8202298850574713,0.8248275862068966,0.847816091954023,0.8308045977011494,0.8377011494252874,0.8225287356321839
347,0.8170114942528736,0.8257471264367816,0.848735632183908,0.8308045977011494,0.8381609195402299,0.825287356321839
348,0.8193103448275862,0.8239080459770115,0.8468965517241379,0.8344827586206897,0.84,0.8275862068965517
349,0.8170114942528736,0.8220689655172414,0.8473563218390805,0.8427586206896551,0.8413793103448276,0.824367816091954
350,0.8229885057471265,0.8225287356321839,0.8505747126436781,0.8326436781609196,0.8413793103448276,0.8225287356321839
351,0.7475862068965518,0.8248275862068966,0.8496551724137931,0.8317241379310345,0.8390804597701149,0.8174712643678161
352,0.8124137931034483,0.8248275862068966,0.8496551724137931,0.833103448275862,0.8413793103448276,0.8059770114942528
353,0.8119540229885057,0.8418390804597701,0.8468965517241379,0.8358620689655173,0.8413793103448276,0.8128735632183908
354,0.8202298850574713,0.8381609195402299,0.8491954022988506,0.8372413793103448,0.840919540229885,0.8275862068965517
355,0.8160919540229885,0.8367816091954023,0.8510344827586207,0.8367816091954023,0.8418390804597701,0.8257471264367816
356,0.8156321839080459,0.8317241379310345,0.848735632183908,0.8340229885057471,0.8413793103448276,0.8298850574712644
357,0.8151724137931035,0.8377011494252874,0.8496551724137931,0.8367816091954023,0.8413793103448276,0.8298850574712644
358,0.8160919540229885,0.8275862068965517,0.8510344827586207,0.8354022988505747,0.840919540229885,0.8266666666666667
359,0.8197701149425287,0.8312643678160919,0.848735632183908,0.8363218390804598,0.840919540229885,0.8275862068965517
360,0.8165517241379311,0.8326436781609196,0.848735632183908,0.8363218390804598,0.8404597701149426,0.8262068965517242
361,0.8197701149425287,0.832183908045977,0.8505747126436781,0.8358620689655173,0.84,0.825287356321839
362,0.8193103448275862,0.8363218390804598,0.8510344827586207,0.8367816091954023,0.8413793103448276,0.8248275862068966
363,0.8216091954022988,0.8354022988505747,0.8510344827586207,0.8372413793103448,0.8496551724137931,0.8234482758620689
364,0.8211494252873563,0.833103448275862,0.8510344827586207,0.8363218390804598,0.8441379310344828,0.8183908045977012
365,0.8197701149425287,0.8358620689655173,0.8505747126436781,0.8363218390804598,0.8510344827586207,0.8271264367816092
366,0.8239080459770115,0.8377011494252874,0.8491954022988506,0.8354022988505747,0.8482758620689655,0.825287356321839
367,0.8225287356321839,0.8367816091954023,0.847816091954023,0.8354022988505747,0.8496551724137931,0.8234482758620689
368,0.8211494252873563,0.8363218390804598,0.8505747126436781,0.833103448275862,0.848735632183908,0.825287356321839
369,0.8234482758620689,0.8372413793103448,0.8390804597701149,0.8344827586206897,0.8491954022988506,0.8257471264367816
370,0.8211494252873563,0.840919540229885,0.8386206896551724,0.8349425287356322,0.8496551724137931,0.8248275862068966
371,0.8206896551724138,0.8372413793103448,0.847816091954023,0.8349425287356322,0.8496551724137931,0.8262068965517242
372,0.8234482758620689,0.8377011494252874,0.8413793103448276,0.8344827586206897,0.8501149425287357,0.8266666666666667
373,0.824367816091954,0.8381609195402299,0.8441379310344828,0.8354022988505747,0.8491954022988506,0.8257471264367816
374,0.8170114942528736,0.8390804597701149,0.8459770114942529,0.8335632183908046,0.8528735632183908,0.824367816091954
375,0.8206896551724138,0.8344827586206897,0.8432183908045977,0.8354022988505747,0.8528735632183908,0.824367816091954
376,0.8225287356321839,0.8367816091954023,0.8427586206896551,0.8349425287356322,0.8533333333333334,0.824367816091954
377,0.8137931034482758,0.8363218390804598,0.8473563218390805,0.8354022988505747,0.8528735632183908,0.8239080459770115
378,0.8197701149425287,0.8377011494252874,0.8459770114942529,0.8358620689655173,0.8528735632183908,0.8248275862068966
379,0.8211494252873563,0.8441379310344828,0.8459770114942529,0.8372413793103448,0.8514942528735632,0.8248275862068966
380,0.8202298850574713,0.8377011494252874,0.8459770114942529,0.8390804597701149,0.8519540229885058,0.824367816091954
381,0.8206896551724138,0.8450574712643678,0.8432183908045977,0.8395402298850575,0.8519540229885058,0.8248275862068966
382,0.8234482758620689,0.8404597701149426,0.8473563218390805,0.8404597701149426,0.8524137931034482,0.825287356321839
383,0.8225287356321839,0.8404597701149426,0.8455172413793104,0.8386206896551724,0.8528735632183908,0.824367816091954
384,0.8220689655172414,0.8381609195402299,0.8450574712643678,0.8381609195402299,0.8524137931034482,0.8234482758620689
385,0.8225287356321839,0.8390804597701149,0.8427586206896551,0.8386206896551724,0.8528735632183908,0.824367816091954
386,0.8225287356321839,0.8390804597701149,0.8432183908045977,0.8381609195402299,0.8519540229885058,0.8239080459770115
387,0.8229885057471265,0.8358620689655173,0.8441379310344828,0.8386206896551724,0.8510344827586207,0.8225287356321839
388,0.8239080459770115,0.8317241379310345,0.8455172413793104,0.8386206896551724,0.8496551724137931,0.8229885057471265
389,0.8239080459770115,0.840919540229885,0.8445977011494253,0.8381609195402299,0.8501149425287357,0.8239080459770115
390,0.8229885057471265,0.8432183908045977,0.8436781609195402,0.840919540229885,0.8496551724137931,0.8266666666666667
391,0.8179310344827586,0.8427586206896551,0.8455172413793104,0.8358620689655173,0.8501149425287357,0.8312643678160919
392,0.825287356321839,0.8441379310344828,0.8459770114942529,0.8386206896551724,0.8505747126436781,0.585287356321839
393,0.8257471264367816,0.8289655172413793,0.8441379310344828,0.8381609195402299,0.8510344827586207,0.8262068965517242
394,0.8248275862068966,0.8377011494252874,0.8473563218390805,0.84,0.8510344827586207,0.8289655172413793
395,0.8257471264367816,0.8340229885057471,0.7388505747126437,0.8381609195402299,0.8505747126436781,0.8335632183908046
396,0.8262068965517242,0.8381609195402299,0.8367816091954023,0.8386206896551724,0.8505747126436781,0.8326436781609196
397,0.8257471264367816,0.84,0.8482758620689655,0.84,0.8514942528735632,0.8312643678160919
398,0.825287356321839,0.8381609195402299,0.8427586206896551,0.84,0.8510344827586207,0.8312643678160919
399,0.825287356321839,0.8418390804597701,0.848735632183908,0.840919540229885,0.8510344827586207,0.8317241379310345
400,0.8248275862068966,0.8455172413793104,0.8514942528735632,0.84,0.8514942528735632,0.8303448275862069
401,0.8239080459770115,0.8340229885057471,0.8524137931034482,0.8413793103448276,0.8505747126436781,0.8335632183908046
402,0.8248275862068966,0.8381609195402299,0.8413793103448276,0.8422988505747127,0.8505747126436781,0.8280459770114943
403,0.8266666666666667,0.8390804597701149,0.8501149425287357,0.8418390804597701,0.8510344827586207,0.824367816091954
404,0.8271264367816092,0.8473563218390805,0.8542528735632184,0.8418390804597701,0.8510344827586207,0.825287356321839
405,0.8271264367816092,0.840919540229885,0.8528735632183908,0.8427586206896551,0.8510344827586207,0.8262068965517242
406,0.8335632183908046,0.847816091954023,0.8533333333333334,0.8422988505747127,0.8510344827586207,0.8271264367816092
407,0.833103448275862,0.8459770114942529,0.8542528735632184,0.8427586206896551,0.8510344827586207,0.8257471264367816
408,0.8349425287356322,0.8464367816091954,0.8551724137931035,0.8413793103448276,0.8510344827586207,0.8262068965517242
409,0.8340229885057471,0.8455172413793104,0.8574712643678161,0.8413793103448276,0.8510344827586207,0.8298850574712644
410,0.8275862068965517,0.8468965517241379,0.8537931034482759,0.8422988505747127,0.8510344827586207,0.8308045977011494
411,0.8285057471264368,0.8482758620689655,0.856551724137931,0.8404597701149426,0.8510344827586207,0.8354022988505747
412,0.8349425287356322,0.8436781609195402,0.8570114942528736,0.84,0.8510344827586207,0.8335632183908046
413,0.8317241379310345,0.8436781609195402,0.8528735632183908,0.8197701149425287,0.8510344827586207,0.8349425287356322
414,0.8344827586206897,0.8537931034482759,0.8542528735632184,0.8445977011494253,0.8510344827586207,0.8344827586206897
415,0.8349425287356322,0.8505747126436781,0.8482758620689655,0.8450574712643678,0.8510344827586207,0.833103448275862
416,0.8308045977011494,0.8514942528735632,0.8491954022988506,0.847816091954023,0.8505747126436781,0.8363218390804598
417,0.8354022988505747,0.8510344827586207,0.8501149425287357,0.8501149425287357,0.8482758620689655,0.8326436781609196
418,0.8367816091954023,0.8533333333333334,0.8455172413793104,0.848735632183908,0.8551724137931035,0.5218390804597701
419,0.8367816091954023,0.8524137931034482,0.8459770114942529,0.8501149425287357,0.855632183908046,0.8418390804597701
420,0.8386206896551724,0.8533333333333334,0.8459770114942529,0.847816091954023,0.8560919540229885,0.8404597701149426
421,0.8372413793103448,0.8528735632183908,0.8468965517241379,0.848735632183908,0.8560919540229885,0.8427586206896551
422,0.8193103448275862,0.8528735632183908,0.8445977011494253,0.8468965517241379,0.8551724137931035,0.8418390804597701
423,0.832183908045977,0.8524137931034482,0.8524137931034482,0.8468965517241379,0.8547126436781609,0.8386206896551724
424,0.8381609195402299,0.8528735632183908,0.848735632183908,0.8468965517241379,0.8547126436781609,0.8418390804597701
425,0.8386206896551724,0.8533333333333334,0.8468965517241379,0.8505747126436781,0.8547126436781609,0.84
426,0.8455172413793104,0.8533333333333334,0.8547126436781609,0.8482758620689655,0.8542528735632184,0.8413793103448276
427,0.8418390804597701,0.8533333333333334,0.8560919540229885,0.8505747126436781,0.8537931034482759,0.8326436781609196
428,0.8459770114942529,0.8514942528735632,0.855632183908046,0.8491954022988506,0.8537931034482759,0.8317241379310345
429,0.8436781609195402,0.8524137931034482,0.8560919540229885,0.8496551724137931,0.8537931034482759,0.8225287356321839
430,0.8455172413793104,0.8519540229885058,0.8542528735632184,0.8537931034482759,0.8537931034482759,0.8257471264367816
431,0.8473563218390805,0.8510344827586207,0.8533333333333334,0.8505747126436781,0.8537931034482759,0.825287356321839
432,0.8505747126436781,0.8524137931034482,0.8542528735632184,0.8533333333333334,0.8542528735632184,0.8257471264367816
433,0.848735632183908,0.8510344827586207,0.8473563218390805,0.8528735632183908,0.8542528735632184,0.8285057471264368
434,0.8496551724137931,0.8510344827586207,0.8528735632183908,0.8537931034482759,0.8542528735632184,0.8262068965517242
435,0.8505747126436781,0.8510344827586207,0.8510344827586207,0.8537931034482759,0.8542528735632184,0.8220689655172414
436,0.847816091954023,0.8505747126436781,0.8501149425287357,0.8524137931034482,0.8156321839080459,0.8229885057471265
437,0.8501149425287357,0.8547126436781609,0.8501149425287357,0.8542528735632184,0.8542528735632184,0.8202298850574713
438,0.8450574712643678,0.856551724137931,0.8358620689655173,0.8528735632183908,0.8491954022988506,0.8234482758620689
439,0.8358620689655173,0.8574712643678161,0.8372413793103448,0.8528735632183908,0.8501149425287357,0.8248275862068966
440,0.8367816091954023,0.8574712643678161,0.8547126436781609,0.8524137931034482,0.8482758620689655,0.8262068965517242
441,0.84,0.8579310344827586,0.8468965517241379,0.8533333333333334,0.848735632183908,0.8257471264367816
442,0.84,0.856551724137931,0.8491954022988506,0.8533333333333334,0.847816091954023,0.8262068965517242
443,0.8427586206896551,0.8560919540229885,0.840919540229885,0.847816091954023,0.8514942528735632,0.8289655172413793
444,0.840919540229885,0.8570114942528736,0.759080459770115,0.8519540229885058,0.8505747126436781,0.8271264367816092
445,0.840919540229885,0.8574712643678161,0.8473563218390805,0.8491954022988506,0.8496551724137931,0.8275862068965517
446,0.8441379310344828,0.856551724137931,0.8468965517241379,0.8501149425287357,0.8537931034482759,0.8280459770114943
447,0.840919540229885,0.8574712643678161,0.8464367816091954,0.8505747126436781,0.8450574712643678,0.8271264367816092
448,0.8427586206896551,0.8574712643678161,0.8441379310344828,0.8505747126436781,0.8537931034482759,0.825287356321839
449,0.8418390804597701,0.856551724137931,0.8455172413793104,0.8519540229885058,0.8533333333333334,0.8308045977011494
450,0.8427586206896551,0.8570114942528736,0.8455172413793104,0.8510344827586207,0.848735632183908,0.8354022988505747
451,0.8390804597701149,0.8560919540229885,0.8464367816091954,0.8505747126436781,0.8519540229885058,0.8367816091954023
452,0.8326436781609196,0.8560919540229885,0.8468965517241379,0.8505747126436781,0.8496551724137931,0.8390804597701149
453,0.832183908045977,0.8574712643678161,0.847816091954023,0.8501149425287357,0.8496551724137931,0.8445977011494253
454,0.8349425287356322,0.8579310344827586,0.8450574712643678,0.8491954022988506,0.8528735632183908,0.8413793103448276
455,0.8358620689655173,0.8579310344827586,0.8455172413793104,0.8496551724137931,0.8496551724137931,0.8418390804597701
456,0.8262068965517242,0.8579310344827586,0.8473563218390805,0.8501149425287357,0.8496551724137931,0.8413793103448276
457,0.833103448275862,0.8579310344827586,0.8473563218390805,0.8510344827586207,0.847816091954023,0.8413793103448276
458,0.8248275862068966,0.8583908045977011,0.8468965517241379,0.8519540229885058,0.847816091954023,0.8413793103448276
459,0.8289655172413793,0.8579310344827586,0.848735632183908,0.8505747126436781,0.8491954022988506,0.8432183908045977
460,0.832183908045977,0.8579310344827586,0.847816091954023,0.8510344827586207,0.8473563218390805,0.8418390804597701
461,0.8363218390804598,0.8574712643678161,0.847816091954023,0.847816091954023,0.8519540229885058,0.8413793103448276
462,0.8377011494252874,0.8574712643678161,0.6841379310344827,0.8528735632183908,0.8510344827586207,0.8413793103448276
463,0.8372413793103448,0.8602298850574712,0.8468965517241379,0.8533333333333334,0.8514942528735632,0.8386206896551724
464,0.8377011494252874,0.8602298850574712,0.8473563218390805,0.8547126436781609,0.856551724137931,0.8381609195402299
465,0.8418390804597701,0.8579310344827586,0.8455172413793104,0.8542528735632184,0.8528735632183908,0.8386206896551724
466,0.8349425287356322,0.8629885057471265,0.8524137931034482,0.8542528735632184,0.8574712643678161,0.8137931034482758
467,0.8381609195402299,0.8606896551724138,0.8496551724137931,0.8533333333333334,0.8583908045977011,0.8248275862068966
468,0.8404597701149426,0.8602298850574712,0.8491954022988506,0.8528735632183908,0.8574712643678161,0.84
469,0.8381609195402299,0.8597701149425288,0.8468965517241379,0.8528735632183908,0.8551724137931035,0.8436781609195402
470,0.84,0.8593103448275862,0.8464367816091954,0.8528735632183908,0.8560919540229885,0.8445977011494253
471,0.8432183908045977,0.8588505747126437,0.8473563218390805,0.8579310344827586,0.8551724137931035,0.8395402298850575
472,0.8450574712643678,0.8583908045977011,0.847816091954023,0.8588505747126437,0.8560919540229885,0.84
473,0.840919540229885,0.8593103448275862,0.848735632183908,0.856551724137931,0.8551724137931035,0.8390804597701149
474,0.8445977011494253,0.8583908045977011,0.8468965517241379,0.8597701149425288,0.8551724137931035,0.8386206896551724
475,0.8441379310344828,0.8574712643678161,0.848735632183908,0.8551724137931035,0.8551724137931035,0.8358620689655173
476,0.8464367816091954,0.8583908045977011,0.8491954022988506,0.855632183908046,0.8542528735632184,0.8367816091954023
477,0.8468965517241379,0.8583908045977011,0.8482758620689655,0.8528735632183908,0.8551724137931035,0.8413793103448276
478,0.8464367816091954,0.8583908045977011,0.8468965517241379,0.8537931034482759,0.8547126436781609,0.840919540229885
479,0.8459770114942529,0.8588505747126437,0.848735632183908,0.8551724137931035,0.8537931034482759,0.8436781609195402
480,0.8473563218390805,0.8597701149425288,0.8468965517241379,0.8547126436781609,0.8547126436781609,0.8436781609195402
481,0.8482758620689655,0.8629885057471265,0.8468965517241379,0.8542528735632184,0.8542528735632184,0.8427586206896551
482,0.8468965517241379,0.8620689655172413,0.8468965517241379,0.8537931034482759,0.8542528735632184,0.840919540229885
483,0.847816091954023,0.6514942528735632,0.8473563218390805,0.8537931034482759,0.8542528735632184,0.8427586206896551
484,0.8468965517241379,0.8666666666666667,0.8473563218390805,0.8533333333333334,0.8547126436781609,0.8363218390804598
485,0.8363218390804598,0.864367816091954,0.8468965517241379,0.8524137931034482,0.8547126436781609,0.8422988505747127
486,0.8308045977011494,0.8652873563218391,0.8473563218390805,0.8524137931034482,0.856551724137931,0.8367816091954023
487,0.8367816091954023,0.8671264367816092,0.8450574712643678,0.8528735632183908,0.856551724137931,0.8349425287356322
488,0.8363218390804598,0.8666666666666667,0.8455172413793104,0.8533333333333334,0.8583908045977011,0.8363218390804598
489,0.8367816091954023,0.8666666666666667,0.8459770114942529,0.8528735632183908,0.8597701149425288,0.8482758620689655
490,0.8358620689655173,0.8662068965517241,0.8459770114942529,0.8519540229885058,0.8588505747126437,0.8482758620689655
491,0.8349425287356322,0.8652873563218391,0.8464367816091954,0.8519540229885058,0.8560919540229885,0.8528735632183908
492,0.8358620689655173,0.8657471264367816,0.8445977011494253,0.8524137931034482,0.856551724137931,0.8510344827586207
493,0.8349425287356322,0.8648275862068966,0.8514942528735632,0.8501149425287357,0.856551724137931,0.8510344827586207
494,0.8354022988505747,0.8648275862068966,0.7829885057471264,0.8514942528735632,0.856551724137931,0.8496551724137931
495,0.8358620689655173,0.8648275862068966,0.8445977011494253,0.8514942528735632,0.856551724137931,0.8501149425287357
496,0.8377011494252874,0.864367816091954,0.8432183908045977,0.8528735632183908,0.8583908045977011,0.8501149425287357
497,0.8367816091954023,0.8648275862068966,0.8496551724137931,0.8524137931034482,0.8570114942528736,0.8445977011494253
498,0.8064367816091954,0.8652873563218391,0.8496551724137931,0.8528735632183908,0.8570114942528736,0.8501149425287357
499,0.832183908045977,0.8652873563218391,0.8501149425287357,0.8528735632183908,0.856551724137931,0.8455172413793104
500,0.8395402298850575,0.8652873563218391,0.8473563218390805,0.8524137931034482,0.856551724137931,0.8514942528735632
501,0.8404597701149426,0.8652873563218391,0.8519540229885058,0.8524137931034482,0.8468965517241379,0.8473563218390805
502,0.8386206896551724,0.8652873563218391,0.8537931034482759,0.8519540229885058,0.8597701149425288,0.8372413793103448
503,0.7618390804597701,0.8652873563218391,0.8441379310344828,0.8519540229885058,0.8597701149425288,0.8464367816091954
504,0.8464367816091954,0.8662068965517241,0.8432183908045977,0.8519540229885058,0.8616091954022989,0.8418390804597701
505,0.8445977011494253,0.8662068965517241,0.8432183908045977,0.8496551724137931,0.8611494252873563,0.8445977011494253
506,0.8459770114942529,0.8662068965517241,0.8427586206896551,0.848735632183908,0.8602298850574712,0.8395402298850575
507,0.8427586206896551,0.8662068965517241,0.8450574712643678,0.8496551724137931,0.8602298850574712,0.8386206896551724
508,0.8335632183908046,0.8662068965517241,0.8501149425287357,0.8501149425287357,0.8597701149425288,0.8404597701149426
509,0.8436781609195402,0.8432183908045977,0.8491954022988506,0.8505747126436781,0.8606896551724138,0.8537931034482759
510,0.8464367816091954,0.8657471264367816,0.8524137931034482,0.8505747126436781,0.8593103448275862,0.848735632183908
511,0.8491954022988506,0.8698850574712643,0.8505747126436781,0.8505747126436781,0.8285057471264368,0.8514942528735632
512,0.8501149425287357,0.8629885057471265,0.8496551724137931,0.8505747126436781,0.856551724137931,0.8432183908045977
513,0.8505747126436781,0.8666666666666667,0.8464367816091954,0.8514942528735632,0.8583908045977011,0.847816091954023
514,0.8510344827586207,0.8671264367816092,0.848735632183908,0.8505747126436781,0.8588505747126437,0.8468965517241379
515,0.8505747126436781,0.8675862068965517,0.8459770114942529,0.8510344827586207,0.8593103448275862,0.8473563218390805
516,,0.8685057471264368,0.8445977011494253,0.8510344827586207,0.8602298850574712,0.8482758620689655
517,,0.8680459770114942,0.856551724137931,0.8501149425287357,0.8606896551724138,0.8473563218390805
518,,0.8675862068965517,0.8588505747126437,0.8501149425287357,0.8606896551724138,0.8482758620689655
519,,0.8436781609195402,0.8593103448275862,0.8501149425287357,0.8616091954022989,0.848735632183908
520,,0.8652873563218391,0.8570114942528736,0.8496551724137931,0.8616091954022989,0.8455172413793104
521,,0.8648275862068966,0.8574712643678161,0.8505747126436781,0.8620689655172413,0.8528735632183908
522,,0.8620689655172413,0.8524137931034482,0.8505747126436781,0.8606896551724138,0.8519540229885058
523,,0.8629885057471265,0.8533333333333334,0.8519540229885058,0.8611494252873563,0.8519540229885058
524,,0.8652873563218391,0.8533333333333334,0.8519540229885058,0.8611494252873563,0.8547126436781609
525,,0.8620689655172413,0.8537931034482759,0.8519540229885058,0.8606896551724138,0.855632183908046
526,,0.8620689655172413,0.8542528735632184,0.8491954022988506,0.8611494252873563,0.855632183908046
527,,0.8602298850574712,0.8519540229885058,0.8491954022988506,0.8174712643678161,0.856551724137931
528,,0.8616091954022989,0.8542528735632184,0.8510344827586207,0.8606896551724138,0.8547126436781609
529,,0.8616091954022989,0.8547126436781609,0.7627586206896552,0.8597701149425288,0.8496551724137931
530,,0.8606896551724138,0.8542528735632184,0.8381609195402299,0.8597701149425288,0.8505747126436781
531,,0.8597701149425288,0.8537931034482759,0.8501149425287357,0.8588505747126437,0.848735632183908
532,,0.8602298850574712,,0.8579310344827586,0.8652873563218391,0.8505747126436781
533,,0.8606896551724138,,0.8547126436781609,0.8588505747126437,0.8496551724137931
534,,0.8593103448275862,,0.8560919540229885,0.8588505747126437,0.8459770114942529
535,,0.8593103448275862,,0.6845977011494253,0.8597701149425288,0.8482758620689655
536,,0.8606896551724138,,0.8501149425287357,0.8597701149425288,0.8537931034482759
537,,0.8602298850574712,,0.8160919540229885,0.8602298850574712,0.8542528735632184
538,,0.8606896551724138,,0.8588505747126437,0.8593103448275862,0.8501149425287357
539,,0.8593103448275862,,0.8588505747126437,0.8579310344827586,0.8519540229885058
540,,0.8597701149425288,,0.8588505747126437,0.8570114942528736,0.8519540229885058
541,,0.8611494252873563,,0.7411494252873563,0.8588505747126437,0.8510344827586207
542,,0.8611494252873563,,0.8524137931034482,0.8583908045977011,0.8491954022988506
543,,0.8616091954022989,,0.8464367816091954,0.8625287356321839,0.8459770114942529
544,,0.8620689655172413,,0.8570114942528736,0.863448275862069,0.8468965517241379
545,,0.8625287356321839,,0.8537931034482759,0.8648275862068966,0.8455172413793104
546,,0.8629885057471265,,0.8496551724137931,0.8611494252873563,0.847816091954023
547,,0.863448275862069,,0.8491954022988506,0.864367816091954,0.8432183908045977
548,,0.863448275862069,,0.8524137931034482,0.8629885057471265,0.8491954022988506
549,,0.8639080459770115,,0.8491954022988506,0.8616091954022989,0.8491954022988506
550,,0.8639080459770115,,0.8441379310344828,0.8602298850574712,0.8482758620689655
551,,0.8639080459770115,,0.8597701149425288,0.8620689655172413,0.8491954022988506
552,,0.8639080459770115,,0.8551724137931035,0.863448275862069,0.8468965517241379
553,,0.8606896551724138,,0.8579310344827586,0.8625287356321839,0.8468965517241379
554,,0.8593103448275862,,0.8597701149425288,0.8662068965517241,0.8473563218390805
555,,0.7829885057471264,,0.8629885057471265,0.863448275862069,0.8441379310344828
556,,0.8657471264367816,,0.8533333333333334,0.8639080459770115,0.8445977011494253
557,,0.8652873563218391,,0.8142528735632184,0.8639080459770115,0.8496551724137931
558,,0.8652873563218391,,0.8606896551724138,0.8616091954022989,0.848735632183908
559,,0.8657471264367816,,0.8432183908045977,0.8625287356321839,0.8473563218390805
560,,0.8675862068965517,,0.8602298850574712,0.8620689655172413,0.8464367816091954
561,,0.8698850574712643,,0.8602298850574712,0.8652873563218391,0.8464367816091954
562,,0.8685057471264368,,0.8574712643678161,0.8648275862068966,0.8491954022988506
563,,0.8671264367816092,,0.8588505747126437,0.8625287356321839,0.848735632183908
564,,0.8620689655172413,,0.8588505747126437,0.8648275862068966,0.8459770114942529
565,,0.8671264367816092,,0.8593103448275862,0.864367816091954,0.8510344827586207
566,,0.8689655172413793,,0.8579310344827586,0.8657471264367816,0.848735632183908
567,,0.8694252873563219,,0.8583908045977011,0.8675862068965517,0.8450574712643678
568,,0.8698850574712643,,0.8588505747126437,0.8675862068965517,0.8436781609195402
569,,0.8680459770114942,,0.8593103448275862,0.8675862068965517,0.8445977011494253
570,,0.8689655172413793,,0.8606896551724138,0.8694252873563219,0.8501149425287357
571,,0.8680459770114942,,0.8583908045977011,0.8698850574712643,0.8482758620689655
572,,0.8680459770114942,,0.8602298850574712,0.8675862068965517,0.8473563218390805
573,,0.8680459770114942,,0.8606896551724138,0.8666666666666667,0.8496551724137931
574,,0.8620689655172413,,0.8597701149425288,0.8675862068965517,0.8459770114942529
575,,0.8675862068965517,,0.8602298850574712,0.8675862068965517,0.8455172413793104
576,,0.8671264367816092,,0.8625287356321839,0.8629885057471265,0.8464367816091954
577,,0.8666666666666667,,0.8639080459770115,0.8694252873563219,0.8468965517241379
578,,0.8616091954022989,,0.8602298850574712,0.8694252873563219,0.8505747126436781
579,,0.8694252873563219,,0.8588505747126437,0.8657471264367816,0.8432183908045977
580,,0.8657471264367816,,0.8625287356321839,0.8708045977011494,0.8464367816091954
581,,0.8763218390804598,,0.8602298850574712,0.872183908045977,0.848735632183908
582,,0.8726436781609196,,0.8648275862068966,0.8726436781609196,0.8335632183908046
583,,0.8777011494252873,,0.864367816091954,0.8606896551724138,0.8091954022988506
584,,0.8772413793103448,,0.8657471264367816,0.8666666666666667,0.8432183908045977
585,,0.8772413793103448,,0.8657471264367816,0.8685057471264368,0.8528735632183908
586,,0.8767816091954023,,0.8639080459770115,0.8698850574712643,0.847816091954023
587,,0.8772413793103448,,0.8652873563218391,0.8620689655172413,0.855632183908046
588,,0.8772413793103448,,0.8639080459770115,0.8625287356321839,0.8491954022988506
589,,0.8758620689655172,,0.8652873563218391,0.8689655172413793,0.8519540229885058
590,,0.8754022988505747,,0.8639080459770115,0.8662068965517241,0.8519540229885058
591,,0.8767816091954023,,0.8657471264367816,0.8698850574712643,0.8505747126436781
592,,0.8795402298850574,,0.864367816091954,0.8689655172413793,0.8528735632183908
593,,0.879080459770115,,0.864367816091954,0.8717241379310345,0.8468965517241379
594,,0.8795402298850574,,0.864367816091954,0.872183908045977,0.8542528735632184
595,,0.8795402298850574,,0.8639080459770115,0.8717241379310345,0.8560919540229885
596,,0.879080459770115,,0.8639080459770115,0.8708045977011494,0.8560919540229885
597,,0.8772413793103448,,0.863448275862069,0.8680459770114942,0.855632183908046
598,,0.8744827586206897,,0.8662068965517241,0.8662068965517241,0.8524137931034482
599,,0.8744827586206897,,0.8652873563218391,0.8666666666666667,0.8519540229885058
600,,0.8754022988505747,,0.8652873563218391,0.8698850574712643,0.8519540229885058
