,0,1,2,3,4,5,6,7,8,9,10,11,12,13,14,15,16,17,18,19,20,21,22,23,24,25,26,27,28,29,30,31,32,33,34,35,36,37,38,39,40,41,42,43,44
0,0.690256655216217,0.687114953994751,0.6934307813644409,0.6884571313858032,0.6862730383872986,0.6883792281150818,0.6936152577400208,0.6949803829193115,0.6926208734512329,0.6888163089752197,0.6898362040519714,0.6918333172798157,0.688152015209198,0.6916835308074951,0.6929460763931274,0.6926125884056091,0.6928651928901672,0.6880943179130554,0.6934961080551147,0.6906748414039612,0.6874496340751648,0.6892764568328857,0.6895989775657654,0.6920389533042908,0.6919719576835632,0.6938211917877197,0.6883922815322876,0.6912583112716675,0.6914833188056946,0.6927297711372375,0.6910640001296997,0.6928424835205078,0.6913375854492188,0.6924680471420288,0.692837119102478,0.6917814612388611,0.6924768090248108,0.6914152503013611,0.6808559894561768,0.6847774386405945,0.6936402916908264,0.6919181942939758,0.6878149509429932,0.6917734742164612,0.6926457285881042
1,0.6895195245742798,0.6873196959495544,0.6932917833328247,0.68718421459198,0.686812162399292,0.6879854798316956,0.6938973069190979,0.6899835467338562,0.692780077457428,0.6887602210044861,0.687446653842926,0.6915959715843201,0.6812838912010193,0.6917121410369873,0.6936283707618713,0.6929605007171631,0.6939817070960999,0.6752229928970337,0.6935048699378967,0.6835899353027344,0.6451218128204346,0.6849666833877563,0.6852939128875732,0.6911780834197998,0.692518413066864,0.6959899663925171,0.6881558299064636,0.6926252841949463,0.6917850375175476,0.6932114362716675,0.6921308040618896,0.6929506063461304,0.6909923553466797,0.6899573802947998,0.6941402554512024,0.6945111155509949,0.6926986575126648,0.6913211941719055,0.6816436648368835,0.6859002113342285,0.6935481429100037,0.6929423809051514,0.6874253153800964,0.693899929523468,0.6931301355361938
2,0.689595639705658,0.6556906700134277,0.6933227777481079,0.6604571342468262,0.6869931817054749,0.6600505709648132,0.6942172050476074,0.6871639490127563,0.6833817362785339,0.6805373430252075,0.6694065928459167,0.692345142364502,0.681821346282959,0.6918200850486755,0.6936818957328796,0.69297194480896,0.6154571771621704,0.6696466207504272,0.6937873959541321,0.6845487952232361,0.6581670641899109,0.6563684344291687,0.6784501075744629,0.6911776065826416,0.6933962106704712,0.6959795951843262,0.6808050274848938,0.6927610635757446,0.6918577551841736,0.6432477831840515,0.6940476298332214,0.6929800510406494,0.6913228631019592,0.6900931596755981,0.6964789628982544,0.6977587938308716,0.6932064890861511,0.6914625763893127,0.6829937100410461,0.6880067586898804,0.6936700344085693,0.6915261149406433,0.683591365814209,0.6927793025970459,0.6931655406951904
3,0.6896582245826721,0.6557905077934265,0.693324863910675,0.6653756499290466,0.6847759485244751,0.6606176495552063,0.6943886280059814,0.6866348385810852,0.6798970103263855,0.6812740564346313,0.6647734642028809,0.6927362084388733,0.6821573376655579,0.6918835639953613,0.6906706094741821,0.6932718753814697,0.6143414974212646,0.6700600981712341,0.6944460868835449,0.6870150566101074,0.6776817440986633,0.6584964990615845,0.6784340143203735,0.691209077835083,0.6936874389648438,0.6877425312995911,0.6809810400009155,0.6919078826904297,0.6922315955162048,0.6011484861373901,0.6974464654922485,0.692944347858429,0.6913313865661621,0.690175473690033,0.6973991990089417,0.6990689039230347,0.6934849619865417,0.6917717456817627,0.6853039264678955,0.6885350942611694,0.6937820315361023,0.6931169629096985,0.6831040382385254,0.6883316040039062,0.6929332613945007
4,0.6897580027580261,0.6436434984207153,0.6933249831199646,0.6729724407196045,0.6847842931747437,0.658693790435791,0.6944241523742676,0.6882043480873108,0.6800593733787537,0.6809117197990417,0.6646074056625366,0.6836850047111511,0.6703912615776062,0.6918980479240417,0.6576490998268127,0.6933255791664124,0.5745905041694641,0.6708248257637024,0.6955233216285706,0.6882665157318115,0.700804591178894,0.6592424511909485,0.6790268421173096,0.6900970935821533,0.6900830864906311,0.6861327290534973,0.6769997477531433,0.6921231746673584,0.6929340958595276,0.6004342436790466,0.7020882368087769,0.6929780840873718,0.6916931867599487,0.6163018941879272,0.6993448138237,0.6843773722648621,0.693526029586792,0.6922669410705566,0.6885446906089783,0.6422277688980103,0.6938416957855225,0.6934278607368469,0.6842620372772217,0.6882049441337585,0.6930911540985107
5,0.6897866129875183,0.6451318860054016,0.6933419108390808,0.6765575408935547,0.6849247217178345,0.6559985876083374,0.6945854425430298,0.6879377961158752,0.6810622215270996,0.6822044849395752,0.667774498462677,0.6840461492538452,0.6741575598716736,0.6916975378990173,0.656747043132782,0.6731335520744324,0.5721546411514282,0.672680675983429,0.6969476342201233,0.6835081577301025,0.7149686217308044,0.659888505935669,0.6804988980293274,0.6891376376152039,0.686235785484314,0.6862311363220215,0.6760156750679016,0.6924158334732056,0.6934004426002502,0.6027436256408691,0.7078370451927185,0.6930559277534485,0.6916970610618591,0.5033749938011169,0.7002577781677246,0.6645524501800537,0.63814777135849,0.6926413178443909,0.6926547288894653,0.6476428508758545,0.6939525008201599,0.6887299418449402,0.6845569014549255,0.6887086629867554,0.6937181353569031
6,0.6898841261863708,0.6479567885398865,0.6934082508087158,0.6778824329376221,0.6850603222846985,0.6535488963127136,0.6948744058609009,0.6817877888679504,0.6812902092933655,0.6853244304656982,0.6746788024902344,0.6849454641342163,0.6753073334693909,0.6917553544044495,0.6549262404441833,0.6725294589996338,0.574225902557373,0.6759663224220276,0.6981921195983887,0.6751722693443298,0.7206906080245972,0.6618908047676086,0.6807101964950562,0.6881797909736633,0.6870326995849609,0.6863330602645874,0.6750296950340271,0.6926124095916748,0.6941863298416138,0.6025513410568237,0.7147306799888611,0.69313645362854,0.6920310854911804,0.4966613352298736,0.6897751688957214,0.6658464670181274,0.622488796710968,0.6931653022766113,0.6959384679794312,0.6569690704345703,0.6941354870796204,0.6886410713195801,0.6807911396026611,0.6900689601898193,0.6944259405136108
7,0.6900498867034912,0.6486085653305054,0.6935886144638062,0.6509194374084473,0.6852982044219971,0.6532368659973145,0.6952819228172302,0.6817439198493958,0.6815232038497925,0.6866441965103149,0.6845972537994385,0.6866466403007507,0.6742874383926392,0.6918220520019531,0.6559540629386902,0.669158935546875,0.5783939361572266,0.677137017250061,0.6991106271743774,0.6768296957015991,0.7314838171005249,0.6635497212409973,0.658927857875824,0.6880947947502136,0.6876346468925476,0.6862390041351318,0.6667638421058655,0.6926871538162231,0.695305585861206,0.5949902534484863,0.7202894687652588,0.6933414340019226,0.6928655505180359,0.4800631999969482,0.678769588470459,0.6687284111976624,0.6249030828475952,0.6938493251800537,0.6984286308288574,0.6617416143417358,0.6944043636322021,0.6869357824325562,0.6821304559707642,0.6910958290100098,0.69542396068573
8,0.6903370022773743,0.6393952965736389,0.6937565803527832,0.6435471177101135,0.6854096055030823,0.6581108570098877,0.6957990527153015,0.6818210482597351,0.682328462600708,0.6898433566093445,0.6916763186454773,0.6879878044128418,0.6756837964057922,0.6919542551040649,0.6573950052261353,0.6699255108833313,0.5877460241317749,0.6798490881919861,0.7003059983253479,0.6765705347061157,0.7462397813796997,0.6652138233184814,0.6459121704101562,0.689013659954071,0.6886231303215027,0.6868132948875427,0.666435182094574,0.6928943395614624,0.6967474222183228,0.591793417930603,0.7245571613311768,0.6937081217765808,0.694068431854248,0.468877375125885,0.6687393188476562,0.6709208488464355,0.6252978444099426,0.6947107911109924,0.6999485492706299,0.6595816016197205,0.6947942972183228,0.6880213022232056,0.6845579743385315,0.6927372813224792,0.6962462067604065
9,0.690542459487915,0.6414432525634766,0.6940311193466187,0.6291071772575378,0.685619592666626,0.6665264964103699,0.6962245106697083,0.6829955577850342,0.6540571451187134,0.6950395703315735,0.6949787735939026,0.6905942559242249,0.6792861223220825,0.6921873688697815,0.6561905145645142,0.6726769804954529,0.601495087146759,0.6811621785163879,0.7011018395423889,0.6790740489959717,0.7535768151283264,0.6658616065979004,0.6448976397514343,0.689734935760498,0.6876001954078674,0.6869454979896545,0.6677016615867615,0.6934648156166077,0.6979178786277771,0.5972205996513367,0.7273679971694946,0.6942821741104126,0.6956926584243774,0.4733946919441223,0.6514108180999756,0.6755649447441101,0.6276125907897949,0.6957623362541199,0.700473964214325,0.6638241410255432,0.6953231692314148,0.6874098181724548,0.6848964691162109,0.6933920979499817,0.6967307925224304
10,0.69061678647995,0.6425840258598328,0.6944513916969299,0.6185750961303711,0.6856664419174194,0.6793568134307861,0.696543276309967,0.6844691634178162,0.651018500328064,0.6977070569992065,0.6943401098251343,0.6920475959777832,0.6844372749328613,0.6924130916595459,0.6577980518341064,0.6768820881843567,0.620923638343811,0.6838586926460266,0.7014977931976318,0.6799364686012268,0.7476184368133545,0.6675015091896057,0.6465060710906982,0.6896129846572876,0.6680145859718323,0.6875008940696716,0.6681485176086426,0.6941217184066772,0.6993879675865173,0.5961873531341553,0.7306748032569885,0.6951223015785217,0.696976900100708,0.4819936752319336,0.6551996469497681,0.6814946532249451,0.6327154636383057,0.6967010498046875,0.7015056610107422,0.6721929311752319,0.6957967281341553,0.688977062702179,0.6731365323066711,0.6869966387748718,0.6952252984046936
11,0.6907739043235779,0.6456397175788879,0.6948103308677673,0.6139845848083496,0.6712226271629333,0.6877736449241638,0.6967283487319946,0.6858308911323547,0.652035653591156,0.7027606964111328,0.6974614858627319,0.692274808883667,0.6921225190162659,0.6925815343856812,0.6608548164367676,0.6790082454681396,0.633209764957428,0.6846398115158081,0.7020342350006104,0.6831843852996826,0.7289813756942749,0.668534517288208,0.6477513313293457,0.6895138025283813,0.6659073829650879,0.6887267231941223,0.6673733592033386,0.6946285963058472,0.7011814713478088,0.6051738858222961,0.7325973510742188,0.6962616443634033,0.6986403465270996,0.4827800989151001,0.6543852090835571,0.6849324703216553,0.6326993703842163,0.6977773904800415,0.7029451727867126,0.6758339405059814,0.6963876485824585,0.6893875598907471,0.6738970875740051,0.6886951327323914,0.6949536204338074
12,0.6910221576690674,0.6472193002700806,0.6952983736991882,0.614055871963501,0.6702448129653931,0.6904917359352112,0.6967790722846985,0.6875816583633423,0.6535099744796753,0.7051576972007751,0.6975340843200684,0.6897661089897156,0.6961168050765991,0.6928296685218811,0.6625702381134033,0.6751283407211304,0.6391785144805908,0.6866692304611206,0.7027603983879089,0.6901116967201233,0.7155553698539734,0.6711105108261108,0.6442986130714417,0.6903964281082153,0.6684215068817139,0.6729093194007874,0.666719913482666,0.6952407956123352,0.7032963037490845,0.6203070282936096,0.7330545783042908,0.6973410248756409,0.699906587600708,0.4807879626750946,0.6468766927719116,0.6906274557113647,0.638029158115387,0.6990149617195129,0.7035797238349915,0.6747499108314514,0.6971306800842285,0.6891212463378906,0.6738205552101135,0.6872633099555969,0.694894552230835
13,0.691375732421875,0.6499729752540588,0.6956904530525208,0.6150336265563965,0.6700698137283325,0.6861621737480164,0.6635813117027283,0.6889980435371399,0.6539273858070374,0.7019091844558716,0.6957980394363403,0.6885501146316528,0.7017928957939148,0.6930035352706909,0.6623803973197937,0.672505795955658,0.6473631858825684,0.6870078444480896,0.7036755084991455,0.6935678124427795,0.6965848803520203,0.6756046414375305,0.6436115503311157,0.6879972219467163,0.6741347312927246,0.673912525177002,0.6671586632728577,0.6956803798675537,0.7057205438613892,0.6271733641624451,0.7076088786125183,0.6987185478210449,0.7007585167884827,0.4778848886489868,0.6501714587211609,0.6926775574684143,0.6358304023742676,0.7004138231277466,0.704688549041748,0.6788155436515808,0.697792649269104,0.6897639632225037,0.6705559492111206,0.6892733573913574,0.6951335072517395
14,0.6918461322784424,0.65311598777771,0.6959486603736877,0.6161531209945679,0.6711262464523315,0.6909332871437073,0.6616525053977966,0.6906155943870544,0.6542394161224365,0.6979268789291382,0.6944644451141357,0.6888462901115417,0.7098224759101868,0.6932586431503296,0.6616283655166626,0.6738728284835815,0.64947110414505,0.6661984324455261,0.7048467993736267,0.6935403943061829,0.7014492154121399,0.6781852841377258,0.6473721861839294,0.6864711046218872,0.6835487484931946,0.6777845621109009,0.668955385684967,0.6958621144294739,0.7084653377532959,0.6256794929504395,0.7092751860618591,0.6999282240867615,0.7018991708755493,0.482003778219223,0.6552116274833679,0.6912511587142944,0.6241729855537415,0.7019476294517517,0.7050841450691223,0.6855471134185791,0.6985839605331421,0.6884278655052185,0.6705663204193115,0.6893267631530762,0.6958879232406616
15,0.6922016739845276,0.6569892764091492,0.6960289478302002,0.6178405284881592,0.6723126769065857,0.6909817457199097,0.6624199748039246,0.6907151937484741,0.6539227962493896,0.6957234740257263,0.6973903775215149,0.6895703673362732,0.7198837399482727,0.693622887134552,0.6619022488594055,0.6773788332939148,0.655610203742981,0.6685383319854736,0.7063353061676025,0.6923904418945312,0.7006973028182983,0.6791836023330688,0.648996114730835,0.6846561431884766,0.6868093609809875,0.6794820427894592,0.6721346974372864,0.6955848932266235,0.7115288376808167,0.6211692690849304,0.7097551226615906,0.7014171481132507,0.7033770084381104,0.4891308546066284,0.6555891633033752,0.6840662360191345,0.6171415448188782,0.7033078670501709,0.6996298432350159,0.6886087656021118,0.6992496252059937,0.6884646415710449,0.6715797185897827,0.686465859413147,0.6969238519668579
16,0.692379891872406,0.6619364023208618,0.6961817145347595,0.6170455813407898,0.6742649078369141,0.6870425343513489,0.6632235646247864,0.6866846680641174,0.6516552567481995,0.6974653601646423,0.7030267119407654,0.6907423138618469,0.7259355187416077,0.6941092610359192,0.6635906100273132,0.6782018542289734,0.6562919616699219,0.6684843301773071,0.7081571221351624,0.6960048079490662,0.7065818905830383,0.6816869378089905,0.6495013236999512,0.6826466917991638,0.6939446330070496,0.6819006204605103,0.6755127906799316,0.6951373219490051,0.7148910760879517,0.6174142360687256,0.7081855535507202,0.7032382488250732,0.7052204608917236,0.4942077696323395,0.6498889923095703,0.6836360096931458,0.622684895992279,0.7047953605651855,0.6963781714439392,0.6869048476219177,0.6997663974761963,0.6870493292808533,0.6734404563903809,0.6856381893157959,0.6974226236343384
17,0.6926308274269104,0.6663776636123657,0.6964457631111145,0.5878500938415527,0.6780433654785156,0.6851010322570801,0.6637155413627625,0.6861169338226318,0.649728000164032,0.7006962299346924,0.7113478183746338,0.6921377778053284,0.7353906035423279,0.6947486996650696,0.6640392541885376,0.6778965592384338,0.6514238119125366,0.6718683838844299,0.7102769613265991,0.6974299550056458,0.7058995962142944,0.6827192902565002,0.6491066813468933,0.6823746562004089,0.7041065096855164,0.6869710683822632,0.6774576306343079,0.695152223110199,0.7185739278793335,0.6137476563453674,0.7046288251876831,0.7047823071479797,0.7067674398422241,0.4967148602008819,0.6461151242256165,0.6854116320610046,0.6232853531837463,0.706023097038269,0.6923531889915466,0.6900448799133301,0.7003803253173828,0.6869978904724121,0.6764749884605408,0.6844648718833923,0.6982215046882629
18,0.6926769018173218,0.6721379160881042,0.696837842464447,0.5874157547950745,0.6807399988174438,0.6889191269874573,0.6651774048805237,0.684689998626709,0.6507623195648193,0.7056578993797302,0.7165053486824036,0.6938490271568298,0.7420542240142822,0.6955590844154358,0.6655235290527344,0.6793371438980103,0.6477996110916138,0.6764469146728516,0.7128048539161682,0.6972444653511047,0.7093303203582764,0.6827390193939209,0.6500619649887085,0.6829417943954468,0.7087011933326721,0.6888267993927002,0.6809400320053101,0.6955482363700867,0.7225680351257324,0.6136743426322937,0.7019344568252563,0.7066094279289246,0.7085683941841125,0.4968670308589935,0.6386315822601318,0.686767041683197,0.6273219585418701,0.7073593735694885,0.6877406239509583,0.6900174617767334,0.7011005878448486,0.6876533031463623,0.6785461902618408,0.68406081199646,0.7001481652259827
19,0.6928160190582275,0.6785046458244324,0.6973547339439392,0.5892078876495361,0.6822865009307861,0.6901321411132812,0.6656435132026672,0.6847206950187683,0.6526110768318176,0.7122739553451538,0.71962571144104,0.6962224841117859,0.7456352710723877,0.6965746879577637,0.6681622266769409,0.6788344383239746,0.6466911435127258,0.6829752326011658,0.7149693965911865,0.6983814239501953,0.703157901763916,0.6817348599433899,0.6510840058326721,0.685010552406311,0.7007086873054504,0.6873465180397034,0.684833824634552,0.696414053440094,0.7268568277359009,0.6148837208747864,0.6991634964942932,0.7087435722351074,0.7099514007568359,0.4971345961093902,0.634111225605011,0.6873858571052551,0.635699987411499,0.7084406018257141,0.6825762987136841,0.6874256730079651,0.7019478678703308,0.6896070837974548,0.6819280982017517,0.6861380934715271,0.7015577554702759
20,0.6930280327796936,0.6866568922996521,0.6980323791503906,0.5955567359924316,0.6850987076759338,0.6914145946502686,0.667777955532074,0.684018075466156,0.6550685167312622,0.7158930897712708,0.7208914756774902,0.6980410218238831,0.7460935711860657,0.6975157260894775,0.6695874929428101,0.6818544268608093,0.6499552130699158,0.6935609579086304,0.717454731464386,0.6980356574058533,0.7085597515106201,0.6816524267196655,0.6527482867240906,0.6872664093971252,0.6847512125968933,0.68928062915802,0.6904369592666626,0.6972677707672119,0.7314345836639404,0.6178956031799316,0.7014468908309937,0.7105112671852112,0.7107697129249573,0.5006096363067627,0.6352447271347046,0.690039873123169,0.629819393157959,0.709601640701294,0.6855459809303284,0.6902128458023071,0.7029222249984741,0.6908643841743469,0.6843726634979248,0.6900563836097717,0.7035472393035889
21,0.693362295627594,0.6908013224601746,0.698927104473114,0.6001747846603394,0.6884611248970032,0.6931192278862,0.6714783310890198,0.6819098591804504,0.6587100028991699,0.7172538638114929,0.7243198156356812,0.699860692024231,0.7446682453155518,0.6986239552497864,0.6712279319763184,0.6855953335762024,0.6501898765563965,0.7012593150138855,0.7194281816482544,0.6977778673171997,0.7085936665534973,0.6821014285087585,0.6553230285644531,0.6899877786636353,0.6817939281463623,0.6932834386825562,0.6944620609283447,0.6978922486305237,0.7356079816818237,0.6190721988677979,0.7066752910614014,0.7117791771888733,0.7109992504119873,0.5037433505058289,0.632540225982666,0.6919230818748474,0.622698187828064,0.7108424305915833,0.6861677765846252,0.6915485858917236,0.7040528655052185,0.692890465259552,0.688269853591919,0.6932871341705322,0.7062967419624329
22,0.6938084363937378,0.6955975890159607,0.7000408172607422,0.6045085787773132,0.6901547908782959,0.69730544090271,0.6746905446052551,0.6818487644195557,0.6601895689964294,0.7172115445137024,0.7297137975692749,0.7009925246238708,0.7444002032279968,0.6999286413192749,0.6727715134620667,0.6877583861351013,0.6534686088562012,0.7107406854629517,0.7216739058494568,0.6970821619033813,0.6955928802490234,0.6830463409423828,0.6596147418022156,0.6917391419410706,0.6782713532447815,0.7002001404762268,0.6966384649276733,0.6980285048484802,0.7400322556495667,0.6220057606697083,0.7090457677841187,0.7132540345191956,0.7035701870918274,0.5059115886688232,0.6317170858383179,0.695464015007019,0.6276633739471436,0.7121957540512085,0.6811268329620361,0.6950234770774841,0.7053380608558655,0.6951835751533508,0.6934053301811218,0.6985514163970947,0.7079682350158691
23,0.6944013833999634,0.701823353767395,0.7014076709747314,0.6104129552841187,0.6908423900604248,0.6988410949707031,0.6789357662200928,0.6818065643310547,0.6607227325439453,0.7155932784080505,0.7331990599632263,0.7018125057220459,0.7476917505264282,0.7011051177978516,0.6735405921936035,0.6893566250801086,0.6533829569816589,0.7159236669540405,0.724202573299408,0.698862612247467,0.7001426219940186,0.6850166320800781,0.6648949980735779,0.6927109360694885,0.6745245456695557,0.7075660824775696,0.6976892352104187,0.6968927979469299,0.7439795136451721,0.6255826950073242,0.7144365906715393,0.7149900794029236,0.7010405659675598,0.5109899640083313,0.6325700879096985,0.6993087530136108,0.6276090145111084,0.7136647701263428,0.6784425377845764,0.6970829963684082,0.706821620464325,0.6964658498764038,0.6996879577636719,0.7060595750808716,0.708371639251709
24,0.6951948404312134,0.7039020657539368,0.7030365467071533,0.6163962483406067,0.6907245516777039,0.6989035606384277,0.6854139566421509,0.6811150312423706,0.6633182764053345,0.7142187356948853,0.7378476858139038,0.703136682510376,0.7486927509307861,0.7020922899246216,0.6743675470352173,0.6897558569908142,0.6579551100730896,0.717476487159729,0.7271717190742493,0.701377272605896,0.6979225873947144,0.6867062449455261,0.6704465746879578,0.694174587726593,0.67484450340271,0.7105054259300232,0.7004175782203674,0.6972039937973022,0.7473150491714478,0.6323935389518738,0.7166292667388916,0.7170088887214661,0.6978615522384644,0.5134057998657227,0.6332074999809265,0.7043214440345764,0.6317049264907837,0.7152590751647949,0.6832098960876465,0.7014003992080688,0.7085092067718506,0.6988972425460815,0.7030727863311768,0.7141693830490112,0.7052754163742065
25,0.6961756348609924,0.7045580148696899,0.7049059867858887,0.6287785172462463,0.6922284960746765,0.7001192569732666,0.693847119808197,0.6815659999847412,0.6637197136878967,0.7132595777511597,0.7397752404212952,0.7038968801498413,0.7496171593666077,0.7028261423110962,0.6750205159187317,0.6899107098579407,0.6655542850494385,0.7239652872085571,0.7304897904396057,0.703675389289856,0.6924787163734436,0.6888989210128784,0.6771066188812256,0.6952589154243469,0.6736526489257812,0.7169030904769897,0.7017776370048523,0.6980631947517395,0.7507209777832031,0.6347267031669617,0.7231369018554688,0.7193454504013062,0.6946565508842468,0.5108726620674133,0.6329959630966187,0.7089889049530029,0.6327781081199646,0.7169641852378845,0.6843777298927307,0.7074549794197083,0.7103765606880188,0.7000643014907837,0.7074831128120422,0.7241025567054749,0.7064573764801025
26,0.697333812713623,0.7077094912528992,0.7065516710281372,0.6378923654556274,0.6925399303436279,0.7026317119598389,0.6998788714408875,0.6829272508621216,0.6656808257102966,0.7161571383476257,0.7405231595039368,0.7042758464813232,0.7547528147697449,0.7036226391792297,0.6772223114967346,0.6916365623474121,0.67535001039505,0.7324267029762268,0.7342156767845154,0.7043139934539795,0.6906867027282715,0.6900192499160767,0.6786273121833801,0.6969947814941406,0.6768199801445007,0.7251990437507629,0.704923689365387,0.6994146704673767,0.7542354464530945,0.6387748718261719,0.7326374053955078,0.7219898104667664,0.6979470252990723,0.5131416320800781,0.6321143507957458,0.7137529850006104,0.6291873455047607,0.7188117504119873,0.6843345761299133,0.710767388343811,0.7120473980903625,0.6985482573509216,0.7131816148757935,0.7367209792137146,0.708827793598175
27,0.6986919641494751,0.7125787138938904,0.7079225778579712,0.6443976759910583,0.6922143697738647,0.7047628164291382,0.7033145427703857,0.6840764880180359,0.6707784533500671,0.717425525188446,0.7405775189399719,0.7013566493988037,0.7577637434005737,0.704529881477356,0.6784156560897827,0.6939294934272766,0.6788575053215027,0.7427430748939514,0.7369849681854248,0.7048574686050415,0.6836811304092407,0.6903599500656128,0.6753949522972107,0.7002066969871521,0.6824994683265686,0.72881019115448,0.7093340158462524,0.7005067467689514,0.7578966021537781,0.6384360790252686,0.7386239767074585,0.7249984741210938,0.7040755748748779,0.5162530541419983,0.631913959980011,0.7186236381530762,0.6317502856254578,0.7208532094955444,0.6891425251960754,0.7158052325248718,0.7138732671737671,0.6981422901153564,0.716564416885376,0.7451220154762268,0.7103738188743591
28,0.6996968984603882,0.7190484404563904,0.7089168429374695,0.645662248134613,0.6937591433525085,0.7060925364494324,0.7048671245574951,0.6859482526779175,0.6740591526031494,0.7197259664535522,0.7428134679794312,0.7010233998298645,0.7582187652587891,0.705610990524292,0.6737317442893982,0.6958923935890198,0.6860741972923279,0.7491965293884277,0.7399961352348328,0.7060501575469971,0.6800558567047119,0.6909182667732239,0.6745267510414124,0.7046405076980591,0.6879209280014038,0.7251405119895935,0.7146673798561096,0.7025810480117798,0.7608673572540283,0.6314176917076111,0.7473251223564148,0.7283557057380676,0.7125966548919678,0.5169697403907776,0.6339094638824463,0.7218924760818481,0.6359633207321167,0.7230319380760193,0.6912515163421631,0.7237529754638672,0.7158591747283936,0.699300229549408,0.7183816432952881,0.7497432827949524,0.7132682800292969
29,0.7007479667663574,0.7261490821838379,0.7101159691810608,0.6456762552261353,0.6963430047035217,0.7075329422950745,0.7078437209129333,0.6884843707084656,0.6798468232154846,0.724251389503479,0.7432675361633301,0.7023070454597473,0.7627176642417908,0.7064517736434937,0.6728130578994751,0.6969955563545227,0.6950579881668091,0.7569539546966553,0.7432370781898499,0.7057411670684814,0.6802316904067993,0.6932060718536377,0.6736472249031067,0.7102817296981812,0.6944463849067688,0.7309109568595886,0.7214639186859131,0.7040148973464966,0.7639472484588623,0.6279037594795227,0.7521255612373352,0.7321186065673828,0.718180239200592,0.5167571902275085,0.6388376355171204,0.7255578637123108,0.6425617337226868,0.7249211668968201,0.6977583169937134,0.7338562607765198,0.718034029006958,0.7010815143585205,0.7182092070579529,0.7521169781684875,0.7174094915390015
30,0.7018406391143799,0.7290851473808289,0.7107577323913574,0.6450685858726501,0.6980808973312378,0.7080600261688232,0.7138892412185669,0.6905417442321777,0.6827247142791748,0.7261940240859985,0.7468081116676331,0.7038539052009583,0.7648668885231018,0.7074607014656067,0.6736141443252563,0.6992583274841309,0.699622392654419,0.7604397535324097,0.744940996170044,0.7068942785263062,0.6795629858970642,0.6962227821350098,0.6729070544242859,0.7155635356903076,0.7033277153968811,0.7329546213150024,0.729648232460022,0.7062795758247375,0.76712965965271,0.6287495493888855,0.7537792325019836,0.7362701296806335,0.7214145660400391,0.5161926746368408,0.6418348550796509,0.7293241024017334,0.6452211737632751,0.7264043688774109,0.699364185333252,0.7456389665603638,0.7198852300643921,0.7031264305114746,0.7182965874671936,0.7536765336990356,0.7229290008544922
31,0.7029618620872498,0.7305967211723328,0.7115713357925415,0.6476996541023254,0.7011411190032959,0.7083436846733093,0.7180120944976807,0.6954457759857178,0.6882125735282898,0.7302311658859253,0.7523279786109924,0.7053965926170349,0.771240770816803,0.7086516618728638,0.6740207672119141,0.7022363543510437,0.6979528665542603,0.7614662647247314,0.7467328906059265,0.707051694393158,0.6800743341445923,0.7000868916511536,0.6732649207115173,0.7210266590118408,0.7146598696708679,0.7407572269439697,0.7386542558670044,0.7076870203018188,0.7704637050628662,0.6301282644271851,0.7615326642990112,0.7395477294921875,0.7222583293914795,0.5186367034912109,0.6473590135574341,0.7335610389709473,0.6514206528663635,0.7279300689697266,0.7046783566474915,0.7515321969985962,0.7218570113182068,0.7057181000709534,0.7209657430648804,0.7585965991020203,0.726545512676239
32,0.7042243480682373,0.7302492260932922,0.7118350863456726,0.6466004848480225,0.7059333920478821,0.7097845673561096,0.7247077822685242,0.7009036540985107,0.6952171325683594,0.7330334186553955,0.7555221319198608,0.7058879733085632,0.7749416828155518,0.7100552916526794,0.674838662147522,0.7059623599052429,0.6941177248954773,0.7612424492835999,0.6945106983184814,0.7094727158546448,0.6796311140060425,0.705318808555603,0.6741717457771301,0.7255480885505676,0.7211331129074097,0.7439754009246826,0.7449591159820557,0.7083751559257507,0.7739464640617371,0.6321663856506348,0.7650776505470276,0.7430814504623413,0.7214150428771973,0.5205512046813965,0.648711085319519,0.73833167552948,0.654686689376831,0.7295461297035217,0.7068865299224854,0.7542956471443176,0.7239856719970703,0.7090657949447632,0.7235270738601685,0.7657456994056702,0.728614866733551
33,0.7056221961975098,0.7324802875518799,0.7122823596000671,0.6468928456306458,0.7093748450279236,0.7134366035461426,0.7333182692527771,0.7056331038475037,0.6993471384048462,0.7336095571517944,0.7615200281143188,0.7074021100997925,0.7756281495094299,0.7116811871528625,0.6749442219734192,0.7095363140106201,0.6933416724205017,0.7652113437652588,0.689958930015564,0.7123382687568665,0.6792793869972229,0.7088471055030823,0.674842894077301,0.7307666540145874,0.7303817272186279,0.7525030374526978,0.7530004382133484,0.7096340656280518,0.7775723338127136,0.635231077671051,0.7733250260353088,0.7468307018280029,0.7210383415222168,0.5232222080230713,0.6514294147491455,0.7400639057159424,0.6609311103820801,0.7312497496604919,0.7058234214782715,0.7562223076820374,0.7262220978736877,0.7129374146461487,0.7254977226257324,0.7710868716239929,0.7297876477241516
34,0.7072257399559021,0.7325801253318787,0.6606200337409973,0.6435685753822327,0.7123961448669434,0.717875599861145,0.7430210709571838,0.7126667499542236,0.7021329998970032,0.7366037964820862,0.7679927945137024,0.7087241411209106,0.7755762338638306,0.7135833501815796,0.6745761632919312,0.7130606174468994,0.6929963827133179,0.7725186944007874,0.6870632171630859,0.7156978845596313,0.6813749670982361,0.7138398885726929,0.6697374582290649,0.7346803545951843,0.7425823211669922,0.7573221325874329,0.7622196674346924,0.7124723792076111,0.7803375124931335,0.6385191082954407,0.7851834297180176,0.7510383725166321,0.7204427123069763,0.5278156995773315,0.6542789340019226,0.7409620881080627,0.6686883568763733,0.7330093383789062,0.70428866147995,0.7587129473686218,0.7286175489425659,0.7185732126235962,0.7297875881195068,0.7794640064239502,0.730132520198822
35,0.7080035209655762,0.7321757674217224,0.6513081192970276,0.6443154215812683,0.7156859040260315,0.7232723236083984,0.754528820514679,0.7185275554656982,0.703586757183075,0.7371346354484558,0.7712140083312988,0.7099592685699463,0.7800877094268799,0.7156862616539001,0.6728400588035583,0.7166287302970886,0.6934411525726318,0.7821194529533386,0.6891565918922424,0.7172669768333435,0.6864296197891235,0.719974160194397,0.6699806451797485,0.7386196255683899,0.7459285259246826,0.7570205926895142,0.7679426670074463,0.7163099646568298,0.7821422815322876,0.640053391456604,0.7910872101783752,0.7553765773773193,0.7198377251625061,0.5330289602279663,0.6599944233894348,0.7444638609886169,0.6721971035003662,0.7348946332931519,0.7025779485702515,0.7614344954490662,0.7305891513824463,0.7216913104057312,0.7339734435081482,0.7896608114242554,0.7300292253494263
36,0.708741307258606,0.7345927357673645,0.6472617387771606,0.6448200941085815,0.7196802496910095,0.7253718376159668,0.7629162073135376,0.7253347635269165,0.7040628790855408,0.7396835088729858,0.7759543657302856,0.7113497257232666,0.7819944620132446,0.7181190252304077,0.6737572550773621,0.7200764417648315,0.6980764865875244,0.7870396375656128,0.6897651553153992,0.7185252904891968,0.690859854221344,0.7237616777420044,0.6694937348365784,0.741482675075531,0.7532894611358643,0.7621296644210815,0.7705896496772766,0.7208604216575623,0.7829651832580566,0.6415734887123108,0.8020915389060974,0.758338451385498,0.7259959578514099,0.5408865213394165,0.660366415977478,0.750195324420929,0.673899233341217,0.7369311451911926,0.7022001147270203,0.7650160193443298,0.731921911239624,0.7233666777610779,0.7384021878242493,0.7968696355819702,0.7323246002197266
37,0.5764750838279724,0.7385909557342529,0.6457133293151855,0.6475765705108643,0.7228188514709473,0.7298698425292969,0.7673810720443726,0.7306542992591858,0.704730212688446,0.7433038353919983,0.7823386192321777,0.712218165397644,0.7886410355567932,0.7208211421966553,0.6749905347824097,0.7238472700119019,0.7014791965484619,0.7953962087631226,0.686228334903717,0.7210322618484497,0.696307361125946,0.7284854054450989,0.6688700318336487,0.745215892791748,0.7633474469184875,0.770398736000061,0.7759987115859985,0.7261357307434082,0.6122668981552124,0.6422120928764343,0.8091136813163757,0.7616613507270813,0.7300524115562439,0.5471188426017761,0.6651924848556519,0.7578410506248474,0.6753700375556946,0.739095151424408,0.7087385058403015,0.769102931022644,0.7333047389984131,0.7239761352539062,0.7435600757598877,0.8025986552238464,0.7331799268722534
38,0.5765653252601624,0.7410463690757751,0.651917576789856,0.6503629088401794,0.727182149887085,0.7347865104675293,0.77391517162323,0.7371697425842285,0.7047238349914551,0.7453073859214783,0.7864282131195068,0.7125535011291504,0.798433780670166,0.7229641079902649,0.6758526563644409,0.7283766865730286,0.7088419198989868,0.8003151416778564,0.6874250769615173,0.7251548171043396,0.7026708126068115,0.7343869805335999,0.6703059673309326,0.748607337474823,0.7780305743217468,0.7726907134056091,0.7841964960098267,0.7328858971595764,0.568159818649292,0.6423006653785706,0.8123749494552612,0.7634198069572449,0.7327355146408081,0.5538246035575867,0.66670823097229,0.7657190561294556,0.6803468465805054,0.7413498163223267,0.7112600803375244,0.7760184407234192,0.7339527606964111,0.7263005971908569,0.7494094371795654,0.811453104019165,0.7329899072647095
39,0.5741170048713684,0.7428305745124817,0.6538650393486023,0.6555758714675903,0.7320742607116699,0.7348749041557312,0.7771691083908081,0.7421932220458984,0.7056115865707397,0.7501405477523804,0.7893889546394348,0.7128825187683105,0.8046892285346985,0.7252876162528992,0.6790837049484253,0.7327690124511719,0.7148617506027222,0.8018486499786377,0.6891717314720154,0.7282686829566956,0.7072699069976807,0.7376947999000549,0.6737517714500427,0.7539618015289307,0.794424831867218,0.7715771198272705,0.7938663363456726,0.7403507232666016,0.569944441318512,0.6419820189476013,0.8234908580780029,0.7653337717056274,0.7338058948516846,0.5594356060028076,0.6667047142982483,0.7711290121078491,0.6843398213386536,0.7437260150909424,0.7117809057235718,0.7856341600418091,0.6533220410346985,0.7273117303848267,0.7551893591880798,0.8223571181297302,0.7346934676170349
40,0.5716663002967834,0.7460864782333374,0.6527321338653564,0.6583042740821838,0.7376767992973328,0.7376940846443176,0.7789396047592163,0.7491540312767029,0.7059219479560852,0.756503164768219,0.794971227645874,0.7135565280914307,0.8091034889221191,0.7267267107963562,0.6803221106529236,0.7379709482192993,0.7202728390693665,0.8068851232528687,0.692179799079895,0.7307360768318176,0.7144677042961121,0.741837739944458,0.6804531812667847,0.759784996509552,0.8008648753166199,0.77701735496521,0.8046438694000244,0.7484720349311829,0.5750066041946411,0.6429656744003296,0.8394307494163513,0.7512898445129395,0.7416701316833496,0.5661759972572327,0.666591465473175,0.7781924605369568,0.6896398663520813,0.7455131411552429,0.7127118706703186,0.7935757637023926,0.6486169695854187,0.7287742495536804,0.7616103887557983,0.8347172737121582,0.7385640144348145
41,0.5736871957778931,0.7501609921455383,0.6497139930725098,0.6611605882644653,0.7424787878990173,0.7360962629318237,0.7835145592689514,0.7574026584625244,0.70579993724823,0.759422779083252,0.7982373833656311,0.7135779857635498,0.8113890886306763,0.7282371520996094,0.6813526153564453,0.7436069250106812,0.7253977060317993,0.8085485100746155,0.6962195634841919,0.7338109612464905,0.7236528992652893,0.7425927519798279,0.6857866644859314,0.7672621011734009,0.8002212643623352,0.7775132060050964,0.8163440227508545,0.7575081586837769,0.580712080001831,0.6447320580482483,0.8504676818847656,0.7491642236709595,0.7472270131111145,0.5741390585899353,0.6711199879646301,0.7855026125907898,0.6961482167243958,0.746565043926239,0.7149635553359985,0.8002685308456421,0.647255003452301,0.7314618825912476,0.7675216794013977,0.8433306813240051,0.7409570813179016
42,0.5791944861412048,0.7522175312042236,0.6561713218688965,0.6650974750518799,0.7468168139457703,0.7424805164337158,0.7857728600502014,0.7667155265808105,0.7063778042793274,0.7662917971611023,0.7999297976493835,0.7129367589950562,0.81833815574646,0.7299042344093323,0.6850294470787048,0.7480692863464355,0.7280137538909912,0.8135637044906616,0.6989840865135193,0.7367532849311829,0.7301088571548462,0.744795560836792,0.6906678676605225,0.7749480605125427,0.7969428896903992,0.7754266262054443,0.8285236954689026,0.766509473323822,0.5858882665634155,0.6468068957328796,0.8590378761291504,0.7478781342506409,0.7494722604751587,0.5826305747032166,0.6817440986633301,0.7933550477027893,0.7012156844139099,0.7476562261581421,0.7214444875717163,0.8065719604492188,0.646877110004425,0.7329207062721252,0.7733698487281799,0.8546618819236755,0.7419216632843018
43,0.5807037949562073,0.752410888671875,0.6655714511871338,0.6690411567687988,0.7509635090827942,0.7445711493492126,0.7923098802566528,0.7767581343650818,0.7075709700584412,0.7742999792098999,0.8016114830970764,0.712675154209137,0.8231565952301025,0.7305298447608948,0.6906383633613586,0.7517691850662231,0.7295538187026978,0.815525233745575,0.7033618688583374,0.7404523491859436,0.7345668077468872,0.7491777539253235,0.6966566443443298,0.781219482421875,0.7943128943443298,0.7813036441802979,0.8359510898590088,0.7763640880584717,0.587662935256958,0.6499392986297607,0.8656184673309326,0.7473212480545044,0.7569336891174316,0.591323971748352,0.6936256885528564,0.8020054697990417,0.7070735096931458,0.7487657070159912,0.7299650311470032,0.8126274347305298,0.6501263976097107,0.735395610332489,0.7784404158592224,0.8670539259910583,0.7420305013656616
44,0.587364673614502,0.7507629990577698,0.6789526343345642,0.6732239723205566,0.7556019425392151,0.7435489892959595,0.8014835119247437,0.785031795501709,0.7094904184341431,0.7787957191467285,0.8029037714004517,0.7128612399101257,0.8259113430976868,0.7312958240509033,0.6938794851303101,0.7568405270576477,0.7319804430007935,0.8150440454483032,0.7093832492828369,0.7441555261611938,0.7404272556304932,0.750627338886261,0.7015668749809265,0.7871057391166687,0.7910666465759277,0.7842273116111755,0.8404668569564819,0.7844477891921997,0.5868341326713562,0.6519288420677185,0.8720672130584717,0.7454289793968201,0.7593528628349304,0.5990142822265625,0.7054755687713623,0.8109256625175476,0.7116026878356934,0.7499147653579712,0.7408751845359802,0.8208001852035522,0.6548742055892944,0.7381853461265564,0.7840266227722168,0.8756450414657593,0.7438194155693054
45,0.5898239016532898,0.7515725493431091,0.6964659094810486,0.6745283603668213,0.759788990020752,0.7420247793197632,0.8077442646026611,0.792920708656311,0.712338387966156,0.7810036540031433,0.805137038230896,0.7124646902084351,0.8335137963294983,0.6830725073814392,0.6942020654678345,0.7617312073707581,0.7377166152000427,0.8142493367195129,0.7155345678329468,0.750115156173706,0.7475142478942871,0.7535120248794556,0.7070481181144714,0.7933403253555298,0.798685610294342,0.7863714098930359,0.8482608795166016,0.7902929186820984,0.5855823159217834,0.6516922116279602,0.8764250874519348,0.7475501894950867,0.7671865820884705,0.6068406105041504,0.7182104587554932,0.8162482380867004,0.7174314856529236,0.7500951886177063,0.7466928362846375,0.8287017345428467,0.6615553498268127,0.7398386597633362,0.79001784324646,0.8870327472686768,0.7433566451072693
46,0.5915882587432861,0.7525286078453064,0.7172540426254272,0.6784730553627014,0.7654892802238464,0.7393855452537537,0.8121869564056396,0.7958322763442993,0.7147495746612549,0.7816554307937622,0.8102654218673706,0.7124165296554565,0.8386332988739014,0.6843292117118835,0.6955901384353638,0.7665737867355347,0.7455505132675171,0.8141705393791199,0.7182320952415466,0.758149266242981,0.7551738023757935,0.7540751099586487,0.7106715440750122,0.7994531393051147,0.8003843426704407,0.7944833636283875,0.8537346124649048,0.7932941913604736,0.586479127407074,0.6513440012931824,0.8806004524230957,0.7469218969345093,0.7796267867088318,0.6164259910583496,0.7207380533218384,0.823971688747406,0.7246570587158203,0.7503110766410828,0.750627875328064,0.8376317024230957,0.6680595278739929,0.7419386506080627,0.795143723487854,0.9003255367279053,0.7455373406410217
47,0.5920833945274353,0.7541455626487732,0.7395505309104919,0.6840454339981079,0.771045982837677,0.7387760877609253,0.815945029258728,0.7961453795433044,0.7162252068519592,0.7852694988250732,0.8180146217346191,0.714069664478302,0.8417943716049194,0.6838527917861938,0.697299599647522,0.7689505815505981,0.7534021139144897,0.8186169266700745,0.7170799970626831,0.7665952444076538,0.7645516395568848,0.7532250285148621,0.7126506567001343,0.8063855171203613,0.7992458939552307,0.798298180103302,0.8614150881767273,0.7954167723655701,0.5865243673324585,0.6499969959259033,0.885212242603302,0.745667576789856,0.7862634062767029,0.6260293126106262,0.7218853235244751,0.8275618553161621,0.7306894659996033,0.7505643367767334,0.7523596286773682,0.8460937738418579,0.6715885400772095,0.7447201609611511,0.7986394762992859,0.91433584690094,0.7488937377929688
48,0.5968322157859802,0.7568970322608948,0.751423180103302,0.6856756806373596,0.7773120999336243,0.7425593733787537,0.8182367086410522,0.7984516024589539,0.7166868448257446,0.7869484424591064,0.8228195309638977,0.717080295085907,0.843431830406189,0.6855501532554626,0.6978424191474915,0.7727118730545044,0.7619699835777283,0.8208759427070618,0.7154682278633118,0.7733342051506042,0.7686946988105774,0.7559124827384949,0.7159385681152344,0.811907172203064,0.8062804937362671,0.8068594336509705,0.865577757358551,0.7971196174621582,0.5891756415367126,0.6494094729423523,0.8890737891197205,0.7440513372421265,0.7893320322036743,0.635288655757904,0.7230535745620728,0.8296440839767456,0.7346524596214294,0.7508643865585327,0.7525629997253418,0.8561667799949646,0.6754518747329712,0.7456075549125671,0.801886796951294,0.9212905168533324,0.7511064410209656
49,0.5972732305526733,0.7609307765960693,0.7583701610565186,0.6878501772880554,0.7833395600318909,0.7421450614929199,0.8200080990791321,0.7995898723602295,0.7188810706138611,0.7870832681655884,0.8255611658096313,0.7212685346603394,0.849862277507782,0.6853492856025696,0.6983686089515686,0.776160717010498,0.7724668979644775,0.8215562701225281,0.7143247723579407,0.7800328135490417,0.775225818157196,0.7576790452003479,0.7198398113250732,0.816620945930481,0.8064706325531006,0.8181074261665344,0.873004138469696,0.7988185882568359,0.5888481736183167,0.6503512859344482,0.8925807476043701,0.7417720556259155,0.7977890968322754,0.6445626616477966,0.7324581742286682,0.8314048647880554,0.7394160628318787,0.7511305809020996,0.7521190643310547,0.8659622073173523,0.6805201768875122,0.7466172575950623,0.8062246441841125,0.9325937628746032,0.7545974254608154
50,0.5989173650741577,0.7651615142822266,0.7733197808265686,0.6901757717132568,0.789541482925415,0.7418943047523499,0.8268497586250305,0.8021469116210938,0.7196033596992493,0.787322461605072,0.831045925617218,0.7279133796691895,0.8593123555183411,0.687476634979248,0.6966776847839355,0.7805252075195312,0.7824559807777405,0.8257246613502502,0.7140846848487854,0.7863891124725342,0.7781105637550354,0.7587970495223999,0.7256196737289429,0.8223695158958435,0.8133093118667603,0.8300986289978027,0.8772627115249634,0.8004516363143921,0.5885765552520752,0.6523827910423279,0.8968865871429443,0.7453961968421936,0.8015093803405762,0.6534879803657532,0.7350509762763977,0.8319453597068787,0.7451138496398926,0.5837881565093994,0.7512116432189941,0.8768427968025208,0.6816337704658508,0.7487484216690063,0.8102545142173767,0.9458431005477904,0.7594380378723145
51,0.600013256072998,0.7708165049552917,0.7915751934051514,0.696513831615448,0.7963376641273499,0.7426913976669312,0.8369697332382202,0.8062567710876465,0.7217248678207397,0.7887820601463318,0.8348676562309265,0.7369586229324341,0.8712212443351746,0.6881865859031677,0.6983301639556885,0.7826728224754333,0.7873137593269348,0.8274884819984436,0.7165100574493408,0.79327392578125,0.7851220965385437,0.7599620819091797,0.7299084663391113,0.8282424807548523,0.8236119151115417,0.8421646952629089,0.8799340724945068,0.8052875995635986,0.5875080227851868,0.6554926037788391,0.9002262949943542,0.7506076097488403,0.8008190989494324,0.663225531578064,0.7357144951820374,0.8324813842773438,0.7506061792373657,0.5801097750663757,0.7559731006622314,0.8886122107505798,0.6837975382804871,0.7505117058753967,0.8147118091583252,0.9606983661651612,0.7629067301750183
52,0.6050012707710266,0.7772654891014099,0.8109418749809265,0.7067121863365173,0.8027128577232361,0.7444007992744446,0.8432869911193848,0.810681164264679,0.7235632538795471,0.7931239604949951,0.8414167761802673,0.747023344039917,0.8865377902984619,0.6916261315345764,0.6974343657493591,0.7848590612411499,0.7945597171783447,0.8261416554450989,0.7172053456306458,0.7987972497940063,0.793250322341919,0.7623234391212463,0.7338149547576904,0.8339682817459106,0.8375119566917419,0.8480023741722107,0.8817201852798462,0.8097812533378601,0.5891412496566772,0.6583643555641174,0.9026216268539428,0.7582224011421204,0.7953217029571533,0.6717360615730286,0.7399137020111084,0.8336385488510132,0.7570539116859436,0.5817096829414368,0.7639570832252502,0.8981308937072754,0.684234082698822,0.753368616104126,0.8179981112480164,0.9688621759414672,0.765883207321167
53,0.6112168431282043,0.7834184169769287,0.822330117225647,0.7120345830917358,0.8094071745872498,0.7467272877693176,0.8478801846504211,0.8149346113204956,0.7260244488716125,0.7957155108451843,0.84995436668396,0.755159854888916,0.8976456522941589,0.6968215107917786,0.6956478953361511,0.7875230312347412,0.8021425008773804,0.8257381916046143,0.7177104949951172,0.8022551536560059,0.7966834306716919,0.7675797343254089,0.7402493357658386,0.8388511538505554,0.8423537611961365,0.8512581586837769,0.8829346299171448,0.8158255815505981,0.5919938683509827,0.6609708666801453,0.9029691815376282,0.761293888092041,0.8029176592826843,0.6803904175758362,0.7401555776596069,0.8406747579574585,0.7641483545303345,0.585165798664093,0.7746573686599731,0.9050652384757996,0.6842120885848999,0.7564553022384644,0.8217116594314575,0.9748862385749816,0.7691527605056763
54,0.614717423915863,0.7905696034431458,0.8409304022789001,0.7149623036384583,0.8168534636497498,0.7482163310050964,0.8508564233779907,0.819237470626831,0.7294067144393921,0.7999215126037598,0.8553771376609802,0.764382004737854,0.9055014848709106,0.7026785016059875,0.6968482732772827,0.7904444336891174,0.806759774684906,0.825184166431427,0.7202832102775574,0.8063288331031799,0.8037359714508057,0.7719950675964355,0.746163547039032,0.8435686230659485,0.8521203398704529,0.8575826287269592,0.8825837969779968,0.8197002410888672,0.5926326513290405,0.663967490196228,0.9028306603431702,0.7585527896881104,0.8154953122138977,0.6902334690093994,0.7457548379898071,0.8470889925956726,0.7709086537361145,0.589667797088623,0.77959805727005,0.9140409231185912,0.6871542930603027,0.7603370547294617,0.8259389996528625,0.9856011271476746,0.7742089629173279
55,0.6168444156646729,0.7984221577644348,0.8598975539207458,0.7143813371658325,0.8244431018829346,0.7537635564804077,0.8572061061859131,0.8254040479660034,0.7297340631484985,0.8040670156478882,0.8602108955383301,0.7731716632843018,0.9111953973770142,0.7059510946273804,0.69697105884552,0.793627917766571,0.8122907876968384,0.8245790600776672,0.7223281264305115,0.8130835890769958,0.8117422461509705,0.7784422039985657,0.7534087300300598,0.8486379384994507,0.8522422313690186,0.8617275953292847,0.885697603225708,0.8257173895835876,0.592437207698822,0.6659690141677856,0.9018431901931764,0.7519835829734802,0.831543505191803,0.7002362012863159,0.7455791234970093,0.8536977171897888,0.7750723361968994,0.5917635560035706,0.7881417870521545,0.9208542704582214,0.6892054080963135,0.7655271291732788,0.829994797706604,0.9909446835517884,0.7807396650314331
56,0.6172199845314026,0.8062836527824402,0.8810408115386963,0.7194699048995972,0.8319626450538635,0.7606419920921326,0.8610658049583435,0.83254075050354,0.7299945950508118,0.8067028522491455,0.8640577793121338,0.7806861400604248,0.9211453795433044,0.7116791605949402,0.6967236399650574,0.7976401448249817,0.8162398338317871,0.8229206204414368,0.724852979183197,0.8205007910728455,0.8232435584068298,0.7843021154403687,0.7612702250480652,0.8521709442138672,0.8585837483406067,0.8686812520027161,0.8872753381729126,0.8298110365867615,0.5923286080360413,0.6693542003631592,0.8992922306060791,0.7506923675537109,0.8394407629966736,0.7091007828712463,0.7506788372993469,0.8602118492126465,0.7769358158111572,0.5954363346099854,0.7940492033958435,0.9287684559822084,0.6939825415611267,0.7697097063064575,0.8339868187904358,1.00026273727417,0.787322461605072
57,0.6164716482162476,0.8136261105537415,0.8862353563308716,0.7202564477920532,0.8405740261077881,0.7647351026535034,0.8628633618354797,0.8407825231552124,0.7307990193367004,0.8080651760101318,0.8684487342834473,0.7889150381088257,0.9274466633796692,0.7193766832351685,0.6967777013778687,0.8010640144348145,0.8179113268852234,0.8261117339134216,0.7255529761314392,0.826245903968811,0.8343921899795532,0.789110541343689,0.7705007195472717,0.8557630777359009,0.8580605387687683,0.8794432282447815,0.8874039649963379,0.8326935768127441,0.5929114818572998,0.6728489398956299,0.9069207906723022,0.7573189735412598,0.8529093861579895,0.7183991074562073,0.7586147785186768,0.8671790361404419,0.7815489768981934,0.5992749929428101,0.8054010272026062,0.9376526474952698,0.7000356316566467,0.7724814414978027,0.8377796411514282,1.005619764328003,0.7923837900161743
58,0.6154959797859192,0.8207934498786926,0.8882283568382263,0.724855363368988,0.8486359119415283,0.7716116905212402,0.8641220927238464,0.8501588702201843,0.730954647064209,0.8090114593505859,0.8761287927627563,0.7979351878166199,0.937171995639801,0.7233601212501526,0.6980167627334595,0.8045929670333862,0.8227736949920654,0.827281653881073,0.7278997302055359,0.8333119750022888,0.8404699563980103,0.7933371663093567,0.7781018614768982,0.859936535358429,0.8579294681549072,0.8841731548309326,0.8910948038101196,0.8353606462478638,0.5946470499038696,0.6777615547180176,0.9077472686767578,0.7599416971206665,0.872123122215271,0.7287452220916748,0.7615087032318115,0.8754905462265015,0.7886916995048523,0.6005061268806458,0.8164488077163696,0.94751238822937,0.7045345306396484,0.7747241854667664,0.8420979976654053,1.0096358060836792,0.7996875047683716
59,0.6193657517433167,0.8275694847106934,0.887023389339447,0.7274495959281921,0.8565428853034973,0.7786913514137268,0.863599956035614,0.8560290336608887,0.7321522235870361,0.8092717528343201,0.8819894194602966,0.806474506855011,0.9433815479278564,0.7241674065589905,0.7008592486381531,0.805690586566925,0.8249289989471436,0.8284001350402832,0.7311358451843262,0.8401077389717102,0.8455653190612793,0.7973253130912781,0.7858123779296875,0.8624371290206909,0.8552935719490051,0.8880511522293091,0.892449140548706,0.8405932784080505,0.5964066386222839,0.6842368841171265,0.9169942736625672,0.7698646783828735,0.8959430456161499,0.738372266292572,0.7685954570770264,0.8831525444984436,0.7966831922531128,0.6046685576438904,0.8290948271751404,0.9541948437690736,0.7103488445281982,0.7761777639389038,0.8477282524108887,1.0196902751922607,0.8075531721115112
60,0.6246305108070374,0.8336119055747986,0.8941185474395752,0.7274162769317627,0.8637679219245911,0.783266007900238,0.8629472255706787,0.8592662811279297,0.7342000603675842,0.812732994556427,0.8866272568702698,0.8153786659240723,0.9479190707206726,0.7239784002304077,0.7037550210952759,0.8053746819496155,0.8268936276435852,0.8301634192466736,0.7360346913337708,0.8468718528747559,0.8503330945968628,0.8019171953201294,0.7931974530220032,0.8654237985610962,0.8646507263183594,0.8963184952735901,0.8923076391220093,0.8477155566215515,0.5998580455780029,0.6882687211036682,0.9296228885650636,0.782426118850708,0.9081256985664368,0.7479696869850159,0.778419554233551,0.894133448600769,0.8032974004745483,0.6101586818695068,0.8427984118461609,0.9594743847846984,0.7158394455909729,0.7783734202384949,0.8532350659370422,1.024641752243042,0.813934862613678
61,0.6244820952415466,0.840121865272522,0.906291663646698,0.7302911877632141,0.8714653849601746,0.7893650531768799,0.8633338212966919,0.8627504706382751,0.7361174821853638,0.818999707698822,0.8942266702651978,0.8239104747772217,0.956979274749756,0.7278478741645813,0.7056524157524109,0.8087127804756165,0.8325554132461548,0.8344215154647827,0.7406079769134521,0.852918267250061,0.8553683757781982,0.808464765548706,0.7990384101867676,0.867635190486908,0.8667703866958618,0.9015466570854188,0.8962947130203247,0.853055477142334,0.6037400960922241,0.6916788220405579,0.9333890676498412,0.7903586626052856,0.9134873151779176,0.7564416527748108,0.7814120650291443,0.9046276211738586,0.8089820146560669,0.6147977113723755,0.8499042391777039,0.964314341545105,0.7206205725669861,0.7806259989738464,0.8602502346038818,1.028211236000061,0.8210294246673584
62,0.6284420490264893,0.8464568257331848,0.9183262586593628,0.7309589385986328,0.878044843673706,0.7961520552635193,0.8690417408943176,0.8698266744613647,0.7388624548912048,0.8248865008354187,0.8994951844215393,0.8289368152618408,0.9634239673614502,0.7291210293769836,0.7083603739738464,0.8103030323982239,0.8375846147537231,0.8371821045875549,0.739092230796814,0.8597588539123535,0.865644097328186,0.8154332041740417,0.8040634393692017,0.8712529540061951,0.8664153814315796,0.9065662622451782,0.902212917804718,0.8590889573097229,0.6071149706840515,0.6962620615959167,0.933778703212738,0.802306592464447,0.9145963788032532,0.7647402882575989,0.7804939150810242,0.9137502312660216,0.8161669969558716,0.6152594089508057,0.8534113168716431,0.9714060425758362,0.7244049310684204,0.7831509113311768,0.8667389154434204,1.03727388381958,0.8278342485427856
63,0.6369417309761047,0.8519833087921143,0.9197701811790466,0.7301130890846252,0.8852795362472534,0.8002148270606995,0.8720850348472595,0.8745190501213074,0.743510365486145,0.8304715156555176,0.9074365496635436,0.8348833322525024,0.9743539690971376,0.7320809364318848,0.7107175588607788,0.8142339587211609,0.842479407787323,0.8421877026557922,0.7429678440093994,0.8659301996231079,0.873159646987915,0.8219600915908813,0.810347318649292,0.8757066130638123,0.8652259111404419,0.9108034372329712,0.90787672996521,0.8663695454597473,0.6130544543266296,0.7010712623596191,0.9345857501029968,0.8074088096618652,0.9133915901184082,0.7711570262908936,0.7778180837631226,0.924996554851532,0.8220920562744141,0.6152071952819824,0.8518638610839844,0.9758453369140624,0.7271992564201355,0.785612940788269,0.872538685798645,1.0432066917419434,0.8358091711997986
64,0.6363851428031921,0.8586848378181458,0.913221001625061,0.732706606388092,0.8911327123641968,0.8028047680854797,0.8737297654151917,0.8779891133308411,0.7489626407623291,0.8361715078353882,0.9130321741104126,0.8429922461509705,0.9871668815612792,0.7362728714942932,0.7130935192108154,0.8215773701667786,0.846869707107544,0.8453039526939392,0.7442896962165833,0.8716399669647217,0.8840150237083435,0.8279018402099609,0.8156214952468872,0.8803645372390747,0.8645343780517578,0.9116091728210448,0.9151556491851808,0.8713681101799011,0.6205364465713501,0.7055405378341675,0.9443170428276062,0.8092964291572571,0.9222556352615356,0.7778728604316711,0.783446192741394,0.9370297193527222,0.8302895426750183,0.6186299324035645,0.8592248558998108,0.980163037776947,0.7336814999580383,0.7888662219047546,0.8781092762947083,1.0506261587142944,0.8417118191719055
65,0.633027195930481,0.8650001287460327,0.9120320081710817,0.7367932200431824,0.8968077301979065,0.8035957217216492,0.8795925974845886,0.8818548321723938,0.7533634305000305,0.8409396409988403,0.9184518456459044,0.8468456864356995,0.9966777563095092,0.7389736175537109,0.7160541415214539,0.8240532875061035,0.8532505631446838,0.8497264385223389,0.74811851978302,0.8782871961593628,0.8887301683425903,0.833381175994873,0.8221580982208252,0.8853462934494019,0.8757457733154297,0.916983127593994,0.924943745136261,0.8775094747543335,0.6286615133285522,0.710690438747406,0.9556146264076232,0.8144938945770264,0.9273920655250548,0.7859126925468445,0.7859628796577454,0.9454737305641174,0.8403713703155518,0.6226961612701416,0.868155837059021,0.985094428062439,0.7396849989891052,0.7907617688179016,0.8837384581565857,1.0610439777374268,0.8480749726295471
66,0.6386968493461609,0.8714755177497864,0.9063321948051452,0.7373090386390686,0.902519702911377,0.8114259243011475,0.8919388055801392,0.8874021768569946,0.7605274319648743,0.8457283973693848,0.9223518371582032,0.8508583307266235,1.0021309852600098,0.7412528991699219,0.7171151041984558,0.8262932300567627,0.8573760986328125,0.8564003109931946,0.7561149597167969,0.8854160308837891,0.8919930458068848,0.8384969830513,0.8306437134742737,0.8907089829444885,0.8849087357521057,0.9180877804756165,0.932572305202484,0.8849849104881287,0.6387212872505188,0.7146143317222595,0.9731317162513732,0.8157414793968201,0.932344138622284,0.7940613031387329,0.7855019569396973,0.952749252319336,0.8517143726348877,0.6232388019561768,0.8720850348472595,0.991557002067566,0.7446081042289734,0.7937951683998108,0.8902141451835632,1.063791275024414,0.8549411296844482
67,0.6338431239128113,0.8785874843597412,0.9060648083686828,0.7425649166107178,0.907772958278656,0.8170087337493896,0.9058874249458312,0.8911653161048889,0.7663252949714661,0.8518286943435669,0.9261322021484376,0.858163058757782,1.0075627565383911,0.7426273226737976,0.7163943648338318,0.8303727507591248,0.8614282011985779,0.8643091320991516,0.7621674537658691,0.8940055966377258,0.896216869354248,0.844840407371521,0.8379767537117004,0.8956618309020996,0.8948720693588257,0.9232333302497864,0.9442986845970154,0.8881184458732605,0.6484808325767517,0.7185298800468445,0.9956144094467164,0.8151575326919556,0.9340736865997314,0.8015735149383545,0.7917718291282654,0.9601815938949584,0.862011194229126,0.6186628341674805,0.8731324672698975,0.9993030428886414,0.7538288235664368,0.7945422530174255,0.8960721492767334,1.074467420578003,0.8630310893058777
68,0.6328866481781006,0.8868132829666138,0.902988076210022,0.7411321997642517,0.9132212996482848,0.8237454295158386,0.9146102070808412,0.8961946368217468,0.7744178175926208,0.8591949343681335,0.9305721521377563,0.8653588891029358,1.0107035636901855,0.7452157735824585,0.7168181538581848,0.837017297744751,0.865566074848175,0.8717520833015442,0.7738552093505859,0.9036366939544678,0.9070965051651,0.8505346179008484,0.8439126014709473,0.8996009826660156,0.8842447400093079,0.9242469668388368,0.9463340640068054,0.8921406269073486,0.6574103832244873,0.7229356169700623,1.0029959678649902,0.8263165950775146,0.9286229610443116,0.8105388879776001,0.7925124168395996,0.9709841012954712,0.8727038502693176,0.6196995377540588,0.8801519274711609,1.005221605300903,0.7639222741127014,0.7941073775291443,0.901313066482544,1.078901290893555,0.8683830499649048
69,0.6361083388328552,0.8949036598205566,0.8997644186019897,0.7512760162353516,0.9183555841445924,0.8335154056549072,0.9189967513084412,0.9030064344406128,0.7816521525382996,0.86223965883255,0.9334526658058168,0.8704787492752075,1.014837622642517,0.749671995639801,0.7178585529327393,0.8431710004806519,0.8689340353012085,0.8777492046356201,0.7798596024513245,0.9113233685493468,0.9193400740623474,0.8585419654846191,0.8458418250083923,0.9032690525054932,0.8771942853927612,0.9274650812149048,0.9535524845123292,0.8986034989356995,0.6655325889587402,0.7251875400543213,1.0231964588165283,0.8463903665542603,0.9299196004867554,0.820007860660553,0.8011554479598999,0.980787992477417,0.8837592601776123,0.6239797472953796,0.8852070569992065,1.007346749305725,0.7722992897033691,0.7945539355278015,0.907036066055298,1.0902272462844849,0.8766506910324097
70,0.6376950144767761,0.9031837582588196,0.9090641140937804,0.7532351016998291,0.9231074452400208,0.8409317135810852,0.9350006580352784,0.9108529686927797,0.7880361080169678,0.8656665086746216,0.9423583149909972,0.8739421367645264,1.0212608575820925,0.756436288356781,0.7191217541694641,0.8417901396751404,0.8718268871307373,0.8844375014305115,0.7901038527488708,0.9201592803001404,0.9321894645690918,0.8612684011459351,0.8509480953216553,0.9051985144615172,0.887146532535553,0.9287112951278688,0.9573233127593994,0.9116790294647216,0.676593005657196,0.7272301316261292,1.034122347831726,0.8636327981948853,0.931050181388855,0.8289451599121094,0.8002533912658691,0.9936270117759703,0.8882794976234436,0.6284571290016174,0.8848270177841187,1.0084863901138306,0.7814910411834717,0.7949039936065674,0.9112361073493958,1.094176173210144,0.8853628039360046
71,0.6469284296035767,0.9096320867538452,0.9237368702888488,0.757315456867218,0.9279346466064452,0.8473947644233704,0.9476512670516968,0.9179174900054932,0.7928131818771362,0.8718825578689575,0.9475072622299194,0.8800830841064453,1.0294864177703855,0.7566525340080261,0.7228031158447266,0.845155656337738,0.8751298785209656,0.8923255205154419,0.8005744218826294,0.9321948289871216,0.9411654472351074,0.8653461337089539,0.859699010848999,0.9087436199188232,0.8881477117538452,0.9335759878158568,0.9604957103729248,0.9210888147354126,0.6880939602851868,0.7281131744384766,1.026606798171997,0.8689762949943542,0.9271472096443176,0.8349750638008118,0.8050106167793274,1.0042935609817505,0.8959145545959473,0.6277034878730774,0.8944622278213501,1.013716220855713,0.7946916818618774,0.797202467918396,0.9152859449386596,1.0970916748046875,0.8947461843490601
72,0.6452260613441467,0.9159690141677856,0.9256426095962524,0.7637399435043335,0.9345174431800842,0.8490312099456787,0.9590276479721068,0.9237154126167296,0.7987605333328247,0.8762768507003784,0.9486406445503236,0.8860437273979187,1.034296989440918,0.7584691643714905,0.7248818278312683,0.8491323590278625,0.8785713315010071,0.8951737880706787,0.8155876994132996,0.9436547756195068,0.9544715285301208,0.869507908821106,0.8638667464256287,0.9134263396263124,0.8874653577804565,0.941652536392212,0.9593451619148254,0.9280321002006532,0.7003854513168335,0.7289044260978699,1.036857843399048,0.8763070702552795,0.9340903759002686,0.8405758142471313,0.8091493248939514,1.017361044883728,0.9002828001976013,0.6273941993713379,0.90388023853302,1.0201224088668823,0.805576503276825,0.7967867255210876,0.9181790947914124,1.1086024045944214,0.9070401191711426
73,0.653188169002533,0.9228186011314392,0.9304521679878236,0.7698227167129517,0.941469430923462,0.8527050018310547,0.9708829522132874,0.9298717379570008,0.8044497966766357,0.8812045454978943,0.9609614014625548,0.8939542174339294,1.0425969362258911,0.7705201506614685,0.7273011803627014,0.8537988066673279,0.8854347467422485,0.8955268859863281,0.8294886946678162,0.9540743231773376,0.9652349352836608,0.8752353191375732,0.8682679533958435,0.9188048839569092,0.8893016576766968,0.9462732076644896,0.9611810445785522,0.941762149333954,0.7049887776374817,0.7329640984535217,1.0557701587677002,0.8762248754501343,0.9215646386146544,0.8452325463294983,0.8203580975532532,1.0218697786331177,0.9107207655906676,0.6356309056282043,0.9015039205551147,1.0281901359558103,0.8115905523300171,0.7974319458007812,0.9202335476875304,1.1199058294296265,0.9194390177726746
74,0.6588066816329956,0.930034041404724,0.9376566410064696,0.7869110703468323,0.9494386911392212,0.8621017932891846,0.978832185268402,0.939318597316742,0.8109332323074341,0.8850558400154114,0.9632008075714112,0.8965479135513306,1.0546573400497437,0.776899516582489,0.7299180626869202,0.8581404685974121,0.8905825614929199,0.9007917642593384,0.8438927531242371,0.9637303352355956,0.973572850227356,0.8832650780677795,0.8720383644104004,0.922627866268158,0.8950408101081848,0.9511622786521912,0.9699339270591736,0.95520681142807,0.7117515802383423,0.735880970954895,1.08411705493927,0.8775618076324463,0.9328391551971436,0.8512457013130188,0.8312546014785767,1.0285933017730713,0.9191944003105164,0.6448646783828735,0.9117636680603028,1.0316040515899658,0.8181842565536499,0.797890841960907,0.92376446723938,1.1239919662475586,0.9291946887969972
75,0.6639412641525269,0.9366146326065063,0.9441887140274048,0.7874870896339417,0.9574621319770812,0.8636642694473267,0.9938514828681946,0.951336681842804,0.818779468536377,0.8912509083747864,0.9759161472320556,0.9019469618797302,1.0636523962020874,0.7829620242118835,0.7316210269927979,0.8641397953033447,0.8915269374847412,0.9047768115997314,0.8532205820083618,0.9741212725639344,0.9855367541313172,0.888650119304657,0.8769446015357971,0.927394688129425,0.8962095379829407,0.9605625867843628,0.974118947982788,0.9669617414474488,0.7199546098709106,0.7373520135879517,1.086400032043457,0.8915972709655762,0.9502353072166444,0.8574433922767639,0.8436735272407532,1.03833270072937,0.9326439499855042,0.6524590849876404,0.9273704290390016,1.0338149070739746,0.8299572467803955,0.7995109558105469,0.9293034076690674,1.1226637363433838,0.938130497932434
76,0.6619389057159424,0.942516565322876,0.9636867642402648,0.8029294013977051,0.9681050181388856,0.8638968467712402,1.0105218887329102,0.9627346992492676,0.8253642320632935,0.8946377038955688,0.9731495380401612,0.9066573977470398,1.0644665956497192,0.7910099029541016,0.73381507396698,0.8700389862060547,0.8945923447608948,0.9109120965003968,0.8571117520332336,0.9844828844070436,1.0020859241485596,0.8964359760284424,0.8855293989181519,0.9326563477516174,0.8882275223731995,0.96575665473938,0.9828014969825744,0.9776499271392822,0.7289261817932129,0.7408031225204468,1.1099430322647097,0.9001895189285278,0.958583116531372,0.8666325211524963,0.8560075163841248,1.0460580587387085,0.9406362771987916,0.6570252776145935,0.9376204609870912,1.0377992391586304,0.8330448269844055,0.8009926676750183,0.9348013997077942,1.1269021034240725,0.9428026080131532
77,0.6631884574890137,0.949656903743744,0.9711230993270874,0.8120529651641846,0.9778977036476136,0.8701637983322144,1.0264098644256592,0.9713380336761476,0.8313251733779907,0.8993366360664368,0.9788697957992554,0.9108763933181764,1.0740344524383545,0.7971507906913757,0.7354574799537659,0.8801078796386719,0.8973532915115356,0.9171207547187804,0.8707840442657471,0.9956247806549072,1.0089998245239258,0.9033709168434144,0.8941034078598022,0.937732756137848,0.9038570523262024,0.968973696231842,0.979187309741974,0.9873875379562378,0.737174391746521,0.7438274621963501,1.1263190507888794,0.8988938331604004,0.9634036421775818,0.8728575706481934,0.867470383644104,1.057400822639465,0.9507677555084229,0.6626075506210327,0.9490835666656494,1.0449895858764648,0.8422676920890808,0.8009077310562134,0.9397740960121156,1.1285450458526611,0.9527944922447203
78,0.6670854687690735,0.9525380730628968,0.9726051092147828,0.8181855082511902,0.9874230027198792,0.8744267821311951,1.042714238166809,0.9827700853347778,0.8366036415100098,0.9046969413757324,0.9823371171951294,0.9149765968322754,1.0807205438613892,0.8041599988937378,0.737691342830658,0.8876476287841797,0.900021493434906,0.9224218130111694,0.8776133060455322,1.0050004720687866,1.012058973312378,0.9058988094329834,0.8985333442687988,0.9391075968742372,0.9080480337142944,0.9684075117111206,0.9847389459609984,0.997649073600769,0.7496196031570435,0.7461217641830444,1.1177829504013062,0.8991614580154419,0.9630228281021118,0.8759297132492065,0.8720703721046448,1.0694676637649536,0.9641903042793274,0.6625006198883057,0.9504576325416564,1.0538667440414429,0.8557624220848083,0.8022717833518982,0.9462555050849916,1.139552116394043,0.9599089026451112
79,0.6785928606987,0.955963134765625,0.9939092993736268,0.8274399042129517,0.9965602159500122,0.8771736025810242,1.0498369932174685,0.9957953095436096,0.8446645140647888,0.9053799510002136,0.9920892119407654,0.92142516374588,1.0866849422454834,0.8062669634819031,0.7430329918861389,0.8924376964569092,0.904004693031311,0.9289631843566896,0.884909987449646,1.015759825706482,1.030418038368225,0.9106286764144896,0.9008780121803284,0.9446778297424316,0.9066618084907532,0.9780378937721252,0.9941470623016356,1.0102943181991575,0.7598294019699097,0.7490837574005127,1.1187134981155396,0.901601493358612,0.9649317860603333,0.8839462399482727,0.8792465925216675,1.0775548219680786,0.9727524518966676,0.6646891236305237,0.9482196569442748,1.0626980066299438,0.8704152703285217,0.8065335154533386,0.9533672332763672,1.1409991979599,0.9646594524383544
80,0.6758880615234375,0.9590923190116882,0.9997658729553224,0.8364453315734863,1.0028518438339231,0.8862655758857727,1.0499686002731323,1.006643295288086,0.8517287969589233,0.9087820649147034,0.9979284405708312,0.9270681738853456,1.091302514076233,0.8121684789657593,0.7493190765380859,0.9010513424873352,0.9089756011962892,0.9358030557632446,0.8957874178886414,1.028610110282898,1.043504238128662,0.9134916067123412,0.9078111052513124,0.9550449848175048,0.9121532440185548,0.9795747995376588,1.0006481409072876,1.0172529220581057,0.7682939767837524,0.7530842423439026,1.1278759241104126,0.8952343463897705,0.97368323802948,0.8885346055030823,0.8831291794776917,1.0881366729736328,0.9744747281074524,0.6688816547393799,0.949857771396637,1.0719883441925049,0.8873791694641113,0.8094277381896973,0.9582054018974304,1.1489567756652832,0.9777840375900269
81,0.6815395951271057,0.9645497798919678,1.006169319152832,0.8488290905952454,1.013045072555542,0.8929769992828369,1.0511678457260132,1.0164084434509275,0.860809326171875,0.9107725024223328,1.004096269607544,0.9321352243423462,1.1085373163223269,0.8159424066543579,0.7528089880943298,0.9081862568855286,0.9128287434577942,0.9449903964996338,0.908685863018036,1.0375056266784668,1.0631530284881592,0.9166034460067748,0.9169244170188904,0.9588062763214112,0.916612446308136,0.989808976650238,1.016726016998291,1.0252552032470703,0.7726028561592102,0.7555988430976868,1.146664261817932,0.9079205989837646,0.9726281762123108,0.8920562863349915,0.8944787383079529,1.094672918319702,0.9856520295143129,0.6740270853042603,0.9613603353500366,1.084658145904541,0.8993091583251953,0.8125241994857788,0.9621090888977052,1.1526607275009155,0.9912930130958556
82,0.694587230682373,0.9689862132072448,1.0142326354980469,0.8532872796058655,1.02180278301239,0.91106778383255,1.0590213537216189,1.030460000038147,0.8701364994049072,0.9172126054763794,1.0115432739257812,0.940106987953186,1.1203060150146484,0.8291687965393066,0.7566313147544861,0.9134857654571532,0.916022777557373,0.9502564072608948,0.9227526783943176,1.0469727516174316,1.064042329788208,0.917550563812256,0.9275444149971008,0.9612637162208556,0.9172462224960328,0.9925239086151124,1.0211830139160156,1.032538890838623,0.7837281823158264,0.7577638030052185,1.1555328369140625,0.9040919542312622,0.9730647802352904,0.897584855556488,0.9198548793792723,1.099889874458313,0.9943745136260986,0.6788377165794373,0.968845009803772,1.0851267576217651,0.9149039387702942,0.8189264535903931,0.9689927697181702,1.1677556037902832,0.9982863664627076
83,0.7001258134841919,0.9736854434013368,1.033578872680664,0.8659019470214844,1.0326027870178225,0.9218747615814208,1.0575164556503296,1.037398099899292,0.8742315769195557,0.923126220703125,1.0191941261291504,0.9414891600608826,1.135034680366516,0.8328747749328613,0.7609098553657532,0.923544704914093,0.92478209733963,0.960115373134613,0.9245947003364564,1.0558068752288818,1.0819590091705322,0.9212498664855956,0.936349868774414,0.9650684595108032,0.9205726385116576,1.0056231021881104,1.0264337062835691,1.0456973314285278,0.7924792766571045,0.7594457268714905,1.1616653203964231,0.9136135578155518,0.9787390828132628,0.9047255516052246,0.936506450176239,1.1051615476608276,1.0064592361450195,0.6830366253852844,0.9804603457450868,1.0954381227493286,0.9271735548973083,0.8233413696289062,0.9762768745422364,1.1704527139663696,1.0054305791854858
84,0.6981236934661865,0.9743354320526124,1.0490238666534424,0.8785446286201477,1.043405055999756,0.9336295127868652,1.0593856573104858,1.0454174280166626,0.8788517117500305,0.926735818386078,1.0184434652328491,0.9429775476455688,1.1458775997161863,0.8360527753829956,0.7633789777755737,0.9285815358161926,0.9327686429023744,0.9640419483184814,0.932669460773468,1.064876914024353,1.0967174768447876,0.9246507287025452,0.945202887058258,0.9714652895927428,0.9323022365570068,1.0107682943344116,1.0344533920288086,1.055050253868103,0.798585057258606,0.7622873187065125,1.166415452957153,0.9240370392799376,0.987593710422516,0.91131854057312,0.9441166520118712,1.1117514371871948,1.0172237157821655,0.6867120265960693,0.9870364665985109,1.1010960340499878,0.9508280754089355,0.829138994216919,0.9830759167671204,1.1703001260757446,1.0136430263519287
85,0.7027593851089478,0.9791319370269777,1.067135214805603,0.8962848782539368,1.0507665872573853,0.9406421780586244,1.0584443807601929,1.053638935089111,0.8843190670013428,0.9316900372505188,1.0270957946777344,0.9466261267662048,1.148220777511597,0.8475745916366577,0.7656219005584717,0.9393523335456848,0.9393523931503296,0.9691004753112792,0.9433741569519044,1.0711766481399536,1.1114422082901,0.926669716835022,0.9536219239234924,0.9784752130508424,0.9312395453453064,1.0155733823776243,1.0437729358673096,1.0640170574188232,0.8097076416015625,0.7657936215400696,1.1910229921340942,0.9454762935638428,0.9891027808189392,0.9163714051246644,0.9448084831237792,1.1194658279418943,1.028931736946106,0.6913895606994629,0.989817440509796,1.100712537765503,0.9504551887512208,0.8340270519256592,0.9913248419761658,1.1960729360580444,1.021501541137695
86,0.7018563747406006,0.9853273034095764,1.055894374847412,0.9103062152862548,1.053809404373169,0.9481119513511658,1.0708938837051392,1.065157771110535,0.8891076445579529,0.939699113368988,1.0312057733535769,0.95399010181427,1.158624291419983,0.8491570949554443,0.7691552639007568,0.9426309466362,0.9471737146377563,0.9805951714515686,0.9543388485908508,1.0781668424606323,1.123219013214111,0.9286293983459472,0.9606192708015442,0.9807528853416444,0.9385716319084167,1.018703818321228,1.0495160818099976,1.074957251548767,0.8127283453941345,0.7635024785995483,1.203984618186951,0.9508867859840392,1.00175678730011,0.9224722981452942,0.9409935474395752,1.1256616115570068,1.0378389358520508,0.6949416399002075,0.9987057447433472,1.1053857803344729,0.9491075277328492,0.8435949087142944,1.0011543035507202,1.1993179321289062,1.032576084136963
87,0.7072069048881531,0.9910780191421508,1.0689681768417358,0.91063392162323,1.0604372024536133,0.9514241218566896,1.0744280815124512,1.0754448175430298,0.8966584205627441,0.9447470903396606,1.0254684686660769,0.9628152251243592,1.171947002410889,0.8530033230781555,0.7722220420837402,0.9480543732643129,0.9592682719230652,0.984922468662262,0.9629068970680236,1.0878894329071045,1.1510748863220217,0.9345022439956664,0.971426784992218,0.9849807024002076,0.9495289325714112,1.0319030284881592,1.047661304473877,1.0919586420059204,0.8227430582046509,0.7661092281341553,1.2132008075714111,0.9745824337005616,1.00464928150177,0.929811418056488,0.9514689445495604,1.13507878780365,1.0461034774780271,0.6980061531066895,1.0132235288619995,1.1175415515899658,0.9575145244598388,0.8518813252449036,1.011023998260498,1.2091071605682373,1.0434421300888062
88,0.7103556990623474,0.996370792388916,1.0828779935836792,0.9128415584564208,1.0678813457489014,0.9606769680976868,1.084433674812317,1.086080551147461,0.9031246304512024,0.9487642645835876,1.030349850654602,0.9711666703224182,1.1921918392181396,0.8585093021392822,0.7768092155456543,0.9538455009460448,0.9664299488067628,0.9934322834014891,0.9714607000350952,1.0961852073669434,1.1602933406829834,0.9375789761543274,0.9806932806968688,0.989232301712036,0.9536852836608888,1.043891429901123,1.0422921180725098,1.1054637432098389,0.8306924700737,0.7666679620742798,1.2284822463989258,0.9773892164230348,1.006527304649353,0.9379476308822632,0.9552640318870544,1.136746883392334,1.0576958656311035,0.7023511528968811,1.0070304870605469,1.1282620429992676,0.959867000579834,0.8614923357963562,1.021796464920044,1.2101420164108276,1.0581134557724
89,0.720001220703125,1.0029734373092651,1.0970228910446167,0.9180278778076172,1.0770663022994995,0.9609999060630798,1.0821516513824463,1.0935426950454712,0.9099286794662476,0.9532405734062196,1.0363141298294067,0.9802935719490052,1.2017674446105957,0.8647965788841248,0.7813633680343628,0.961745023727417,0.9755241870880128,0.99652099609375,0.9726780652999878,1.1055854558944702,1.1624135971069336,0.9382921457290648,0.986579656600952,0.9946295022964478,0.962229311466217,1.0474361181259155,1.0489599704742432,1.1130683422088623,0.8337017893791199,0.769768476486206,1.2437231540679932,0.9843791127204896,1.0142210721969604,0.94668710231781,0.948170840740204,1.1431361436843872,1.0640395879745483,0.708845853805542,1.0073364973068235,1.133703112602234,0.9736915826797484,0.8721240758895874,1.0316157341003418,1.2132234573364258,1.0687633752822876
90,0.7312676906585693,1.0118805170059204,1.116693377494812,0.92923104763031,1.08574116230011,0.969469428062439,1.0753761529922483,1.1057143211364746,0.9158654808998108,0.963800609111786,1.0393338203430176,0.990398645401001,1.2202330827713013,0.864491879940033,0.7883772850036621,0.969277322292328,0.9843547344207764,0.9970951080322266,0.9845245480537416,1.1153171062469482,1.1603325605392456,0.9411934018135072,0.9932021498680116,1.000206708908081,0.9628921747207642,1.0554869174957275,1.0495926141738892,1.128889560699463,0.8364193439483643,0.7668336629867554,1.2391653060913086,0.9854423999786376,1.025859236717224,0.957664668560028,0.9615535736083984,1.1536011695861816,1.0703200101852417,0.7105341553688049,1.0129928588867188,1.1467487812042236,0.9773993492126464,0.880352258682251,1.0419305562973022,1.2075748443603516,1.078971266746521
91,0.727837324142456,1.0207717418670654,1.134904384613037,0.9334084391593932,1.0880670547485352,0.9839687943458556,1.090174436569214,1.1132152080535889,0.921487033367157,0.970019519329071,1.0500423908233645,0.996366322040558,1.2234137058258057,0.8729360699653625,0.7936313152313232,0.979280948638916,0.9919637441635132,1.0058141946792605,0.9857850670814514,1.128604769706726,1.1679226160049438,0.9433937072753906,0.998980700969696,1.0011404752731323,0.977243423461914,1.0611953735351562,1.0481538772583008,1.1461011171340942,0.8366762399673462,0.7668982148170471,1.267989993095398,0.9889779090881348,1.0232553482055664,0.9680014848709106,0.9549314975738524,1.1664023399353027,1.08137309551239,0.7144282460212708,1.0105119943618774,1.1528204679489136,0.98810613155365,0.8907336592674255,1.0519356727600098,1.218244552612305,1.0844825506210327
92,0.727293074131012,1.0226751565933228,1.1384581327438354,0.943362593650818,1.09492027759552,0.9876830577850342,1.1077075004577637,1.1187487840652466,0.927927315235138,0.9757143259048462,1.054207682609558,1.0002858638763428,1.231194019317627,0.8899233937263489,0.7987802624702454,0.9849139451980592,1.0016274452209473,1.0109093189239502,0.9847979545593262,1.140059471130371,1.175144076347351,0.9471973180770874,1.0027066469192505,1.0056196451187134,0.9866696000099182,1.077403545379639,1.0500222444534302,1.1554149389266968,0.8476743102073669,0.7709990739822388,1.308321833610535,0.9934021830558776,1.031320095062256,0.9790952801704408,0.962146818637848,1.179160714149475,1.091361403465271,0.7170906662940979,1.0214359760284424,1.158919334411621,0.9965702891349792,0.9013216495513916,1.0609452724456787,1.222547173500061,1.0959738492965698
93,0.7371060252189636,1.0302525758743286,1.1529920101165771,0.9541481733322144,1.1011881828308103,0.98745596408844,1.1298329830169678,1.1253199577331543,0.9330237507820128,0.9867568016052246,1.060239553451538,1.0050240755081177,1.2359195947647097,0.8899369239807129,0.8065221905708313,0.9855234622955322,1.0087721347808838,1.0199177265167236,0.991117000579834,1.1517248153686523,1.187576413154602,0.9493489861488342,1.009829044342041,1.0113449096679688,1.013688325881958,1.0847095251083374,1.053686261177063,1.1659480333328247,0.8555306196212769,0.7766519784927368,1.2987664937973022,0.999939501285553,1.0429145097732544,0.9892166256904602,0.962369740009308,1.1857802867889404,1.096839427947998,0.7197497487068176,1.0283482074737549,1.1687376499176023,1.0045088529586792,0.9071617126464844,1.0707542896270752,1.2316462993621826,1.10228431224823
94,0.7343246340751648,1.035635471343994,1.173495888710022,0.9640085101127625,1.1043331623077393,0.9921109676361084,1.1449412107467651,1.1303143501281738,0.9392136335372924,0.993298351764679,1.0674060583114624,1.0099517107009888,1.245839238166809,0.8973909616470337,0.8149909973144531,0.9944708347320556,1.0138845443725586,1.0179637670516968,0.998448610305786,1.159747838973999,1.2056915760040283,0.9532895684242249,1.0122281312942505,1.017469882965088,1.011513352394104,1.0935988426208496,1.0601022243499756,1.178178071975708,0.864976704120636,0.7758882641792297,1.3163505792617798,1.0161226987838743,1.0629974603652954,0.9999747276306152,0.9754794239997864,1.196415901184082,1.1039056777954102,0.7258230447769165,1.0387279987335205,1.1766672134399414,1.0061748027801514,0.9124295711517334,1.079465627670288,1.254579782485962,1.1123769283294678
95,0.7253849506378174,1.037815809249878,1.1966145038604736,0.9759538769721984,1.1130527257919312,1.0024213790893557,1.1492931842803955,1.1340590715408323,0.9479796886444092,0.9994800090789796,1.0763107538223269,1.0110915899276731,1.2529675960540771,0.911764681339264,0.8207765817642212,1.005299687385559,1.0209743976593018,1.0171817541122437,1.0093194246292114,1.1679174900054932,1.2053937911987305,0.9545501470565796,1.0174484252929688,1.0246537923812866,1.0182358026504517,1.1071985960006714,1.065219163894653,1.1854664087295532,0.8781898021697998,0.7803454399108887,1.3207470178604126,1.0184646844863892,1.069713115692139,1.013157606124878,0.9870253205299376,1.2064807415008545,1.1131563186645508,0.7316726446151733,1.0463833808898926,1.1823235750198364,1.01604425907135,0.91778963804245,1.0881648063659668,1.2548710107803345,1.1214085817337036
96,0.722568690776825,1.0437254905700684,1.1979795694351196,0.9863847494125366,1.1146827936172483,1.003329515457153,1.1529234647750854,1.1389309167861938,0.951201558113098,1.0039862394332886,1.0928024053573608,1.0128066539764404,1.2655277252197266,0.9194502830505372,0.8282968997955322,1.0086151361465454,1.026422381401062,1.0171455144882202,1.0109643936157229,1.1796386241912842,1.2189068794250488,0.9561914801597596,1.021031618118286,1.0292842388153076,1.028573989868164,1.1132888793945312,1.0621627569198608,1.1969677209854126,0.8849790096282959,0.7847638130187988,1.3401135206222534,1.0243858098983765,1.084803342819214,1.0246156454086304,0.9886873364448548,1.211045742034912,1.123862385749817,0.7358736395835876,1.0599045753479004,1.1855671405792236,1.0202635526657104,0.921413779258728,1.0962891578674316,1.2600327730178833,1.131291747093201
97,0.7273764610290527,1.0548832416534424,1.2089568376541138,0.9898837804794312,1.1216990947723389,1.0067349672317505,1.1386088132858276,1.145939588546753,0.9575979113578796,1.0158230066299438,1.087659478187561,1.0190119743347168,1.277247190475464,0.9172084331512452,0.8354835510253906,1.017417550086975,1.0350010395050049,1.0246078968048096,1.0209336280822754,1.1841412782669067,1.2354018688201904,0.958637535572052,1.0262008905410769,1.0383621454238892,1.055629849433899,1.1179791688919067,1.0640316009521484,1.210963249206543,0.8937035202980042,0.791379988193512,1.351871132850647,1.0355148315429688,1.0919384956359863,1.0315537452697754,0.9940651655197144,1.2179714441299438,1.1329792737960815,0.7418450117111206,1.0773866176605225,1.1821622848510742,1.0231231451034546,0.9253243803977966,1.1058458089828491,1.2624444961547852,1.1362543106079102
98,0.7346987128257751,1.0586916208267212,1.2214977741241455,0.9886453747749328,1.128087878227234,1.0252927541732788,1.1621400117874146,1.1512943506240845,0.965662717819214,1.024703860282898,1.099360466003418,1.023903250694275,1.2874786853790283,0.9196000695228576,0.8396800756454468,1.0260446071624756,1.0404759645462036,1.0279719829559326,1.0284323692321775,1.1921193599700928,1.2369076013565063,0.9614198207855223,1.0363292694091797,1.0438485145568848,1.0813300609588623,1.1265519857406616,1.0718036890029907,1.2175912857055664,0.9050496816635132,0.7987807393074036,1.3582665920257568,1.0506985187530518,1.113061785697937,1.0405316352844238,0.9992678165435792,1.2239482402801514,1.1400257349014282,0.7454515695571899,1.0943142175674438,1.1871163845062256,1.0242629051208496,0.9332322478294371,1.1162797212600708,1.2633788585662842,1.1461458206176758
99,0.7358051538467407,1.0622600317001345,1.229518175125122,1.014797329902649,1.1381275653839111,1.0436241626739502,1.1666171550750732,1.160547971725464,0.9709843993186952,1.0303621292114258,1.111958622932434,1.024492859840393,1.295060396194458,0.926511526107788,0.847582221031189,1.030721664428711,1.0452789068222046,1.033603549003601,1.038848638534546,1.2002015113830566,1.237519383430481,0.9650224447250366,1.0446487665176392,1.0493685007095337,1.063167929649353,1.1370861530303955,1.0788356065750122,1.222891092300415,0.9085823893547058,0.8013074994087219,1.3691178560256958,1.0549709796905518,1.1179578304290771,1.0480356216430664,1.0020962953567505,1.2299013137817385,1.1482082605361938,0.7521002888679504,1.0896785259246826,1.192125916481018,1.0170518159866333,0.9365165829658508,1.127050280570984,1.2647157907485962,1.1567705869674685
