,0,1,2,3,4,5,6,7,8,9,10,11,12,13,14,15,16,17,18,19,20,21,22,23,24,25,26,27,28,29,30,31,32,33,34,35,36,37,38,39,40,41,42,43,44,45,46,47,48,49,50
0,0.6453770399093628,0.6358197331428528,0.6600600481033325,0.5923994779586792,0.6623846292495728,0.6514006853103638,0.6549548506736755,0.6564797163009644,0.6327118873596191,0.641548752784729,0.660612165927887,0.6156189441680908,0.5966528654098511,0.6244128942489624,0.6317445039749146,0.6244149208068848,0.6766918301582336,0.6227915287017822,0.6644943952560425,0.6672459840774536,0.6735212802886963,0.6190017461776733,0.6344987154006958,0.6625247597694397,0.6429702043533325,0.6504724621772766,0.6561452150344849,0.6367542147636414,0.6448150277137756,0.5920513272285461,0.6412401795387268,0.6508849859237671,0.678357720375061,0.672846794128418,0.6757767796516418,0.6623052358627319,0.633766770362854,0.6706987023353577,0.6800962686538696,0.6518862843513489,0.6652611494064331,0.6453604698181152,0.6608617901802063,0.6256774067878723,0.6340652108192444,0.6231493949890137,0.6393543481826782,0.6433467864990234,0.6668550968170166,0.5979658961296082,0.6522404551506042
1,0.1670412719249725,0.1760109215974807,0.2100758999586105,0.0920070558786392,0.3525736331939697,0.1647969782352447,0.1453394591808319,0.1702913343906402,0.0933467447757721,0.1892049610614776,0.2723002135753631,0.0996633097529411,0.1270618140697479,0.1914266347885131,0.1288328319787979,0.1105416566133499,0.2356161624193191,0.1623387038707733,0.1896127760410308,0.1596729159355163,0.347208172082901,0.1092104688286781,0.1663099527359008,0.2123942375183105,0.1896605342626571,0.1968841552734375,0.1869677305221557,0.1531852185726165,0.2625180780887604,0.0984237268567085,0.1535123884677887,0.1782994568347931,0.3009428679943084,0.2124257087707519,0.2333036959171295,0.3178231418132782,0.1380247175693512,0.2240360230207443,0.2095858603715896,0.1551896929740905,0.2246129214763641,0.2899864912033081,0.1526340842247009,0.2311647236347198,0.1015195697546005,0.1253997981548309,0.1839170455932617,0.2108775079250335,0.2070308178663253,0.1518653929233551,0.195761352777481
2,0.0836320668458938,0.0710511580109596,0.0343001261353492,0.0409751944243907,0.1006899923086166,0.0526810400187969,0.058404017239809,0.0622643716633319,0.0523622818291187,0.053344078361988,0.084506556391716,0.0520591512322425,0.0696557387709617,0.1198253855109214,0.0537817552685737,0.0358042120933532,0.0519671663641929,0.0701615586876869,0.0919980257749557,0.0670229867100715,0.1081288456916809,0.0540490932762622,0.1036789789795875,0.0641376823186874,0.0540939643979072,0.0671478360891342,0.0965019613504409,0.0955721884965896,0.0899674072861671,0.0329869650304317,0.1246505826711654,0.0523152165114879,0.1083168163895607,0.0823500901460647,0.055396944284439,0.0631701424717903,0.0402963422238826,0.0488502755761146,0.0572051219642162,0.095507301390171,0.1010550037026405,0.1177999824285507,0.0498806461691856,0.0809248015284538,0.0384923927485942,0.0408613309264183,0.1085751429200172,0.0860897153615951,0.075194127857685,0.0751480981707573,0.1037060394883155
3,0.0767001286149025,0.077829897403717,0.0169779155403375,0.036588467657566,0.0472387298941612,0.0369892194867134,0.0514780096709728,0.0422526262700557,0.032312773168087,0.0395989343523979,0.0654788091778755,0.0439237244427204,0.0748519748449325,0.1247497797012329,0.0427698977291584,0.0231223348528146,0.0367854461073875,0.0693172961473465,0.0873693004250526,0.0591840855777263,0.0763184428215026,0.0563896521925926,0.1020371466875076,0.0321507193148136,0.0219810586422681,0.0590018741786479,0.0997143611311912,0.0755524188280105,0.0647437274456024,0.0338833890855312,0.1430899649858474,0.0445559546351432,0.060079388320446,0.0684011057019233,0.0341213755309581,0.0314393900334835,0.0292893014848232,0.0359636582434177,0.0415203161537647,0.0602288022637367,0.0924012288451194,0.0710594803094863,0.0312637761235237,0.0733424052596092,0.0257449988275766,0.0298691503703594,0.0993367955088615,0.0588237531483173,0.0786827057600021,0.0667165666818618,0.0789966881275177
4,0.0823962688446044,0.0923241004347801,0.0174029227346181,0.040073350071907,0.0337175354361534,0.0345453657209873,0.051670741289854,0.0656829848885536,0.0284148063510656,0.0361315719783306,0.0629212260246276,0.0381108298897743,0.0612470209598541,0.1348232328891754,0.0209782198071479,0.0174232441931962,0.0350583866238594,0.0727271810173988,0.0885428264737129,0.0657646805047988,0.0633581727743148,0.0573269315063953,0.1224193572998046,0.0253304876387119,0.0219003669917583,0.0599971935153007,0.1074248701333999,0.1002627983689308,0.0604658722877502,0.0348998084664344,0.1610126197338104,0.0501548536121845,0.0506813414394855,0.0728274658322334,0.0315994247794151,0.0125120412558317,0.0267964750528335,0.0327183976769447,0.0311650838702917,0.0614984706044197,0.0964671596884727,0.0661062598228454,0.0326163321733474,0.055157084017992,0.0223730821162462,0.024960983544588,0.0841537490487098,0.0644526332616806,0.0769765675067901,0.0720108672976493,0.0740699619054794
5,0.0883063897490501,0.1206898242235183,0.0201595686376094,0.0449024848639965,0.0241170786321163,0.0320207886397838,0.0523719489574432,0.0675246119499206,0.0299065560102462,0.0275373011827468,0.0630863383412361,0.0384813621640205,0.0692669376730918,0.1495165675878524,0.0220441818237304,0.0167871192097663,0.0360076874494552,0.0757856145501136,0.0921598970890045,0.0675208568572998,0.0389012470841407,0.0605020448565483,0.1276061087846756,0.0233232825994491,0.0324402227997779,0.0635867267847061,0.1160366982221603,0.1161885261535644,0.0619023032486438,0.0364707149565219,0.1666218787431717,0.0564782917499542,0.0401198081672191,0.0795438736677169,0.0322395227849483,0.00893534719944,0.0276015400886535,0.0300235692411661,0.0227669849991798,0.0627294555306434,0.0568798184394836,0.0674832016229629,0.0339527800679206,0.0556973740458488,0.0188171751797199,0.0269598774611949,0.0782365277409553,0.0739586502313613,0.0872983708977699,0.0958925858139991,0.0799751803278923
6,0.0887988954782486,0.1437647044658661,0.0219244454056024,0.0478544011712074,0.0293705202639102,0.010455846786499,0.0532586202025413,0.0710420086979866,0.0301201399415731,0.028474947437644,0.0633545368909835,0.039066132158041,0.0406796894967556,0.1631041020154953,0.0241540614515543,0.0304631106555461,0.0372546538710594,0.0779356136918068,0.0901710987091064,0.0679384469985961,0.0363275073468685,0.0626076832413673,0.1343396008014679,0.0228939857333898,0.0328805968165397,0.0686526745557785,0.1247482299804687,0.0537642911076545,0.0629559382796287,0.036889161914587,0.1774080246686935,0.0643965378403663,0.039366029202938,0.0795867145061492,0.0227646697312593,0.0066021783277392,0.0274690985679626,0.0349481478333473,0.0202900804579257,0.0634990409016609,0.0564072951674461,0.0675378888845443,0.0368010625243186,0.0561055056750774,0.017623858526349,0.0241915583610534,0.0794775635004043,0.0705354586243629,0.0993632823228836,0.1015323400497436,0.0777674838900566
7,0.0936877280473709,0.1676041185855865,0.0235208813101053,0.0438838973641395,0.0338870957493782,0.0100330095738172,0.0532344952225685,0.0752148479223251,0.0341424755752086,0.0287976115942001,0.063688538968563,0.0392384156584739,0.0481019727885723,0.1800625771284103,0.0261005796492099,0.0331247225403785,0.0387016199529171,0.0819173529744148,0.0951906368136406,0.0699312090873718,0.0361821837723255,0.0648618936538696,0.1321544796228408,0.022270917892456,0.0355366542935371,0.0545933544635772,0.1282186955213546,0.0520403981208801,0.0634809285402298,0.0375231355428695,0.1403345018625259,0.0701808407902717,0.0395770706236362,0.0846572965383529,0.0209984667599201,0.0049486309289932,0.0288960579782724,0.03494868054986,0.0185291469097137,0.0631451159715652,0.0682726129889488,0.106521226465702,0.0392774865031242,0.0565214864909648,0.0167856626212596,0.0226548202335834,0.0835001617670059,0.0825131610035896,0.1072855219244957,0.1071227639913559,0.0783296003937721
8,0.1029695644974708,0.1720838546752929,0.0254841782152652,0.0538425222039222,0.0383479557931423,0.0081611135974526,0.0513936355710029,0.0657074004411697,0.0394567772746086,0.027870237827301,0.0638682320713996,0.0342659652233123,0.0450428910553455,0.2011642158031463,0.0102667827159166,0.0346850492060184,0.0404678992927074,0.0853842720389366,0.0953375697135925,0.0707586258649826,0.0360634475946426,0.0672347024083137,0.143721729516983,0.0224957913160324,0.036869041621685,0.0567337349057197,0.1398516595363617,0.0474389605224132,0.0759369358420372,0.0393106713891029,0.2025895118713379,0.0755944699048996,0.0404666401445865,0.0890007019042968,0.0201168116182088,0.0040856874547898,0.0303574092686176,0.0370626896619796,0.0184716843068599,0.0639839619398117,0.0703908205032348,0.111346960067749,0.0401524975895881,0.0502204485237598,0.0160782746970653,0.0228770915418863,0.0827298015356063,0.0324894748628139,0.1153086647391319,0.1119162291288375,0.0755038782954216
9,0.1024437993764877,0.1947385221719741,0.0270825531333684,0.0584353618323802,0.0431396067142486,0.0071784304454922,0.0700249150395393,0.0708708390593528,0.0420505441725254,0.0281443782150745,0.064317762851715,0.0342467948794364,0.0429964289069175,0.2183413952589035,0.008431633003056,0.0359809659421443,0.0415794067084789,0.0880258679389953,0.0975373089313507,0.0716301053762435,0.0445159375667572,0.0690932124853134,0.1511823832988739,0.0203877352178096,0.0382317677140235,0.0587186515331268,0.1471108496189117,0.0532602481544017,0.0607957653701305,0.0388907790184021,0.1846018135547638,0.0805617347359657,0.0415201261639595,0.0925792902708053,0.0197175871580839,0.0074602914974093,0.0310004167258739,0.0392318591475486,0.0181760638952255,0.0646468251943588,0.0670313686132431,0.111353613436222,0.0410793758928775,0.0505900494754314,0.0155070777982473,0.0233516693115234,0.0876967161893844,0.0333120450377464,0.1239275485277175,0.1164708957076072,0.082718439400196
10,0.1096416339278221,0.2146526873111724,0.0286000724881887,0.0623447597026824,0.0460679791867733,0.0065499460324645,0.0702509433031082,0.0725277811288833,0.0448924526572227,0.0283353626728057,0.0646426901221275,0.0344257391989231,0.0426847375929355,0.2331776916980743,0.0078148283064365,0.0369491577148437,0.0429186187684536,0.0900937244296073,0.0997709706425666,0.0723551958799362,0.047786958515644,0.0708240419626236,0.15642611682415,0.0208938736468553,0.0395161621272563,0.0604397058486938,0.1533941924571991,0.0585681200027465,0.05880718678236,0.0395072065293788,0.2206864356994629,0.0851683169603347,0.0421670004725456,0.0954417362809181,0.0195442773401737,0.0078212413936853,0.0278806891292333,0.0411695502698421,0.0179354790598154,0.0652893856167793,0.0684366598725318,0.1154960766434669,0.0430383346974849,0.0510001704096794,0.0151849780231714,0.0233661234378814,0.088852934539318,0.0348104648292064,0.1322722882032394,0.1140502840280532,0.0815525352954864
11,0.0998749211430549,0.2341960221529007,0.0300122909247875,0.0662847980856895,0.0485164448618888,0.0061136567965149,0.0712406858801841,0.0730938613414764,0.047211792320013,0.028743052855134,0.0649324133992195,0.0208899639546871,0.0466609299182891,0.2460678070783615,0.0074544236995279,0.0379641577601432,0.0443652495741844,0.0920445546507835,0.1016990095376968,0.0803181827068328,0.0524375513195991,0.0721266642212867,0.1609659641981125,0.0214482452720403,0.040707379579544,0.0618121549487113,0.145203948020935,0.063338004052639,0.0593066290020942,0.0361452773213386,0.2477623224258422,0.0894622653722763,0.0432615540921688,0.0976986363530159,0.0192905254662036,0.0077326819300651,0.0280275456607341,0.0428001657128334,0.0186947043985128,0.065820962190628,0.0702432170510292,0.1199795380234718,0.0450528003275394,0.0514069385826587,0.0148525591939687,0.0235702507197856,0.0968052297830581,0.035714816302061,0.1535530239343643,0.1229592338204383,0.0819630324840545
12,0.1030372232198715,0.254172146320343,0.0133043732494115,0.0698448494076728,0.051147274672985,0.0057605863548815,0.072551779448986,0.0734020322561264,0.0496058240532875,0.0290278401225805,0.072115808725357,0.0228377040475606,0.0446988306939601,0.2573355138301849,0.0070655271410942,0.0388397201895713,0.0454237759113311,0.0945382118225097,0.1035820618271827,0.0831427425146102,0.0099956821650266,0.0735337063670158,0.1648703515529632,0.0219914708286523,0.0420886054635047,0.0629443153738975,0.1498577147722244,0.0675796419382095,0.0775825753808021,0.0360201857984066,0.2762579321861267,0.0935840234160423,0.0517453365027904,0.0999466553330421,0.0188728515058755,0.0075288889929652,0.0281154010444879,0.0441792979836463,0.0191272646188735,0.0664031058549881,0.0721384063363075,0.1232347339391708,0.0468383096158504,0.0517892055213451,0.0145997237414121,0.0236713010817766,0.100210502743721,0.0387667790055274,0.0507589802145957,0.1175571307539939,0.0816345438361167
13,0.1069596633315086,0.2724290192127228,0.0059681595303118,0.0729564800858497,0.0532945021986961,0.0057459794916212,0.0753132551908493,0.0863004401326179,0.0247008893638849,0.0293162167072296,0.0736257806420326,0.0251545514911413,0.043795708566904,0.2533793151378631,0.0068367212079465,0.0399458147585392,0.0466314144432544,0.0964307785034179,0.1057464331388473,0.0847280994057655,0.0040735909715294,0.0745861604809761,0.1671219170093536,0.0226093865931034,0.0431175753474235,0.0637764185667038,0.1581067442893982,0.0714819878339767,0.0814617425203323,0.0360480062663555,0.2932177782058716,0.0976178869605064,0.0533612892031669,0.1011943370103836,0.018909215927124,0.0073552280664443,0.0314445197582244,0.0486365221440792,0.0194310341030359,0.0669904202222824,0.0756934136152267,0.1264620274305343,0.0486356690526008,0.0522485449910163,0.0143641801550984,0.0229196082800626,0.1024357303977012,0.0460539683699607,0.0565228387713432,0.1275849938392639,0.0812496468424797
14,0.1060465797781944,0.2938727736473083,0.0044049024581909,0.0768542438745498,0.0572490505874156,0.0052773496136069,0.078309416770935,0.0792554691433906,0.0218251328915357,0.027989212423563,0.0749327912926673,0.0280115492641925,0.0446894317865371,0.2966162264347076,0.0066828071139752,0.0408917292952537,0.0482134707272052,0.0983677059412002,0.1066820174455642,0.0882438123226165,0.0036977268755435,0.0715785697102546,0.1713956892490387,0.0231280140578746,0.0438110455870628,0.0645611733198165,0.1656085103750229,0.0754169896245002,0.0867231339216232,0.0336636751890182,0.3036422729492187,0.1013144254684448,0.0543376207351684,0.0988160818815231,0.0186155084520578,0.007244131527841,0.0309598799794912,0.0505295880138874,0.0508570596575737,0.0676483958959579,0.0793831944465637,0.1307483613491058,0.0505056269466877,0.0530855134129524,0.0141288693994283,0.048965323716402,0.1015527695417404,0.0492241308093071,0.0611801519989967,0.1210394501686096,0.0813074484467506
15,0.1138502806425094,0.3081940114498138,0.0053467117249965,0.0804558768868446,0.061566412448883,0.0053083836100995,0.0812892541289329,0.0710232332348823,0.0185770858079195,0.0276933964341878,0.0763136073946952,0.0295569635927677,0.0410378091037273,0.3343187570571899,0.0067133619450032,0.041458461433649,0.0496230572462081,0.0991817042231559,0.1087082624435424,0.0901738107204437,0.0041932044550776,0.0537049174308776,0.1706855595111847,0.0244658943265676,0.0447637997567653,0.0621983334422111,0.2043388783931732,0.0782598108053207,0.0900154933333396,0.0347013399004936,0.3336859047412872,0.1047595888376236,0.0552981868386268,0.1030493602156639,0.0193132329732179,0.0072286622598767,0.0310718417167663,0.0513558164238929,0.0529564805328846,0.0685858279466629,0.083698034286499,0.1751396358013153,0.0519254319369792,0.0530645251274108,0.0139263197779655,0.0554575026035308,0.1021427363157272,0.0530581399798393,0.042165283113718,0.1268732994794845,0.0813903510570526
16,0.1224311217665672,0.3262116014957428,0.0031053572893142,0.0833457931876182,0.0654485374689102,0.0045597376301884,0.0840196460485458,0.0742019787430763,0.0186050273478031,0.0272892452776432,0.0778335481882095,0.0336251705884933,0.040017582476139,0.3704171478748321,0.0066432058811187,0.0426472537219524,0.050639808177948,0.0984261482954025,0.1104024425148963,0.0915996581315994,0.0029871091246604,0.0510542877018451,0.1726336926221847,0.0247859545052051,0.0457247495651245,0.0635651499032974,0.2117213904857635,0.0815303474664688,0.0894567370414733,0.0399188473820686,0.2206495702266693,0.1079629063606262,0.0561183877289295,0.1037405729293823,0.0190091095864772,0.007023720536381,0.0312766805291175,0.052115011960268,0.0587581992149353,0.0694033578038215,0.0889868810772895,0.1824704706668853,0.0540645793080329,0.053577858954668,0.0138220712542533,0.0621084570884704,0.1001715883612632,0.0787459462881088,0.0455079041421413,0.1328893899917602,0.0928984358906745
17,0.1237074956297874,0.3431697785854339,0.00269919144921,0.0658353343605995,0.0680682212114334,0.0046291248872876,0.104194238781929,0.0739524811506271,0.0145763382315635,0.0268148239701986,0.0793849527835846,0.0334382094442844,0.0417084395885467,0.3976544737815857,0.0160026252269744,0.0434050746262073,0.0521842464804649,0.0992588996887207,0.1104877814650535,0.0878340229392051,0.0030177584849298,0.0647616237401962,0.1714508533477783,0.0243821572512388,0.0460269898176193,0.0642370879650116,0.2175962477922439,0.0837142765522003,0.0922884047031402,0.0423129349946975,0.2492566406726837,0.1112567409873008,0.0565290339291095,0.1049218922853469,0.0175072290003299,0.0075339814648032,0.0312104318290948,0.0459698438644409,0.0647591724991798,0.0698298066854476,0.0849416181445121,0.1768455952405929,0.0574384108185768,0.054160825908184,0.0137387020513415,0.1078787297010421,0.0987853556871414,0.0801218971610069,0.0471367761492729,0.134589672088623,0.0821485668420791
18,0.128989890217781,0.3563305735588074,0.0019867534283548,0.0640073344111442,0.0687364488840103,0.0046775196678936,0.1196638941764831,0.0749474540352821,0.0148829761892557,0.0268667284399271,0.0803965628147125,0.0352829173207283,0.044748704880476,0.4174436628818512,0.015365982428193,0.0445036441087722,0.053393431007862,0.0995902344584465,0.1055981889367103,0.088493026793003,0.002898596227169,0.0673225075006485,0.1687369644641876,0.0242262817919254,0.046682734042406,0.0648160725831985,0.2255723178386688,0.0848150923848152,0.0975485891103744,0.0541093870997428,0.1586333513259887,0.1139734238386154,0.0577827021479606,0.1038270741701126,0.017344107851386,0.0067131733521819,0.0321695730090141,0.0452857390046119,0.0676599815487861,0.0706963017582893,0.0877225995063781,0.0574256405234336,0.0534624978899955,0.0554472096264362,0.013569300994277,0.1107288375496864,0.0987972095608711,0.0734240561723709,0.0521002113819122,0.1383315771818161,0.0917901694774627
19,0.13221175968647,0.3673115670681,0.0023866482079029,0.068046897649765,0.0696206092834472,0.004203004296869,0.131260797381401,0.0876727327704429,0.0130453454330563,0.0268804095685482,0.0752326548099517,0.0229567717760801,0.0452910177409648,0.4480301439762115,0.0146385971456766,0.0450147651135921,0.0541395060718059,0.0999428331851959,0.1067013368010521,0.088551178574562,0.0028713964857161,0.0666519105434417,0.1698174774646759,0.0416322872042655,0.0477260872721672,0.0655505955219268,0.2423839569091797,0.088836446404457,0.1048545464873313,0.0590836703777313,0.1686802208423614,0.1171403974294662,0.0516973733901977,0.1082886233925819,0.0171058066189289,0.006399261765182,0.0326047502458095,0.0456384867429733,0.0794303193688392,0.0712719708681106,0.0911136418581008,0.067593052983284,0.0548451319336891,0.0546031817793846,0.0134522914886474,0.1001041084527969,0.0991065949201583,0.0860381349921226,0.0506299026310443,0.1425864398479461,0.0866081565618515
20,0.1345368027687072,0.3801272809505462,0.0184415113180875,0.0664804875850677,0.0704715624451637,0.0043249013833701,0.0791390538215637,0.1103542447090148,0.0121685713529586,0.0270699150860309,0.075531430542469,0.0234451349824666,0.0400627441704273,0.4700569212436676,0.0155314980074763,0.0461080148816108,0.0551035590469837,0.1020028442144393,0.10772605240345,0.0885387882590293,0.0040201507508754,0.0716316252946853,0.1759849637746811,0.0462192073464393,0.0480512306094169,0.0663610249757766,0.2597648501396179,0.092250645160675,0.1113210916519165,0.0719997659325599,0.154321938753128,0.1196492910385131,0.052583634853363,0.1098877191543579,0.0169372502714395,0.0061595989391207,0.0332767516374588,0.0915301889181137,0.0695671737194061,0.071991391479969,0.0960265547037124,0.0689862594008445,0.0625826269388198,0.0544141642749309,0.0133564751595258,0.0159506145864725,0.1042044535279274,0.0896152630448341,0.05122085288167,0.145868569612503,0.0843594670295715
21,0.1354935765266418,0.3916308283805847,0.0166901554912328,0.0686289519071579,0.0721245408058166,0.0041276318952441,0.0768908187747001,0.1272050887346267,0.0121711250394582,0.0275300238281488,0.0762698501348495,0.0216921456158161,0.0472181662917137,0.4770974516868591,0.0178861804306507,0.0468457825481891,0.0559039004147052,0.1030697673559188,0.1074779778718948,0.0887958854436874,0.0038971931207925,0.0802209228277206,0.1749010533094406,0.0444137379527092,0.0492160767316818,0.0672402158379554,0.2722606956958771,0.0944208353757858,0.1031162962317466,0.0736902952194213,0.1697468161582946,0.1220512762665748,0.0537682399153709,0.1098094582557678,0.0171004272997379,0.005954478867352,0.0329805612564086,0.108044221997261,0.0783583000302314,0.0729772672057151,0.0940086022019386,0.0693188309669494,0.0637757927179336,0.0565448515117168,0.0133592560887336,0.0176212601363658,0.0998501926660537,0.0984279662370681,0.0521716251969337,0.1510833799839019,0.0837378948926925
22,0.1373406201601028,0.4031104147434234,0.017053160816431,0.0698513835668563,0.0716629773378372,0.0063058258965611,0.0462156161665916,0.1105122119188308,0.011695422232151,0.0277853123843669,0.0756739675998687,0.0218133758753538,0.0428094342350959,0.4910710752010345,0.0215149391442537,0.047442615032196,0.0582234188914299,0.1033529788255691,0.1075464710593223,0.0905196443200111,0.0040635769255459,0.0800839141011238,0.1772682517766952,0.0453105680644512,0.0498255006968975,0.0686849504709243,0.2878060936927795,0.0963833257555961,0.1024048775434494,0.0809282809495925,0.1830232143402099,0.1244356036186218,0.0544138476252555,0.1140656843781471,0.0175984036177396,0.006125456187874,0.0328504554927349,0.1153546422719955,0.0866344943642616,0.0731341615319252,0.0972490459680557,0.0563880391418933,0.0671723708510398,0.0552947521209716,0.0133728012442588,0.0173256136476993,0.0857502073049545,0.0931152403354644,0.0530481338500976,0.1521398723125457,0.0840826779603958
23,0.1369598954916,0.4130549430847168,0.01803226955235,0.0719559416174888,0.0727341845631599,0.0056043649092316,0.0476336106657981,0.1221517324447631,0.0117218988016247,0.0282321218401193,0.075967863202095,0.0245524514466524,0.0313226580619812,0.5082389712333679,0.021233931183815,0.0477340780198574,0.0700627192854881,0.1041563972830772,0.1299000829458236,0.0929702520370483,0.0032854310702532,0.0857213586568832,0.1797908693552017,0.0477629825472831,0.0505753867328166,0.0698238760232925,0.2815777659416199,0.0988493859767913,0.103981614112854,0.0918998271226883,0.1880136281251907,0.1265495419502258,0.0552801303565502,0.1177048236131668,0.017708932980895,0.0061829574406147,0.0331200174987316,0.1288377493619918,0.0925314128398895,0.0735675245523452,0.0963833108544349,0.0728468745946884,0.0666715875267982,0.0556398220360279,0.0133436573669314,0.0213574208319187,0.0832221582531929,0.1019988879561424,0.0538185164332389,0.1546075195074081,0.0846589803695678
24,0.1390148103237152,0.4264937043190002,0.0151653913781046,0.0750017613172531,0.0731163620948791,0.0064309970475733,0.0501657240092754,0.1289644688367843,0.0119412774220108,0.0381590835750103,0.076334610581398,0.023431284353137,0.0369869098067283,0.518714189529419,0.0221107192337512,0.0479569658637046,0.0782442241907119,0.104673683643341,0.1349361091852188,0.0914713889360427,0.0042883576825261,0.0842186361551284,0.1818612515926361,0.0480735003948211,0.0504655130207538,0.0707459673285484,0.2959150075912475,0.1188189014792442,0.1077981144189834,0.0930923894047737,0.208531454205513,0.1287538409233093,0.0562138333916664,0.1158047467470169,0.017451275140047,0.0066163367591798,0.0337115935981273,0.0855467543005943,0.095091238617897,0.0747256428003311,0.0992083698511123,0.06960079818964,0.0675522536039352,0.0561513900756835,0.0133221503347158,0.0206339657306671,0.0832244902849197,0.0991775467991828,0.0541641898453235,0.1571006923913955,0.0791777968406677
25,0.1406577080488205,0.4365061819553375,0.0171800889074802,0.077278658747673,0.0738866478204727,0.0066800964996218,0.050868947058916,0.1294752359390258,0.011374918743968,0.037506628781557,0.0765752494335174,0.0226470343768596,0.0395281314849853,0.5346406698226929,0.0217931196093559,0.0487902127206325,0.0798073187470436,0.105789378285408,0.1397950649261474,0.0907457917928695,0.0041971197351813,0.0891248658299446,0.1903856545686721,0.0492853969335556,0.0502779074013233,0.071253091096878,0.3169825971126556,0.121650256216526,0.1085536032915115,0.1006553918123245,0.2390109598636627,0.130646675825119,0.0566019900143146,0.1177588701248169,0.0169835407286882,0.006598200649023,0.0320845022797584,0.0716273859143257,0.0643116980791091,0.0749835446476936,0.0984756350517273,0.0420726463198661,0.0697184652090072,0.0561194233596324,0.0133549151942133,0.0186685137450695,0.082910880446434,0.1094759702682495,0.0693799927830696,0.1577865332365036,0.088160291314125
26,0.1406711041927337,0.44617360830307,0.0165765881538391,0.0799706131219863,0.0750545859336853,0.0069059692323207,0.0510231144726276,0.1410631537437439,0.0132765173912048,0.0391872599720954,0.0767959505319595,0.0236929673701524,0.0409234650433063,0.2593117654323578,0.0217124111950397,0.0491034612059593,0.0840435624122619,0.1053620427846908,0.1432634145021438,0.0923118367791175,0.0035047978162765,0.1257193684577942,0.1887513548135757,0.0510233268141746,0.0507696382701396,0.0714976117014885,0.3364035487174988,0.1292725503444671,0.1116906777024269,0.0954378545284271,0.2407890856266021,0.1323206722736358,0.057578407227993,0.1192604079842567,0.0173536371439695,0.0064191864803433,0.0324982479214668,0.0784738138318061,0.0546921379864215,0.0759409219026565,0.101432517170906,0.0422918610274791,0.069019116461277,0.0566912516951561,0.0131453452631831,0.018980199471116,0.0846452265977859,0.1072513461112976,0.0599381104111671,0.1620342433452606,0.0795381963253021
27,0.1437481790781021,0.457328736782074,0.0178996883332729,0.0796875804662704,0.0756991505622863,0.0061566927470266,0.0519823245704174,0.1579862236976623,0.0142960306257009,0.0397137515246868,0.0758370235562324,0.0232427231967449,0.0356639400124549,0.2623608708381653,0.022069739177823,0.0496935918927192,0.0886217504739761,0.1066303849220275,0.1446629464626312,0.0935511067509651,0.0044935494661331,0.1275814473628997,0.1925236284732818,0.0503693036735057,0.0317875854671001,0.0724304467439651,0.3537160456180572,0.1373221725225448,0.1157732829451561,0.1051636338233947,0.2355760335922241,0.1339751332998275,0.0575642883777618,0.1196783781051635,0.0176932942122221,0.0065481103956699,0.0322833433747291,0.0734295099973678,0.0676349550485611,0.0764549076557159,0.1034200191497802,0.0443450734019279,0.0702855363488197,0.0566140413284301,0.0131549341604113,0.0193211175501346,0.0838798582553863,0.1161674484610557,0.0879028886556625,0.1663959771394729,0.0814403221011161
28,0.1451704949140548,0.4673272967338562,0.0252264197915792,0.0839889273047447,0.077344574034214,0.0064447447657585,0.0531871020793914,0.155846819281578,0.011587711982429,0.0411646105349063,0.0752101391553878,0.0241809710860252,0.0445580892264843,0.2664639353752136,0.0221302919089794,0.0508351139724254,0.089093193411827,0.1063941940665245,0.1478223502635955,0.0939559936523437,0.0045062201097607,0.1361597031354904,0.2283538281917572,0.0524667687714099,0.029271924868226,0.0733049064874649,0.3593249917030334,0.1363376230001449,0.1165452226996421,0.100053034722805,0.2535514831542969,0.1355597078800201,0.0587401576340198,0.1236683949828147,0.0175964906811714,0.0063926256261765,0.0324040874838829,0.0788426846265792,0.0620920844376087,0.0766879916191101,0.1026705950498581,0.0424952246248722,0.0717347562313079,0.0570247396826744,0.0130499871447682,0.0202657934278249,0.0824508294463157,0.1269918829202652,0.0979194194078445,0.1632924377918243,0.0850098729133606
29,0.1452499330043792,0.4767414629459381,0.0187924560159444,0.0893872901797294,0.0761474221944809,0.0076420693658292,0.0536293089389801,0.1693655550479889,0.0137312933802604,0.0399372950196266,0.0755578950047493,0.0264166258275508,0.041514866054058,0.2720297574996948,0.0220412649214267,0.0514625832438468,0.0917415767908096,0.107787474989891,0.1495540887117386,0.0953438729047775,0.0046915127895772,0.1434862315654754,0.2421176433563232,0.0534261092543602,0.0270331148058176,0.0738868117332458,0.3720678389072418,0.1398495733737945,0.1201645508408546,0.10947085916996,0.24904665350914,0.1371994614601135,0.0594720765948295,0.1242201775312423,0.0180150140076875,0.005870153196156,0.0328393802046775,0.0793984457850456,0.0654911249876022,0.0772856622934341,0.1053092032670974,0.0452849976718425,0.0731072574853897,0.0584368631243705,0.0126885371282696,0.0203228183090686,0.0825061649084091,0.1328369677066803,0.1089877635240554,0.1694593131542205,0.0798821672797203
30,0.1465993821620941,0.4771292805671692,0.0202105306088924,0.0813208371400833,0.0757006853818893,0.008422652259469,0.0535161569714546,0.1857820451259613,0.0138093726709485,0.0419209338724613,0.0758523792028427,0.0252384208142757,0.0583057813346385,0.2866110205650329,0.0204683449119329,0.0518962629139423,0.097466267645359,0.1075963824987411,0.1516822278499603,0.0977774634957313,0.0042545860633254,0.1505186855792999,0.2504914700984955,0.0523580126464366,0.0280593279749155,0.0741822272539138,0.0881711691617965,0.1458164453506469,0.1202670708298683,0.1131163612008094,0.2309500724077224,0.1385217159986496,0.0600809156894683,0.1258756965398788,0.0182886850088834,0.0060504381544888,0.0335252955555915,0.0838786661624908,0.0681768357753753,0.0777196288108825,0.1035115346312522,0.0437832251191139,0.0638328716158866,0.0597462281584739,0.012593574821949,0.0212602000683546,0.0862133130431175,0.1389734596014022,0.0863074138760566,0.1684431284666061,0.0819910690188407
31,0.1443423926830291,0.4891149401664734,0.0185821689665317,0.064981535077095,0.0781933516263961,0.0063996808603405,0.0543215461075305,0.1683066338300705,0.0138207767158746,0.042931530624628,0.0754754096269607,0.0250891633331775,0.0527820773422718,0.2907871305942535,0.0218621622771024,0.0523591265082359,0.0992930084466934,0.1088800877332687,0.1530804932117462,0.0967438369989395,0.0030078147538006,0.154989019036293,0.2390498369932174,0.0134078888222575,0.02837017737329,0.0752854347229003,0.0885043069720268,0.1514720618724823,0.1205926686525344,0.1136067286133766,0.229984849691391,0.1401122361421585,0.0600702948868274,0.1242741495370864,0.0180951859802007,0.0070916921831667,0.0333039052784442,0.1415093541145324,0.0729005485773086,0.078040525317192,0.1515161693096161,0.0444670021533966,0.0651341155171394,0.057889811694622,0.0124195171520113,0.0363972075283527,0.0914470702409744,0.1488223373889923,0.0910881981253624,0.1719548404216766,0.0789694711565971
32,0.1473978161811828,0.4999006390571594,0.0182488299906253,0.0627806186676025,0.0779904052615165,0.0058944718912243,0.0552770085632801,0.1713394820690155,0.0159343350678682,0.0434729978442192,0.0758831277489662,0.0263512227684259,0.0575087666511535,0.3057292401790619,0.0232663955539464,0.053214531391859,0.102735236287117,0.1101511567831039,0.1571469455957412,0.099434345960617,0.0039664776995778,0.1552101969718933,0.2495924234390258,0.0122489808127284,0.0284411907196044,0.0759419053792953,0.0793168991804122,0.1470459401607513,0.1229159459471702,0.1181891709566116,0.2360338866710662,0.141325831413269,0.0608099475502967,0.1264375895261764,0.0178979430347681,0.0075475042685866,0.0335572138428688,0.1271272003650665,0.0674282535910606,0.0788544863462448,0.1703672409057617,0.043752085417509,0.0660287588834762,0.0580349676311016,0.0124861551448702,0.0377758033573627,0.0905731096863746,0.1392479538917541,0.0831984132528305,0.17709581553936,0.079413391649723
33,0.1532617062330246,0.5113593339920044,0.0178323816508054,0.0576313138008117,0.0788500905036926,0.0061246464028954,0.0555314496159553,0.1869489401578903,0.0128172039985656,0.0440365523099899,0.0767538696527481,0.0250064767897129,0.0575025975704193,0.3041891455650329,0.0238847248256206,0.051917441189289,0.1048993691802024,0.1107786074280738,0.1567314714193344,0.0979830920696258,0.0030348431318998,0.1573087871074676,0.2560200095176697,0.014023520052433,0.0308302454650402,0.076667882502079,0.0820303708314895,0.1584766209125518,0.1266962885856628,0.1235638484358787,0.1869426816701889,0.1431518346071243,0.060940496623516,0.1279211640357971,0.0186408143490552,0.0056702396832406,0.0342035740613937,0.1384401023387909,0.0225964672863483,0.0784855335950851,0.1845263838768005,0.0504410862922668,0.0662539899349212,0.0581809654831886,0.012320015579462,0.0420274101197719,0.0909229889512062,0.1359215825796127,0.0863607302308082,0.1771726608276367,0.0834206193685531
34,0.1298691183328628,0.5204126834869385,0.0173257011920213,0.0554060861468315,0.0811617970466613,0.0062375189736485,0.0558455176651477,0.1941427290439605,0.0144133269786834,0.0438082963228225,0.0770613998174667,0.0264940820634365,0.0559095330536365,0.3207657933235168,0.0225019343197345,0.0530562400817871,0.1090470403432846,0.1119377240538597,0.1590533554553985,0.095870241522789,0.0037329834885895,0.1677917540073394,0.2535353600978851,0.0093092825263738,0.0308126751333475,0.077023908495903,0.088152527809143,0.1580117493867874,0.1270123273134231,0.1289558708667755,0.1889879703521728,0.144169420003891,0.060884952545166,0.1291328966617584,0.0181993320584297,0.006303469184786,0.0348182581365108,0.1392682045698166,0.022302646189928,0.0794796496629715,0.1863080263137817,0.0546811819076538,0.0679492577910423,0.0579421035945415,0.0119754765182733,0.045425646007061,0.0973769649863243,0.1455411463975906,0.0859620422124862,0.1785221099853515,0.0791999772191047
35,0.1190891116857528,0.5298125147819519,0.0189253836870193,0.0538434907793998,0.0807912126183509,0.006488443352282,0.0577429644763469,0.1409230083227157,0.0137014929205179,0.0443875864148139,0.0768220573663711,0.0250416453927755,0.0527628436684608,0.3273182809352875,0.0225963480770587,0.0535972192883491,0.1103569418191909,0.1110020652413368,0.1614625751972198,0.0952652990818023,0.0033947993069887,0.1669453084468841,0.2636018991470337,0.0133934766054153,0.0303011052310466,0.0772970765829086,0.0877412930130958,0.1587890088558197,0.128769114613533,0.1214540600776672,0.1887934356927871,0.1453133970499038,0.0618809163570404,0.132765382528305,0.0190667770802974,0.0055931895039975,0.0345607511699199,0.1593093276023864,0.0252669155597686,0.0797190964221954,0.1942239254713058,0.0492651686072349,0.0680322274565696,0.0583689026534557,0.0119376350194215,0.0434184111654758,0.0908020660281181,0.1520781815052032,0.0837756320834159,0.1784711927175521,0.0796635746955871
36,0.0695421397686004,0.531151294708252,0.0178485959768295,0.0515991821885108,0.0804427862167358,0.006223986390978,0.0564564280211925,0.1457300186157226,0.0136907994747161,0.0180199481546878,0.0773863345384597,0.0268261469900608,0.0514906644821167,0.3247084021568298,0.0227325968444347,0.0536047406494617,0.1084576696157455,0.1124732345342636,0.1606221348047256,0.0954667180776596,0.0036275598686188,0.1700186282396316,0.2593027353286743,0.0089356210082769,0.0304962955415248,0.0782172828912735,0.0855372548103332,0.1659815162420272,0.1081408709287643,0.1290896832942962,0.2369608879089355,0.1467323303222656,0.0622723773121833,0.1360470652580261,0.0187659282237291,0.0061303344555199,0.0353667363524436,0.1754893511533737,0.02413528598845,0.0799071863293647,0.2044910639524459,0.064685121178627,0.0687677636742591,0.0584903135895729,0.011982281692326,0.0423651002347469,0.0911415815353393,0.1547833830118179,0.0961692631244659,0.1773712635040283,0.0794930383563041
37,0.0648597627878189,0.5465613603591919,0.0163568668067455,0.0502480678260326,0.0806990340352058,0.0052953814156353,0.0577021315693855,0.1573667824268341,0.0151746170595288,0.0121599417179822,0.077268011868,0.0258369408547878,0.051319383084774,0.3273712992668152,0.0229029264301061,0.0544115602970123,0.1369558125734329,0.1143035441637039,0.1626602709293365,0.0956410616636276,0.0042741345241665,0.2466378957033157,0.2602755129337311,0.0104161649942398,0.0320800617337226,0.0789021626114845,0.0924065113067627,0.1657206714153289,0.1099349856376648,0.1304360181093216,0.2241445034742355,0.1478829979896545,0.0621849074959754,0.1381211429834365,0.0186265558004379,0.004866131581366,0.0347240455448627,0.1774783432483673,0.0229920223355293,0.0804775804281234,0.212908387184143,0.0500230975449085,0.0698194354772567,0.0600100569427013,0.0117788948118686,0.0426247641444206,0.0916892886161804,0.1481816172599792,0.0979062989354133,0.1831715404987335,0.076449915766716
38,0.0671404153108596,0.5563079118728638,0.0191404316574335,0.0514236465096473,0.0811016783118248,0.005096414592117,0.0574231147766113,0.1504625082015991,0.0162351764738559,0.013297569938004,0.0768781378865242,0.0259037856012582,0.0666114836931228,0.3298180997371673,0.0238450374454259,0.0547409951686859,0.1465544998645782,0.1143810003995895,0.164056584239006,0.095443494617939,0.0033350973390042,0.2404878586530685,0.2685364186763763,0.0146244000643491,0.0302659627050161,0.0796247571706771,0.0913504511117935,0.1664724051952362,0.1107363104820251,0.131433755159378,0.247064784169197,0.1492816656827926,0.063090831041336,0.139422208070755,0.0190824270248413,0.0058220857754349,0.0350826606154441,0.1800232380628585,0.0231536217033863,0.0808044448494911,0.2079506814479828,0.0510928817093372,0.0704971924424171,0.0603978708386421,0.0120044313371181,0.0465282425284385,0.0911456942558288,0.1623928248882293,0.0911438912153244,0.182686761021614,0.0783790871500969
39,0.0655674785375595,0.5635786056518555,0.0167469568550586,0.0502697937190532,0.081656277179718,0.0049961460754275,0.0585598424077034,0.1602375507354736,0.0158668998628854,0.0124395191669464,0.0771808102726936,0.0268431901931762,0.0724932700395584,0.3325771391391754,0.0238160546869039,0.0553345382213592,0.1514658033847808,0.1146088689565658,0.1647318303585052,0.0956740826368331,0.0027687579859048,0.2219921797513961,0.2630801796913147,0.010425723157823,0.0307432319968938,0.07979666441679,0.0827196389436721,0.1699541956186294,0.1073028221726417,0.1288481950759887,0.2432351410388946,0.1504760235548019,0.0772185921669006,0.1406311690807342,0.0199323967099189,0.0058574336580932,0.0346268787980079,0.17058165371418,0.0221429876983165,0.0810493603348732,0.2189190834760666,0.0537975504994392,0.070925273001194,0.0591114051640033,0.0117414407432079,0.0420677438378334,0.0935833901166915,0.1566484272480011,0.0839447528123855,0.1878547966480255,0.0786288231611251
40,0.0645068138837814,0.5676300525665283,0.0153762996196746,0.04762914031744,0.0819776728749275,0.005272336769849,0.0596558637917041,0.1634789854288101,0.0165841355919837,0.0114427553489804,0.0776309594511985,0.0276158656924963,0.0701237469911575,0.3336100280284881,0.0233704410493373,0.0558275766670703,0.1595533192157745,0.1176540404558181,0.16707743704319,0.0964667126536369,0.0027769322041422,0.2304829657077789,0.2673901319503784,0.0098775029182434,0.0304723866283893,0.080122485756874,0.0906242057681083,0.1765157580375671,0.1232285872101783,0.1417566388845443,0.2433633059263229,0.1514037549495697,0.0795207992196083,0.1424049884080886,0.0191507898271083,0.0062407618388533,0.0357194282114505,0.1680147498846054,0.0174065418541431,0.0817404016852378,0.2233484238386154,0.0568696856498718,0.0714254528284072,0.0600353069603443,0.0120676588267087,0.0481397025287151,0.0925177261233329,0.1649779677391052,0.0883203297853469,0.1853082776069641,0.0727850347757339
41,0.0643481388688087,0.5732830762863159,0.0151534350588917,0.049465138465166,0.0438219383358955,0.0054576192051172,0.0596214048564434,0.1621115952730178,0.0165608674287796,0.0064022056758403,0.0787448585033416,0.0264359675347805,0.0828223377466201,0.343234658241272,0.0234903991222381,0.0564748756587505,0.1594869941473007,0.1205690875649452,0.1682323068380355,0.0975326001644134,0.0037875634152442,0.2320835590362548,0.2662040293216705,0.0095285093411803,0.034151054918766,0.081284113228321,0.1003761142492294,0.1814008951187133,0.1125530749559402,0.1427639573812484,0.2094409167766571,0.152630403637886,0.0758489593863487,0.1442091315984726,0.0191878359764814,0.0057320976629853,0.0366375818848609,0.1918893158435821,0.0163359101861715,0.0821110531687736,0.2284913063049316,0.0569244734942913,0.0721191614866256,0.0593752786517143,0.011912184767425,0.046447318047285,0.0974308624863624,0.1690569669008255,0.0887783467769622,0.1944441497325897,0.0750049501657486
42,0.0636813566088676,0.5812784433364868,0.0139117585495114,0.0524108409881591,0.031439185142517,0.0048765921965241,0.0599985942244529,0.1645131111145019,0.0168595500290393,0.0066994517110288,0.0790250450372695,0.0265626944601535,0.0476295128464698,0.3483570218086242,0.0229100883007049,0.0568594746291637,0.16873699426651,0.1213150471448898,0.1690617054700851,0.0960332527756691,0.0035991775803267,0.2320225536823272,0.2725014388561249,0.0133103309199213,0.0313168056309223,0.0811376944184303,0.0557258613407611,0.1814194917678833,0.1156675815582275,0.1445115953683853,0.2108439654111862,0.1540744006633758,0.0816628783941268,0.1449928283691406,0.0190407000482082,0.0057123145088553,0.0354320220649242,0.1760365962982177,0.0148346070200204,0.0825708210468292,0.2248584479093551,0.0605190582573413,0.0721170157194137,0.0597995296120643,0.011708871461451,0.043109904974699,0.0923473984003067,0.1723435223102569,0.0900431424379348,0.186698168516159,0.0734026432037353
43,0.0589405484497547,0.5859633088111877,0.0134166255593299,0.0476113744080066,0.0240194015204906,0.0034849089570343,0.0600494146347045,0.1679573953151703,0.0172569658607244,0.0056977872736752,0.0790572389960289,0.027906060218811,0.0612026564776897,0.3525615334510803,0.0223376397043466,0.0575827769935131,0.1709666550159454,0.1218889355659484,0.170385867357254,0.0962402448058128,0.0030849503818899,0.2419532090425491,0.2712465822696686,0.0175979621708393,0.0342722721397876,0.0813245177268982,0.0536530427634716,0.1903370916843414,0.1202078014612197,0.0455123372375965,0.2246488630771637,0.155236929655075,0.0824680775403976,0.1470184028148651,0.0193383134901523,0.0057747676037251,0.0351317264139652,0.1813216656446457,0.0137302856892347,0.0829921886324882,0.2451939135789871,0.0556106455624103,0.0730023235082626,0.0599277839064598,0.0118634598329663,0.0561400353908538,0.0937314629554748,0.1774355769157409,0.0906572490930557,0.1907173544168472,0.0728989690542221
44,0.0608777031302452,0.5983493328094482,0.0139558184891939,0.0496605336666107,0.0219986103475093,0.0045244037173688,0.0608386099338531,0.1726160794496536,0.0175349656492471,0.0059247300960123,0.0791079699993133,0.0269701778888702,0.0518386736512184,0.3607567846775055,0.0236243698745965,0.0579555407166481,0.1776205450296402,0.1237734705209732,0.1724991053342819,0.0945691466331482,0.0030962224118411,0.2440869808197021,0.2757115960121155,0.0117018353193998,0.0338323265314102,0.0821569338440895,0.0565088875591754,0.1877663433551788,0.1209511905908584,0.0514233484864234,0.2615496814250946,0.1573636829853058,0.0840541124343872,0.1487202942371368,0.019390769302845,0.0055248066782951,0.0361441113054752,0.2089930325746536,0.0116804782301187,0.0834037140011787,0.2464820593595504,0.0569065883755683,0.0737463980913162,0.0606551989912986,0.0118513898923993,0.0476114638149738,0.0924684405326843,0.1806427538394928,0.0925450176000595,0.192454919219017,0.0753146782517433
45,0.0605423040688037,0.6061738729476929,0.0150737520307302,0.0494491644203662,0.0205575730651617,0.0042834477499127,0.0622215196490287,0.1819758117198944,0.0161558557301759,0.0055462257005274,0.079348936676979,0.0270971655845642,0.0548682324588298,0.3699363470077514,0.0242109075188636,0.058456290513277,0.1835702359676361,0.1251200139522552,0.1741865575313568,0.0942886918783187,0.0029579133260995,0.2497794926166534,0.2783066630363464,0.0122691709548234,0.0346133820712566,0.0827789306640625,0.0572179965674877,0.1909646540880203,0.1237242445349693,0.0537499673664569,0.2641923427581787,0.1593977361917495,0.088126890361309,0.1506983637809753,0.0194999203085899,0.0054358490742743,0.0362141616642475,0.2191296815872192,0.0117710372433066,0.0839657261967659,0.2396676242351532,0.0571415312588214,0.0747552290558815,0.06110130995512,0.0118711525574326,0.0499703325331211,0.0923538729548454,0.182719200849533,0.100456491112709,0.1935556828975677,0.0772025138139724
46,0.0582224540412426,0.6206167936325073,0.0173908825963735,0.0507930889725685,0.0188916958868503,0.0084599023684859,0.0625852197408676,0.1885104328393936,0.0212486945092678,0.0052487030625343,0.079722449183464,0.0270087718963623,0.0570990033447742,0.3775390982627868,0.0238365624099969,0.0595710650086402,0.1846382319927215,0.1266900151968002,0.1756550073623657,0.0945015996694564,0.0027278312481939,0.1596286594867706,0.2810176014900207,0.0117065114900469,0.0352133736014366,0.0835120305418968,0.0551221780478954,0.1937882602214813,0.1252821683883667,0.060655802488327,0.2756687998771667,0.1612396389245987,0.0908925160765647,0.1530955284833908,0.019612131640315,0.0053911255672574,0.0363191552460193,0.2264464646577835,0.0100795347243547,0.0845237746834755,0.2397969514131546,0.0592824928462505,0.0758566036820411,0.0613787844777107,0.0118145979940891,0.0401243455708026,0.0914578214287757,0.1931308358907699,0.0435838028788566,0.197093665599823,0.0767930299043655
47,0.0535037890076637,0.6308823823928833,0.0172137022018432,0.0508357398211956,0.0189968384802341,0.0093391686677932,0.0657314956188201,0.1933022290468216,0.0211396031081676,0.0053243516013026,0.0800977125763893,0.0271489080041646,0.0553316660225391,0.383732795715332,0.0242250934243202,0.0607504025101661,0.1900588423013687,0.1278881877660751,0.1769778132438659,0.0952258110046386,0.0026255974080413,0.1625591665506363,0.2836296558380127,0.0124529851600527,0.0356822982430458,0.0841226652264595,0.0594775676727294,0.1966676115989685,0.1273877471685409,0.0643336102366447,0.2852429747581482,0.1633243262767791,0.0939090847969055,0.154752105474472,0.0198884531855583,0.005398497916758,0.0366824343800544,0.228911206126213,0.0107856169342994,0.0849606543779373,0.2457588911056518,0.0628281682729721,0.0767819806933403,0.0621947422623634,0.0117824375629425,0.0438837483525276,0.0925055295228958,0.2013353556394577,0.0375305525958538,0.1997286975383758,0.07805185765028
48,0.0529799945652484,0.6424521803855896,0.0202090423554182,0.0505592301487922,0.0192746110260486,0.0099966479465365,0.0659160837531089,0.1981616765260696,0.0223893523216247,0.0048578432761132,0.0806831270456314,0.0276371594518423,0.0616737492382526,0.3971127569675445,0.0246470049023628,0.0617910921573638,0.1950050741434097,0.1289572566747665,0.1783512532711029,0.0951120182871818,0.0024915703106671,0.1570112109184265,0.2862947881221771,0.0124217374250292,0.0362008213996887,0.0847462490200996,0.0570687763392925,0.2003218382596969,0.1288372278213501,0.0700715854763984,0.2857463955879211,0.1653307974338531,0.0966577604413032,0.1558980345726013,0.0197679586708545,0.0052347062155604,0.0370228104293346,0.2369561195373535,0.0103710051625967,0.0855274051427841,0.247681051492691,0.0614650137722492,0.0775758773088455,0.0627070516347885,0.0117354290559887,0.0441357269883155,0.0923857390880584,0.2051101624965667,0.0405730679631233,0.2014569491147995,0.080709733068943
49,0.0541532263159751,0.6532872915267944,0.0200120583176612,0.0503102354705333,0.0186541266739368,0.0100613757967948,0.0667570680379867,0.2040943354368209,0.0227830298244953,0.0050427000969648,0.0808038264513015,0.0280164871364831,0.018463859334588,0.4100083410739898,0.0244493596255779,0.0627003833651542,0.1982757598161697,0.1299567520618438,0.179746612906456,0.0376013591885566,0.0022647420410066,0.1580692380666732,0.2919989228248596,0.0118119250982999,0.0397164449095726,0.0853737145662307,0.0571739673614501,0.2028475701808929,0.1309422999620437,0.0678775757551193,0.299636036157608,0.1670776307582855,0.1003183722496032,0.158191978931427,0.0201291032135486,0.0052811615169048,0.0371438935399055,0.2493646144866943,0.0101312221959233,0.0859849900007247,0.2544646561145782,0.0642805099487304,0.0783587843179702,0.0626019388437271,0.0116547923535108,0.0462794452905654,0.0928097739815712,0.2110165357589721,0.037525150924921,0.203897088766098,0.080650582909584
50,0.049995120614767,0.6640467643737793,0.023652359843254,0.0509430542588233,0.0182500854134559,0.0107820387929677,0.0665814653038978,0.2099887877702713,0.0226220171898603,0.0047942707315087,0.0801286101341247,0.0276022292673587,0.0154922334477305,0.4330728650093078,0.0248535741120576,0.0634684041142463,0.1982702910900116,0.1310199350118637,0.1811536401510238,0.039758063852787,0.0023800358176231,0.1543550640344619,0.2908917665481567,0.0118412766605615,0.0346367619931697,0.0857769101858139,0.0584770068526268,0.2072784155607223,0.133167564868927,0.0725518241524696,0.3168159425258636,0.1688910722732544,0.101834200322628,0.1593379974365234,0.0202625337988138,0.0053204437717795,0.0370773859322071,0.2524941861629486,0.0106941191479563,0.0863115936517715,0.2128876447677612,0.063644491136074,0.078751653432846,0.0627392157912254,0.0115570705384016,0.0451842620968818,0.0931337922811508,0.2240993678569793,0.0375563241541385,0.2039864361286163,0.0826782509684562
51,0.0435275472700595,0.6704467535018921,0.0232611987739801,0.0508896335959434,0.0192592330276966,0.0125671727582812,0.0706333816051483,0.2197298109531402,0.0275246985256671,0.0047535859048366,0.082158051431179,0.0284385494887828,0.01354590523988,0.4454732537269592,0.0247659981250762,0.0641165897250175,0.2056459188461303,0.1320279836654663,0.1740843951702118,0.044639453291893,0.0023879813961684,0.1521228998899459,0.2935575544834137,0.0123809538781642,0.0332956537604332,0.0862803906202316,0.0593320801854133,0.2100579291582107,0.1365304291248321,0.0753262788057327,0.3220096528530121,0.170569509267807,0.1052436605095863,0.1611290276050567,0.0203978326171636,0.005364051554352,0.037739373743534,0.2581580281257629,0.0116696842014789,0.086984172463417,0.2388487309217453,0.1679130494594574,0.0797183439135551,0.064091108739376,0.0114920921623706,0.0447043851017952,0.0921723172068595,0.2296614944934845,0.0377026721835136,0.2116198539733886,0.0836946442723274
52,0.0477248355746269,0.6818723082542419,0.0274672210216522,0.0512559786438941,0.0198727454990148,0.0108610540628433,0.0696689486503601,0.2233880311250686,0.0267182923853397,0.004524890333414,0.0839978381991386,0.0282803662121295,0.012560854665935,0.4521469175815582,0.0247982013970613,0.0646830350160598,0.207493707537651,0.1327980756759643,0.174247995018959,0.0487776733934879,0.0023617511615157,0.152013674378395,0.2970443069934845,0.010114368982613,0.0320062451064586,0.0869817063212394,0.0606155171990394,0.212318941950798,0.1363002508878708,0.0811407640576362,0.3214291632175445,0.172293409705162,0.1080291420221328,0.1631734073162078,0.0205337088555097,0.0053930701687932,0.0379783734679222,0.2742677927017212,0.0113354865461587,0.0874789878726005,0.2562808990478515,0.1844011098146438,0.080559454858303,0.0637282133102417,0.0114154070615768,0.0456949509680271,0.0933855324983596,0.2385451346635818,0.0384456776082515,0.2144024819135666,0.0846646949648857
53,0.0357915572822093,0.6940997838973999,0.0320230014622211,0.0502428784966468,0.0204120799899101,0.0113766631111502,0.0684249773621559,0.2270922660827636,0.0309768971055746,0.004308118019253,0.0853318721055984,0.0286695919930934,0.0123965330421924,0.4548645615577698,0.0266730338335037,0.0652589201927185,0.2093342244625091,0.1335629075765609,0.1741633415222168,0.0525490120053291,0.0020084294956177,0.0601921007037162,0.2979605495929718,0.0124608259648084,0.0314947366714477,0.0875023156404495,0.062628224492073,0.2139159739017486,0.138781651854515,0.0862180441617965,0.114111304283142,0.1738817244768142,0.1110145673155784,0.1640891432762146,0.020115366205573,0.005536735523492,0.038505382835865,0.2636988461017608,0.0115291345864534,0.0879939049482345,0.3013545274734497,0.1950603425502777,0.0813149660825729,0.0636704489588737,0.011341044679284,0.0480222925543785,0.0927290245890617,0.2401325404644012,0.0359611548483371,0.2164722234010696,0.0850652605295181
54,0.0416351035237312,0.7035632133483887,0.0381197966635227,0.051043052226305,0.0200730245560407,0.0013750717043876,0.0716429203748703,0.2331819832324981,0.0331168100237846,0.0041032945737242,0.0866126418113708,0.0283960588276386,0.0114295575767755,0.4625349938869476,0.0279393829405307,0.0657837465405464,0.2140244990587234,0.1344996392726898,0.1749224215745926,0.0541309714317321,0.0021249647252261,0.0382936522364616,0.300190657377243,0.0124125890433788,0.0316119827330112,0.0890164971351623,0.0634561628103256,0.2174866497516632,0.1408858597278595,0.0835475847125053,0.1037462800741195,0.1754366308450698,0.1135547012090683,0.1658591032028198,0.0208170842379331,0.005412402562797,0.0378818437457084,0.2867390513420105,0.0115355104207992,0.088310070335865,0.3269835114479065,0.1665740311145782,0.0819160342216491,0.0648584216833114,0.0114553049206733,0.0483338087797164,0.0919704735279083,0.2383762300014495,0.0367541797459125,0.2170397490262985,0.0918034464120864
55,0.0428212285041809,0.7145216464996338,0.0447395928204059,0.0492091253399848,0.0195882115513086,0.0013766275951638,0.0711918994784355,0.2383730709552765,0.0377525761723518,0.004152197856456,0.0876908302307128,0.0289213452488183,0.0130714382976293,0.4776116013526916,0.0289092306047678,0.0663303658366203,0.2155309021472931,0.1357032209634781,0.1755445003509521,0.0595432817935943,0.0018618715694174,0.0385524667799472,0.3044138252735138,0.0869762301445007,0.0314318463206291,0.0906709805130958,0.0680791065096855,0.2222855538129806,0.1434477865695953,0.0879748612642288,0.1034800037741661,0.1769100725650787,0.1038369983434677,0.1663640588521957,0.0209670029580593,0.0050402553752064,0.0379994623363018,0.2735710442066192,0.0130359102040529,0.0890482515096664,0.3547462821006775,0.1611361801624298,0.0826571434736251,0.0653750002384185,0.011187913827598,0.0483211576938629,0.0929277762770652,0.2491572350263595,0.0386833064258098,0.2003285437822342,0.0913384929299354
56,0.0321986712515354,0.7237108945846558,0.0513493791222572,0.0532756149768829,0.0200396962463855,0.0015773130580782,0.0736130103468895,0.2438994348049163,0.0381070002913475,0.0040095057338476,0.1130313426256179,0.0294669214636087,0.0131246224045753,0.480833351612091,0.029798436909914,0.0668205171823501,0.2214475572109222,0.1363826990127563,0.1770066171884536,0.0602871552109718,0.0018582657212391,0.0379574224352836,0.3045536279678345,0.0928476303815841,0.0315663591027259,0.0919793173670768,0.0676376745104789,0.2246039807796478,0.1454856246709823,0.0893169716000557,0.1071900874376297,0.1783716529607772,0.1024980694055557,0.1674379408359527,0.0216747783124446,0.0053934748284518,0.0375296100974082,0.2985397279262543,0.0130693223327398,0.0895667523145675,0.368170827627182,0.1492063850164413,0.0837668031454086,0.0653142407536506,0.0109592117369174,0.0680793076753616,0.0935017541050911,0.2440331429243087,0.0385826714336872,0.2116515338420868,0.0931176096200943
57,0.0345856919884681,0.7264711260795593,0.0573872327804565,0.0517963096499443,0.0207942463457584,0.0014719942118972,0.0726392790675163,0.2527139782905578,0.041723433881998,0.0038634310476481,0.1176286339759826,0.028524775058031,0.0128279384225606,0.4898554682731628,0.0297681000083684,0.0673284530639648,0.2233384549617767,0.1421229839324951,0.177848607301712,0.0624408051371574,0.0023763382341712,0.0381257012486457,0.3101332783699035,0.0961154103279113,0.0308620072901248,0.0930017754435539,0.0700073465704917,0.2262261807918548,0.1462790071964264,0.0940988212823867,0.1223112344741821,0.1799758970737457,0.1020136326551437,0.1690003871917724,0.0231880694627761,0.0052093174308538,0.0374104045331478,0.3103856742382049,0.012002071365714,0.0902014002203941,0.3837184906005859,0.1411319077014923,0.0856494307518005,0.0661884173750877,0.0110641112551093,0.0718923062086105,0.0960247963666915,0.2503542602062225,0.0396047830581665,0.2270355969667434,0.0935460329055786
58,0.0329296924173831,0.7432195544242859,0.0605933889746665,0.0501240976154804,0.0173287577927112,0.0016455324366688,0.0760361850261688,0.2586042284965515,0.0426523573696613,0.003707671072334,0.1235859543085098,0.0286631938070058,0.0116123976185917,0.507928192615509,0.0298817660659551,0.0677214860916137,0.2260008603334427,0.1471506357192993,0.1791328489780426,0.0654218345880508,0.002250995254144,0.0377101711928844,0.3077401518821716,0.1013829261064529,0.0314970612525939,0.0940999761223793,0.0707952231168747,0.2292075604200363,0.1482557207345962,0.0938036292791366,0.1093242615461349,0.1815125942230224,0.1026018261909484,0.1707866191864013,0.0255160592496395,0.0049427025951445,0.0381408557295799,0.3227999210357666,0.0117520587518811,0.0905895978212356,0.3991886973381042,0.0452929958701133,0.0853049382567405,0.0670276433229446,0.0112096723169088,0.0700038224458694,0.0930985808372497,0.2477347403764724,0.0349606946110725,0.2337207347154617,0.0981239080429077
59,0.0377126559615135,0.7522532343864441,0.0650452524423599,0.0526450350880622,0.0172014161944389,0.0018113378901034,0.0739603638648986,0.2616130709648132,0.0482131876051425,0.0034370124340057,0.1277970969676971,0.0299183093011379,0.0108140092343091,0.5114699602127075,0.0307552609592676,0.0680530220270156,0.2277412414550781,0.1520393788814544,0.1800799369812011,0.0677828416228294,0.0019422646146267,0.0377070493996143,0.3079558312892914,0.0998501107096672,0.0017483348492532,0.0949595496058464,0.0716661065816879,0.2341317385435104,0.1482101380825042,0.094922050833702,0.1002822667360305,0.1829057931900024,0.105048656463623,0.1720035672187805,0.0253930799663066,0.0051067918539047,0.0384553149342536,0.3374547362327575,0.0117060411721467,0.0912537798285484,0.4113271832466125,0.0418930687010288,0.0854041203856468,0.0667502954602241,0.0109602976590394,0.07351566106081,0.0940766111016273,0.2587230801582336,0.0376145951449871,0.2416531145572662,0.0971326380968093
60,0.0367864854633808,0.7586320638656616,0.0678777396678924,0.0515292696654796,0.017060412093997,0.0018846334423869,0.0766417831182479,0.2697288691997528,0.0498889051377773,0.0034265569411218,0.1299243867397308,0.0290960408747196,0.0112202633172273,0.5206058621406555,0.0311308596283197,0.0685147419571876,0.2281101197004318,0.1551353186368942,0.1813012659549713,0.0707175210118293,0.0018813299247995,0.0378137044608593,0.3107933402061462,0.1013934612274169,0.0021901943255215,0.0961632430553436,0.0759736374020576,0.2383058965206146,0.1499779522418975,0.1010030061006546,0.1080020666122436,0.1678258925676345,0.1066436618566513,0.1731509417295456,0.025907676666975,0.0051918532699346,0.038159541785717,0.3493047952651977,0.0128193590790033,0.091871902346611,0.4223075807094574,0.0398727133870124,0.0870053097605705,0.0667572543025016,0.0110819470137357,0.0729486867785453,0.0930179208517074,0.2622270584106445,0.0362493768334388,0.2467133551836013,0.0986697524785995
61,0.037120021879673,0.767090916633606,0.0731827095150947,0.0501233153045177,0.0173275489360094,0.0018824592698365,0.0769391804933548,0.2787875533103943,0.0482307411730289,0.003393271472305,0.131954938173294,0.0298156179487705,0.0101705268025398,0.5279673337936401,0.0319818183779716,0.068937174975872,0.2340027391910553,0.1579486727714538,0.1820944398641586,0.0710324794054031,0.0018387300660833,0.0377378351986408,0.3116770386695862,0.1012995392084121,0.0022731076460331,0.0968986600637435,0.0736992731690406,0.2366285324096679,0.1518345326185226,0.102143682539463,0.1152340322732925,0.1689174324274063,0.106995865702629,0.1741918176412582,0.0265526324510574,0.0049810828641057,0.0384436771273613,0.3357382118701935,0.013983036391437,0.0925316959619522,0.4297177791595459,0.0381359085440635,0.0870110914111137,0.0679047778248786,0.0111857028678059,0.0765656754374504,0.0946930348873138,0.2664781808853149,0.0423338115215301,0.2507509589195251,0.0997864082455635
62,0.0346680134534835,0.7730320692062378,0.0743921548128128,0.0511614307761192,0.0188241489231586,0.0019484128570184,0.0796385183930397,0.3085603713989258,0.0532985851168632,0.0033213950227946,0.1337494105100631,0.0296036396175622,0.0088138068094849,0.5445731282234192,0.0317911580204963,0.0693139508366584,0.2370005846023559,0.1605691462755203,0.1832644641399383,0.0736652985215187,0.0020516631193459,0.0350982435047626,0.3144538700580597,0.1047020778059959,0.0027734381146728,0.0975415930151939,0.0784286707639694,0.2413899004459381,0.1585371196269989,0.111754760146141,0.109496846795082,0.1707829982042312,0.1090155839920044,0.1753375232219696,0.0268842075020074,0.0053361537866294,0.0390706583857536,0.3524531722068786,0.0140509037300944,0.0928152725100517,0.4351986050605774,0.0404611751437187,0.087737038731575,0.0678779333829879,0.0108850430697202,0.0774667561054229,0.0922719612717628,0.2640981674194336,0.0400654822587966,0.2553157806396484,0.1020535379648208
63,0.0351992771029472,0.7812421917915344,0.0780107527971267,0.0498244389891624,0.0196088775992393,0.0020683428738266,0.0769373923540115,0.3058646917343139,0.0562937669456005,0.0032765478827059,0.1349780857563018,0.0294770058244466,0.0031617085915058,0.5561866760253906,0.032501958310604,0.0696092918515205,0.2395340502262115,0.1623254716396331,0.1839896589517593,0.0769987851381301,0.0018248095875605,0.0360361859202384,0.3144271969795227,0.1153562441468238,0.0032208464108407,0.0979019701480865,0.0790168419480323,0.2456637620925903,0.1575644314289093,0.1087542027235031,0.1015016809105873,0.1723347008228302,0.1084262579679489,0.1766470074653625,0.0271398089826107,0.00482355710119,0.039474681019783,0.3593786358833313,0.0109706493094563,0.0933375731110572,0.4407796263694763,0.0361597724258899,0.088707610964775,0.0688392147421836,0.0110352858901023,0.0735096335411071,0.0943358987569809,0.2687649726867676,0.0401657968759536,0.2581865489482879,0.1037190183997154
64,0.0364445261657238,0.7901577949523926,0.0771958082914352,0.0506419017910957,0.0200489424169063,0.0015413579531013,0.0796923339366912,0.2752271592617035,0.0544074662029743,0.0032148812897503,0.1326099038124084,0.0300579816102981,0.0018187675159424,0.5564054250717163,0.0330513603985309,0.0700102970004081,0.2426140010356903,0.1649949550628662,0.1852798461914062,0.079718992114067,0.0019440777832642,0.0300398878753185,0.3149126172065735,0.1203121989965438,0.0036665871739387,0.0989206507802009,0.0787134394049644,0.2457178384065628,0.1550070196390152,0.1082118526101112,0.0956403762102127,0.1742467880249023,0.1098014488816261,0.1775108873844146,0.0275743547827005,0.0048005077987909,0.0397451743483543,0.3728223443031311,0.014748346991837,0.0941065698862075,0.0890290066599845,0.0339270420372486,0.0899196416139602,0.0689813047647476,0.011032591573894,0.0741398483514785,0.0882868468761444,0.2699641585350036,0.0404519625008106,0.261648416519165,0.1050318628549575
65,0.0379192158579826,0.8012312054634094,0.082897700369358,0.0505609810352325,0.0206785686314106,0.001420333283022,0.0810643881559372,0.2544192373752594,0.059596411883831,0.0031315558589994,0.1327770054340362,0.0297316703945398,0.0021664623636752,0.5735672116279602,0.0330373272299766,0.0703956335783004,0.2458681315183639,0.1674685627222061,0.1862034350633621,0.0763738676905632,0.0019215376814827,0.0311050415039062,0.3203649818897247,0.115747332572937,0.0040049687959253,0.0995248705148696,0.0881803780794143,0.2506256997585296,0.1573806256055832,0.1105504855513572,0.1025694459676742,0.1760065108537674,0.1094952970743179,0.1791499257087707,0.0282674394547939,0.0052910605445504,0.0402803644537925,0.3886174261569977,0.016156306490302,0.0947031751275062,0.0858390182256698,0.0354686602950096,0.0905722826719284,0.0691063329577446,0.01084213424474,0.0746379643678665,0.0874982997775077,0.2712482511997223,0.0455279126763343,0.2633682191371918,0.1057156547904014
66,0.0368392914533615,0.8073760271072388,0.0838183239102363,0.0501851215958595,0.0220778472721576,0.001423078821972,0.0811582505702972,0.2331559956073761,0.0616607852280139,0.0031712763011455,0.1337103098630905,0.0295455958694219,0.0019557990599423,0.4189566075801849,0.0335173830389976,0.0707781538367271,0.2496306002140045,0.1693140566349029,0.186859518289566,0.0814843475818634,0.0018083511386066,0.0300116874277591,0.3199675977230072,0.1279070228338241,0.0046104760840535,0.099978819489479,0.0878868401050567,0.2519940435886383,0.1616739779710769,0.1158581525087356,0.0995903015136718,0.1771620362997055,0.1097272634506225,0.1799564659595489,0.0282867904752492,0.0056568481959402,0.0460901632905006,0.3884557485580444,0.0147084165364503,0.0955322533845901,0.0847756639122963,0.0388029739260673,0.0912990644574165,0.0692050829529762,0.0108562335371971,0.0731891021132469,0.0883253291249275,0.2839107513427734,0.0451354533433914,0.2662757039070129,0.1064142733812332
67,0.033244788646698,0.8171842694282532,0.0855293497443199,0.0500806160271167,0.0210356190800666,0.0015266714617609,0.0727137103676796,0.2309103459119796,0.0637398511171341,0.003054643748328,0.1345966756343841,0.0307767875492572,0.0015027325134724,0.3770829141139984,0.033708669245243,0.0710997432470321,0.2509554326534271,0.1701901108026504,0.1880317032337188,0.0812905579805374,0.0016798169817775,0.0273522827774286,0.3226406574249267,0.1247022375464439,0.0048409649170935,0.1006260067224502,0.0752768367528915,0.2550944685935974,0.162626564502716,0.1163894906640052,0.1196091398596763,0.1793655902147293,0.108012281358242,0.1815396249294281,0.0288318339735269,0.0057587991468608,0.0462340004742145,0.3896650671958923,0.0157014839351177,0.0955734699964523,0.0811307579278945,0.0379315391182899,0.0920099169015884,0.0686322003602981,0.0109899546951055,0.0789375156164169,0.0875037163496017,0.2896916568279266,0.0375348255038261,0.2682972550392151,0.1076024398207664
68,0.0337832644581794,0.8277541399002075,0.0823135524988174,0.0511093810200691,0.0224752873182296,0.0012111713876947,0.0833498910069465,0.2113112509250641,0.0653289705514907,0.0032269593793898,0.1360825002193451,0.0310589261353015,0.0014029284939169,0.3668047189712524,0.0333902388811111,0.0714382007718086,0.2523922920227051,0.1639363169670105,0.1894880384206771,0.0433116182684898,0.0019126862753182,0.0279720835387706,0.3246394097805023,0.131300687789917,0.0054576406255364,0.1011122614145279,0.0731703788042068,0.2579094469547272,0.1673391163349151,0.1220217570662498,0.1032137870788574,0.1811134368181228,0.1072057709097862,0.1833605021238327,0.0292541347444057,0.004938150756061,0.0443954169750213,0.4046405851840973,0.0128212198615074,0.0961600691080093,0.0849901586771011,0.0366788879036903,0.0932367295026779,0.0699048042297363,0.0106544736772775,0.0690559148788452,0.0882730111479759,0.2901743948459625,0.0437736399471759,0.2710081934928894,0.1084136962890625
69,0.0351433269679546,0.8380287289619446,0.0904619544744491,0.0515598841011524,0.0224941223859787,0.0011678276350721,0.083102248609066,0.2076925784349441,0.0637536495923996,0.0027358778752386,0.136911928653717,0.0309126265347003,0.001172307645902,0.3294457197189331,0.0338449627161026,0.0717325657606124,0.259431779384613,0.1656409800052642,0.1904783695936203,0.0462603047490119,0.001718426356092,0.0270404424518346,0.3293357491493225,0.1282972544431686,0.0059340712614357,0.1019009798765182,0.0733824595808982,0.2624011635780334,0.165610522031784,0.1243121623992919,0.0837389677762985,0.1824998557567596,0.1685701161623001,0.184140533208847,0.0293699465692043,0.0048863375559449,0.0473491176962852,0.4128449857234955,0.0141983609646558,0.0968047976493835,0.0861200764775276,0.0407633706927299,0.0944493263959884,0.0699498951435089,0.0107830548658967,0.0756879150867462,0.0903162807226181,0.2925120592117309,0.0470472648739814,0.2731288969516754,0.1082053184509277
70,0.0335334241390228,0.8474184274673462,0.0912717208266258,0.0503593161702156,0.0231482125818729,0.0011179189896211,0.0865502953529357,0.1973662674427032,0.0660892352461814,0.0027852922212332,0.1380134224891662,0.0309435371309518,0.0007004570798017,0.3050880432128906,0.03394266217947,0.0719662085175514,0.2636221945285797,0.167060986161232,0.1911604702472686,0.0443710200488567,0.0018137305742129,0.0268161743879318,0.3178763389587402,0.1260026693344116,0.0065559474751353,0.1022338047623634,0.0736816152930259,0.2611669898033142,0.1652224063873291,0.1250116378068924,0.1010029539465904,0.183805912733078,0.0317345820367336,0.1850323379039764,0.0294683016836643,0.0060320924967527,0.045419305562973,0.4152621626853943,0.015360047109425,0.0974504873156547,0.0850990340113639,0.0409761816263198,0.0946283936500549,0.0721898525953292,0.0108115058392286,0.0787352174520492,0.0888316109776496,0.3061480522155761,0.0410309061408042,0.2753931581974029,0.1093173623085022
71,0.0360066667199134,0.8568060994148254,0.0975153297185897,0.0505324974656105,0.0235815308988094,0.0010570113081485,0.0853754729032516,0.1837445050477981,0.0609603226184845,0.0028344572056084,0.1388679444789886,0.0311122946441173,0.0011171767255291,0.2924889028072357,0.0340881757438182,0.072187453508377,0.262999951839447,0.1695511639118194,0.1924364417791366,0.0432556048035621,0.0018385723233222,0.0268847085535526,0.3197591304779053,0.1350624561309814,0.007005242165178,0.1031504869461059,0.0754159688949585,0.2618840932846069,0.166382148861885,0.1289996206760406,0.0950652360916137,0.1858870387077331,0.0318582914769649,0.1862459182739257,0.0301812589168548,0.0044873529113829,0.0467675104737281,0.4237823486328125,0.0164539646357297,0.0980499982833862,0.090163305401802,0.0402484834194183,0.0955100432038307,0.0717128068208694,0.0108549911528825,0.0735750347375869,0.0891797095537185,0.2727660536766052,0.0420725680887699,0.276892215013504,0.1087647527456283
72,0.030582645907998,0.8638138771057129,0.0991206988692283,0.0513252131640911,0.0251652840524911,0.0010423574130982,0.082527294754982,0.1766814291477203,0.0602785535156726,0.0029138315003365,0.1402454376220703,0.0309503972530365,0.0009273017640225,0.2694162726402282,0.0342546328902244,0.0724239647388458,0.1931629627943039,0.1706025898456573,0.1931605786085128,0.0439024455845356,0.0016157688805833,0.0283122006803751,0.3235945105552673,0.1470089703798294,0.0072992825880646,0.1036597043275833,0.0795580744743347,0.2679420709609985,0.1735724955797195,0.1291100084781646,0.0946246534585952,0.1874212622642517,0.0291973240673542,0.189132273197174,0.0304896086454391,0.0055146957747638,0.0487792752683162,0.4266756176948547,0.0155951706692576,0.0983837321400642,0.0943122878670692,0.0347926542162895,0.0961844772100448,0.0720526576042175,0.0108226165175437,0.0751649290323257,0.0894479304552078,0.3079635798931122,0.045177973806858,0.2752865254878998,0.1127019077539444
73,0.0244068000465631,0.8753056526184082,0.1034564152359962,0.050981193780899,0.0246435105800628,0.0009041395969688,0.0820844694972038,0.1672685742378235,0.0701068341732025,0.0027417175006121,0.1415223181247711,0.0317301079630851,0.0006651340518146,0.2642096877098083,0.0343754030764102,0.0726511776447296,0.1943572610616684,0.1720711439847946,0.1937371790409088,0.0475436598062515,0.0015492582460865,0.0268426183611154,0.3236331641674042,0.1260295063257217,0.0075306855142116,0.1044027581810951,0.0839894115924835,0.2691583037376404,0.170730635523796,0.1313851475715637,0.0940153151750564,0.1890894174575805,0.0314662605524063,0.1899311393499374,0.0307954289019107,0.0050516738556325,0.0487837195396423,0.4618194997310638,0.0172517336905002,0.0988249257206916,0.0947131142020225,0.0352856218814849,0.0976737812161445,0.072410263121128,0.0108436169102787,0.0771638974547386,0.0890920311212539,0.2917925119400024,0.0479229167103767,0.2770630121231079,0.1109097227454185
74,0.0229031257331371,0.8799344301223755,0.1053697243332862,0.0534613020718097,0.0249855201691389,0.0009872037917375,0.0935979336500167,0.159415528178215,0.069856472313404,0.0025986228138208,0.1424734741449356,0.0309249963611364,0.0001472988369641,0.2496580779552459,0.0350864380598068,0.0729346126317977,0.198199838399887,0.1737734377384185,0.1950265020132064,0.049312200397253,0.00144702300895,0.0280716568231582,0.3255247771739959,0.1451526582241058,0.0077092749997973,0.1048387661576271,0.0865593701601028,0.2717303037643432,0.1769980192184448,0.1327199935913086,0.1063979417085647,0.1906020939350128,0.0291462298482656,0.1912563443183899,0.031069790944457,0.0051631997339427,0.0468610376119613,0.4464588761329651,0.0152020100504159,0.0990063548088073,0.0949002057313919,0.0375520512461662,0.085954412817955,0.0731582269072532,0.0106923431158065,0.0818633884191513,0.0898418799042701,0.2336303293704986,0.0428551435470581,0.2793002128601074,0.1126559376716613
75,0.0274041350930929,0.890049159526825,0.1095183119177818,0.0506114773452281,0.0173859391361475,0.000800309528131,0.0844293162226677,0.151939183473587,0.0649449676275253,0.0028672278858721,0.1436672210693359,0.0319161489605903,9.539321763440968e-05,0.2424328327178955,0.0350043326616287,0.0731963068246841,0.2048077881336212,0.1747931540012359,0.2362839430570602,0.0500207543373107,0.0015406897291541,0.0251385420560836,0.3309101164340973,0.1550556123256683,0.0080176070332527,0.1058316379785537,0.0863389894366264,0.2746530771255493,0.1771490424871444,0.1339087784290313,0.1083277910947799,0.1918095350265503,0.0272646732628345,0.1915469318628311,0.0310466438531875,0.0049090972170233,0.0471489764750003,0.4596701264381408,0.0173696521669626,0.099745325744152,0.0991803854703903,0.0389678031206131,0.0832899361848831,0.0725414529442787,0.0106549374759197,0.0780501812696456,0.0901919454336166,0.2605144679546356,0.0463194660842418,0.2819098234176636,0.1133699193596839
76,0.02414420992136,0.8994263410568237,0.111288882791996,0.0503812618553638,0.0125283496454358,0.0008043778943829,0.0917593613266944,0.1461116969585418,0.0582710616290569,0.0025439101736992,0.1440708488225937,0.0316581241786479,5.982932634651661e-05,0.2267878949642181,0.0351293832063674,0.0735489279031753,0.2102696597576141,0.176661342382431,0.2361373901367187,0.0514941811561584,0.0015273697208613,0.0264062173664569,0.3321682810783386,0.1524281948804855,0.0084067927673459,0.1065927892923355,0.0875021070241928,0.2760387063026428,0.1763729155063629,0.1409511119127273,0.1027771607041359,0.1943336427211761,0.0243573412299156,0.1927497684955597,0.031545765697956,0.0047479709610342,0.0481631979346275,0.4796931147575378,0.0167808197438716,0.1003960147500038,0.0970034450292587,0.0376177616417408,0.0831533744931221,0.0736691877245903,0.0105850845575332,0.0803817361593246,0.0869902893900871,0.2637845277786255,0.0462286844849586,0.2851789891719818,0.1141438111662864
77,0.0227533392608165,0.9094595909118652,0.1131424158811569,0.0504216440021991,0.0141271259635686,0.0007465917151421,0.0893170461058616,0.1009323969483375,0.0581129565834999,0.002477851929143,0.1450501680374145,0.0320078656077384,4.859398177359253e-05,0.2149823904037475,0.0353071652352809,0.0739086046814918,0.2154187262058258,0.1786724179983139,0.2380847930908203,0.0627589970827102,0.0015162138734012,0.0267395731061697,0.3350377976894378,0.1478607952594757,0.0088165663182735,0.10730691999197,0.0906247645616531,0.278638482093811,0.1787836998701095,0.1410721540451049,0.0977873057126998,0.1964930593967437,0.0242298878729343,0.1945594847202301,0.0317655429244041,0.0048216530121862,0.0479704700410366,0.5047081708908081,0.0177456475794315,0.1010474115610122,0.1004672795534133,0.0379867739975452,0.089239589869976,0.0740576535463333,0.0105637554079294,0.0820588394999504,0.086929939687252,0.2783899903297424,0.0475940033793449,0.2879433035850525,0.115245021879673
78,0.0350133404135704,0.920444130897522,0.1147973909974098,0.050629548728466,0.0175705067813396,0.0018799304962158,0.0920124128460884,0.0857497826218605,0.0580229088664054,0.0024172733537852,0.1462689340114593,0.0322371535003185,4.796898429049179e-05,0.2030722349882125,0.0354526564478874,0.0742687433958053,0.2206867188215255,0.1804619133472442,0.2385461330413818,0.0644560903310775,0.001513723633252,0.0269240289926528,0.3381372392177582,0.1544361859560012,0.0092621436342597,0.1081518679857254,0.086646482348442,0.283202052116394,0.1803467869758606,0.1452857553958892,0.099749818444252,0.1986458003520965,0.0275082439184188,0.1956506073474884,0.0320727936923503,0.0048470618203282,0.0449719801545143,0.4983444809913635,0.0180403441190719,0.1017095893621444,0.1012561693787574,0.037589143961668,0.1023687869310379,0.0745553448796272,0.0105185657739639,0.0823354199528694,0.0863774493336677,0.2426968365907669,0.0462797954678535,0.2905596494674682,0.116557776927948
79,0.0333866439759731,0.9299723505973816,0.1118051633238792,0.0509003289043903,0.0196086913347244,0.0022451013792306,0.0863977298140525,0.0582988262176513,0.058117676526308,0.0023040394298732,0.1474365293979644,0.0325555615127086,8.177707786671817e-05,0.193998709321022,0.0357384271919727,0.0746252685785293,0.2258987724781036,0.1820953786373138,0.2393815070390701,0.0656879097223281,0.0014589596539735,0.0269853975623846,0.3407726585865021,0.1591228991746902,0.009706312790513,0.1089234575629234,0.0978738442063331,0.2854769825935364,0.183274894952774,0.147262305021286,0.1039485111832618,0.2009511440992355,0.0294878892600536,0.1966362595558166,0.0325443185865879,0.0048700859770178,0.0453767478466033,0.5179086327552795,0.0172654502093791,0.1022310033440589,0.0784201696515083,0.0370887331664562,0.1068465933203697,0.075428582727909,0.0104851564392447,0.0819043666124343,0.0869808942079544,0.2278213202953338,0.0465997196733951,0.2932716012001037,0.1169027909636497
80,0.0344066731631755,0.9422380328178406,0.1174152046442031,0.0504709258675575,0.0191584322601556,0.0022977967746555,0.089994229376316,0.0498158484697341,0.0594977438449859,0.0019901818595826,0.1488720774650573,0.0325811728835105,0.0002934665826614,0.1877243816852569,0.0361707471311092,0.0749917551875114,0.2304169237613678,0.183683305978775,0.2402443438768386,0.0676825791597366,0.0013762702001258,0.0281022191047668,0.3443949818611145,0.1659811735153198,0.0101109910756349,0.1097054705023765,0.1025643721222877,0.2886861264705658,0.1831811070442199,0.1576857715845108,0.1085180789232254,0.203416034579277,0.0323757231235504,0.1883266866207122,0.0326139293611049,0.0049118800088763,0.0459372028708457,0.5333257913589478,0.0162166357040405,0.1030422896146774,0.0812079310417175,0.0369006171822547,0.1101037487387657,0.0757466107606887,0.0104945255443453,0.0831929743289947,0.0905147418379783,0.2571087181568146,0.0475775636732578,0.2958255410194397,0.1174090057611465
