,0,1,2,3,4,5,6,7,8,9,10,11,12,13,14,15,16,17,18,19,20,21,22,23,24,25,26,27,28,29,30,31,32,33,34,35,36,37,38,39,40,41,42,43,44,45,46
0,0.399,0.5002,0.3434,0.3678,0.316,0.3006,0.3946,0.2464,0.523,0.5662,0.461,0.4504,0.3922,0.3372,0.4258,0.364,0.193,0.4616,0.3142,0.2008,0.33,0.4754,0.5156,0.1258,0.1652,0.2722,0.477,0.3,0.3356,0.2872,0.1702,0.3032,0.2164,0.3804,0.5116,0.53,0.4036,0.4042,0.5644,0.3026,0.3334,0.4516,0.4074,0.4206,0.2808,0.502,0.511
1,0.5566,0.566,0.6198,0.4006,0.4322,0.4198,0.4806,0.2562,0.3072,0.5592,0.329,0.4376,0.3786,0.3926,0.6344,0.4454,0.4804,0.6182,0.2888,0.341,0.2534,0.4732,0.3288,0.1128,0.1592,0.2374,0.4722,0.4574,0.5446,0.2206,0.5882,0.3552,0.4488,0.2108,0.3614,0.589,0.433,0.3192,0.6484,0.3018,0.1308,0.6034,0.5086,0.4134,0.534,0.5384,0.652
2,0.6456,0.6206,0.5944,0.4738,0.5802,0.4506,0.6284,0.5102,0.6394,0.5278,0.3852,0.6096,0.5552,0.5742,0.5436,0.5728,0.5936,0.644,0.6966,0.3494,0.5696,0.4358,0.5796,0.1308,0.538,0.567,0.5942,0.5832,0.5192,0.644,0.481,0.573,0.3648,0.4396,0.264,0.5698,0.6238,0.6888,0.664,0.4864,0.2896,0.6108,0.6386,0.6398,0.6852,0.6274,0.6602
3,0.6334,0.6806,0.5534,0.7016,0.5678,0.6424,0.6182,0.595,0.6366,0.5848,0.6966,0.635,0.6316,0.6564,0.5466,0.6498,0.6194,0.6542,0.55,0.5142,0.3216,0.251,0.323,0.2048,0.4666,0.7036,0.6782,0.618,0.6946,0.6868,0.5508,0.5486,0.6772,0.5992,0.3224,0.5852,0.6462,0.61,0.7212,0.4162,0.4332,0.6114,0.6414,0.6338,0.6816,0.6114,0.6928
4,0.6296,0.6928,0.6576,0.7052,0.6884,0.5926,0.633,0.6136,0.6472,0.4952,0.6746,0.6278,0.6458,0.6302,0.6306,0.6468,0.5806,0.5336,0.7138,0.499,0.4128,0.6504,0.4544,0.2554,0.5628,0.7288,0.6744,0.73,0.6208,0.688,0.6082,0.594,0.598,0.6374,0.3328,0.603,0.678,0.4478,0.7228,0.5952,0.6368,0.6062,0.6802,0.6298,0.6634,0.6036,0.7
5,0.6454,0.7412,0.683,0.7146,0.6882,0.6226,0.6574,0.6464,0.6874,0.5368,0.2692,0.6532,0.6712,0.641,0.6046,0.6484,0.597,0.5958,0.7072,0.5604,0.3556,0.6864,0.4764,0.203,0.621,0.72,0.6622,0.7232,0.6256,0.7006,0.6328,0.6228,0.6336,0.6748,0.3422,0.5854,0.6526,0.6972,0.7124,0.5878,0.631,0.6006,0.7052,0.627,0.6896,0.6038,0.6792
6,0.6972,0.7212,0.4974,0.6982,0.6674,0.6352,0.6578,0.6252,0.6634,0.5808,0.6668,0.6468,0.6332,0.641,0.603,0.6678,0.647,0.6216,0.664,0.6636,0.2272,0.6304,0.293,0.1408,0.5548,0.7336,0.692,0.739,0.6548,0.69,0.64,0.6328,0.683,0.6342,0.6208,0.5706,0.645,0.6964,0.7224,0.5538,0.52,0.6266,0.7096,0.672,0.7352,0.629,0.693
7,0.6962,0.77,0.7014,0.6746,0.6646,0.6618,0.65,0.6472,0.6738,0.6552,0.6896,0.6886,0.6376,0.6792,0.6156,0.663,0.6642,0.6638,0.6226,0.6798,0.3718,0.648,0.629,0.4282,0.597,0.7426,0.7292,0.7406,0.6892,0.6928,0.6506,0.6406,0.6382,0.5718,0.7426,0.6018,0.6094,0.6822,0.7308,0.5894,0.6486,0.6212,0.7026,0.676,0.7012,0.6358,0.7182
8,0.6954,0.7588,0.6948,0.6674,0.7026,0.6668,0.665,0.6464,0.7182,0.6562,0.6872,0.7036,0.6108,0.6744,0.626,0.6634,0.608,0.6866,0.4118,0.5538,0.4766,0.6862,0.482,0.2864,0.6602,0.7204,0.7264,0.735,0.6872,0.743,0.6902,0.6468,0.683,0.604,0.6186,0.5712,0.6708,0.683,0.7312,0.5998,0.6834,0.594,0.683,0.7032,0.7036,0.6868,0.7144
9,0.6794,0.7652,0.708,0.6404,0.7192,0.6704,0.6542,0.6186,0.7152,0.6594,0.6708,0.672,0.6096,0.68,0.5658,0.6576,0.6696,0.6966,0.5986,0.667,0.4958,0.716,0.613,0.352,0.6662,0.7378,0.724,0.6928,0.703,0.7526,0.7096,0.6432,0.693,0.7098,0.6686,0.5884,0.6518,0.6802,0.735,0.6078,0.7062,0.6508,0.6978,0.7076,0.708,0.6948,0.7294
10,0.6868,0.7718,0.681,0.6562,0.7252,0.6752,0.6734,0.6946,0.7202,0.6634,0.6708,0.7166,0.6462,0.6958,0.6306,0.509,0.659,0.7154,0.7026,0.6662,0.6108,0.7058,0.6504,0.3848,0.6404,0.746,0.749,0.3164,0.7028,0.7624,0.7142,0.6294,0.6876,0.7014,0.7334,0.6944,0.6346,0.673,0.7414,0.6208,0.7084,0.7026,0.6686,0.7096,0.7184,0.7264,0.7738
11,0.714,0.7806,0.6916,0.6982,0.7026,0.6904,0.7176,0.7572,0.709,0.6434,0.68,0.7044,0.6334,0.7188,0.6184,0.6012,0.6546,0.717,0.6932,0.6934,0.621,0.6824,0.6662,0.3158,0.7074,0.7298,0.7684,0.7448,0.6984,0.7594,0.7246,0.6358,0.7376,0.7766,0.7634,0.7034,0.6536,0.714,0.7504,0.6184,0.721,0.7294,0.7076,0.7038,0.7036,0.7316,0.7832
12,0.7084,0.7706,0.6904,0.6942,0.6762,0.6804,0.726,0.7676,0.7198,0.6988,0.6434,0.7178,0.5338,0.7066,0.6326,0.6738,0.6966,0.7274,0.7218,0.6786,0.6162,0.699,0.6732,0.3762,0.709,0.7584,0.761,0.7504,0.7002,0.7644,0.7064,0.657,0.7394,0.7568,0.7426,0.7264,0.7266,0.6814,0.7504,0.6602,0.7348,0.704,0.6942,0.699,0.6372,0.7432,0.7812
13,0.7172,0.7818,0.7366,0.745,0.6152,0.6886,0.7256,0.7836,0.713,0.7056,0.6788,0.7246,0.5266,0.7322,0.5708,0.6888,0.6864,0.7292,0.7106,0.6706,0.5872,0.6984,0.6552,0.5482,0.7164,0.7676,0.761,0.746,0.6772,0.771,0.735,0.6774,0.7666,0.7466,0.7534,0.7442,0.7104,0.656,0.7568,0.6564,0.7562,0.7108,0.7388,0.7366,0.7146,0.7462,0.7842
14,0.7148,0.7798,0.7196,0.7466,0.6946,0.6804,0.7198,0.7754,0.712,0.7196,0.6752,0.7348,0.5162,0.7366,0.5936,0.6954,0.7046,0.7284,0.7308,0.6554,0.6782,0.72,0.66,0.5784,0.7384,0.7628,0.758,0.733,0.734,0.7842,0.682,0.6758,0.7604,0.761,0.7396,0.7266,0.7372,0.6938,0.7538,0.6712,0.7724,0.733,0.7598,0.7458,0.6288,0.7464,0.7886
15,0.7232,0.7802,0.7092,0.6982,0.6522,0.6864,0.7298,0.7818,0.7316,0.733,0.6688,0.6968,0.5726,0.7418,0.6242,0.685,0.7032,0.7406,0.7062,0.6582,0.7196,0.7206,0.6554,0.4364,0.7412,0.7804,0.7542,0.7488,0.7332,0.7734,0.7372,0.646,0.7538,0.722,0.765,0.7464,0.6916,0.681,0.7542,0.6758,0.7166,0.703,0.7572,0.7216,0.7006,0.7548,0.804
16,0.7184,0.7936,0.7006,0.6846,0.6688,0.7486,0.7568,0.7888,0.7296,0.7312,0.7634,0.7314,0.6472,0.7248,0.62,0.6918,0.6866,0.7442,0.6962,0.6786,0.7252,0.7306,0.6686,0.6428,0.7204,0.7906,0.7712,0.7596,0.7394,0.7634,0.7702,0.6156,0.6916,0.7918,0.784,0.7446,0.7398,0.678,0.7412,0.6708,0.706,0.6924,0.7394,0.7474,0.7212,0.7588,0.8044
17,0.7304,0.7766,0.6896,0.6802,0.6912,0.756,0.7762,0.7886,0.732,0.753,0.7362,0.7026,0.708,0.7482,0.5968,0.7054,0.7008,0.7706,0.715,0.6368,0.7228,0.7312,0.6614,0.6378,0.7274,0.7936,0.7674,0.7758,0.7362,0.7732,0.789,0.7136,0.765,0.7876,0.7814,0.3378,0.7402,0.6688,0.7516,0.6796,0.7452,0.7078,0.7294,0.748,0.6788,0.7308,0.8112
18,0.7466,0.7916,0.6752,0.7194,0.6974,0.749,0.7802,0.7896,0.7386,0.7308,0.7678,0.7448,0.7198,0.7592,0.6906,0.7306,0.7,0.7172,0.725,0.681,0.7286,0.7506,0.6286,0.5958,0.7302,0.7902,0.7446,0.7812,0.7474,0.7946,0.801,0.4714,0.7564,0.7792,0.7876,0.7946,0.7542,0.687,0.7564,0.7046,0.749,0.675,0.7226,0.7554,0.7038,0.7432,0.7274
19,0.7584,0.791,0.7024,0.7326,0.7032,0.7726,0.7814,0.786,0.7358,0.7266,0.7412,0.7414,0.7314,0.7532,0.73,0.7776,0.6886,0.7734,0.7604,0.6834,0.7316,0.7546,0.6128,0.6498,0.7296,0.7994,0.7752,0.7762,0.759,0.7826,0.803,0.7148,0.7742,0.7744,0.7868,0.8032,0.7454,0.7342,0.7828,0.7106,0.7454,0.7078,0.736,0.7548,0.7082,0.7544,0.805
20,0.7804,0.7992,0.7398,0.7354,0.7196,0.7796,0.7898,0.7936,0.7294,0.7224,0.7454,0.7378,0.732,0.764,0.723,0.7768,0.7136,0.7838,0.7452,0.7236,0.7412,0.759,0.6222,0.641,0.739,0.799,0.771,0.7756,0.7674,0.7658,0.7904,0.7064,0.7776,0.8126,0.8012,0.8106,0.7664,0.7298,0.7862,0.7116,0.7086,0.379,0.761,0.759,0.783,0.7534,0.8014
21,0.7806,0.8088,0.748,0.7516,0.7312,0.7758,0.7974,0.795,0.7308,0.7504,0.7946,0.6844,0.7588,0.7692,0.6938,0.7762,0.7284,0.7836,0.7894,0.736,0.7552,0.7686,0.6426,0.625,0.7472,0.8106,0.7816,0.7816,0.749,0.7806,0.7878,0.7392,0.7706,0.8126,0.8038,0.8146,0.7916,0.7454,0.7964,0.7248,0.7032,0.7542,0.7582,0.7648,0.81,0.7644,0.8206
22,0.7872,0.7982,0.766,0.7414,0.6776,0.7768,0.8052,0.7854,0.7504,0.6996,0.8036,0.7464,0.7478,0.7602,0.6958,0.8036,0.718,0.786,0.782,0.7304,0.7614,0.7662,0.691,0.6264,0.7558,0.7942,0.7812,0.7716,0.7378,0.7982,0.7898,0.7676,0.7886,0.8,0.802,0.812,0.8018,0.7516,0.7956,0.676,0.7264,0.7528,0.7388,0.7504,0.7818,0.763,0.7566
23,0.7876,0.8004,0.736,0.7298,0.7096,0.786,0.8028,0.8032,0.743,0.7882,0.8128,0.7416,0.7554,0.7434,0.6818,0.8038,0.7292,0.7796,0.7922,0.738,0.7918,0.766,0.6872,0.6324,0.7588,0.7922,0.7806,0.7856,0.7426,0.787,0.7966,0.7736,0.787,0.8142,0.7896,0.8204,0.797,0.7606,0.7796,0.7872,0.7536,0.7706,0.7776,0.7692,0.8068,0.7694,0.6232
24,0.7906,0.7994,0.7868,0.7676,0.7446,0.7766,0.7926,0.7954,0.754,0.7424,0.776,0.7328,0.7664,0.7502,0.7102,0.8116,0.7274,0.7896,0.752,0.73,0.7818,0.775,0.7124,0.644,0.7522,0.8032,0.754,0.8044,0.728,0.8048,0.8042,0.7788,0.7954,0.405,0.7944,0.8372,0.797,0.7596,0.7856,0.781,0.7718,0.7884,0.7696,0.7662,0.8014,0.7694,0.7776
25,0.7958,0.8034,0.7884,0.7788,0.754,0.779,0.787,0.7902,0.7606,0.4968,0.816,0.7136,0.7628,0.7496,0.724,0.8128,0.7224,0.789,0.8064,0.74,0.7778,0.7704,0.7046,0.661,0.7506,0.8204,0.7668,0.8104,0.7406,0.7902,0.8082,0.7902,0.824,0.7964,0.799,0.8356,0.8088,0.774,0.7894,0.791,0.7994,0.7816,0.78,0.7688,0.8158,0.7302,0.7754
26,0.7896,0.8064,0.8018,0.8096,0.6632,0.789,0.79,0.801,0.7578,0.786,0.8032,0.7352,0.7576,0.7462,0.7158,0.821,0.7034,0.7744,0.792,0.7412,0.7838,0.7466,0.7024,0.6814,0.7836,0.8254,0.7696,0.8102,0.7786,0.8104,0.806,0.765,0.836,0.8088,0.6236,0.8352,0.8126,0.7956,0.79,0.7822,0.782,0.7874,0.7916,0.7682,0.8258,0.7646,0.7668
27,0.8038,0.785,0.809,0.8074,0.7372,0.7982,0.7934,0.8048,0.758,0.7908,0.7842,0.7518,0.778,0.7504,0.7124,0.8012,0.708,0.802,0.7906,0.7312,0.794,0.781,0.6824,0.6954,0.7662,0.8112,0.7864,0.8138,0.7812,0.8174,0.8242,0.7846,0.8314,0.8112,0.8254,0.8372,0.8032,0.795,0.8014,0.775,0.7854,0.7974,0.776,0.7906,0.826,0.7654,0.7912
28,0.7874,0.804,0.8118,0.807,0.7042,0.7112,0.8012,0.7988,0.7524,0.7852,0.8112,0.759,0.8024,0.7628,0.7244,0.8052,0.7266,0.799,0.7708,0.7516,0.792,0.7822,0.6828,0.6852,0.8164,0.8284,0.773,0.82,0.7846,0.8134,0.834,0.7688,0.8228,0.8242,0.8278,0.8332,0.8108,0.805,0.8102,0.7902,0.7976,0.7952,0.7754,0.7466,0.803,0.756,0.7666
29,0.7882,0.8092,0.8028,0.8128,0.7614,0.7968,0.81,0.8136,0.7656,0.802,0.7574,0.7574,0.7724,0.7774,0.7326,0.801,0.7282,0.8004,0.7926,0.7344,0.7844,0.785,0.7444,0.6938,0.812,0.8266,0.743,0.8354,0.777,0.8176,0.829,0.7874,0.8274,0.8292,0.8286,0.837,0.8138,0.7962,0.8212,0.7966,0.8086,0.805,0.7916,0.768,0.801,0.7524,0.7468
30,0.804,0.8216,0.804,0.8264,0.7636,0.7902,0.8044,0.8168,0.7808,0.8112,0.748,0.7514,0.817,0.7496,0.7738,0.816,0.7358,0.8212,0.7802,0.7518,0.7914,0.7914,0.7562,0.727,0.801,0.8356,0.7888,0.838,0.7852,0.8448,0.83,0.812,0.8334,0.8394,0.8348,0.8432,0.8142,0.7966,0.831,0.7794,0.8016,0.8064,0.8016,0.7678,0.8118,0.7514,0.817
31,0.8012,0.8294,0.7618,0.844,0.7474,0.8008,0.8154,0.8186,0.7826,0.8162,0.773,0.7692,0.8216,0.745,0.732,0.8202,0.74,0.8352,0.7938,0.7528,0.7932,0.8038,0.7324,0.7324,0.8026,0.8412,0.7824,0.8298,0.7806,0.8422,0.8324,0.8062,0.8236,0.8384,0.8362,0.8346,0.8122,0.7722,0.8256,0.8132,0.808,0.807,0.8012,0.7734,0.8184,0.7714,0.8386
32,0.8082,0.828,0.3656,0.8388,0.7486,0.8022,0.8206,0.8182,0.7806,0.8198,0.7948,0.7866,0.8188,0.7856,0.8016,0.822,0.7382,0.827,0.7926,0.7596,0.8022,0.8076,0.7376,0.7362,0.7988,0.851,0.8092,0.834,0.8024,0.8322,0.8306,0.8126,0.8184,0.8528,0.8142,0.8298,0.829,0.798,0.8344,0.8016,0.803,0.8068,0.7856,0.7794,0.8416,0.7726,0.8408
33,0.8058,0.8292,0.8392,0.8424,0.7812,0.8048,0.8094,0.83,0.7892,0.8222,0.7978,0.7916,0.8072,0.7844,0.8112,0.8316,0.7374,0.8338,0.8052,0.7514,0.8018,0.814,0.7464,0.7486,0.8084,0.8488,0.8096,0.8432,0.7982,0.8322,0.8294,0.8148,0.8294,0.8552,0.818,0.8426,0.8264,0.8112,0.8326,0.8052,0.7762,0.8024,0.7806,0.7802,0.8452,0.7774,0.84
34,0.813,0.8358,0.841,0.8266,0.791,0.802,0.8268,0.8356,0.799,0.827,0.8044,0.7914,0.8136,0.7824,0.8188,0.8364,0.7416,0.8484,0.8122,0.755,0.8172,0.8222,0.7382,0.7518,0.8074,0.8554,0.8244,0.8488,0.793,0.8372,0.8344,0.815,0.828,0.8592,0.8216,0.8388,0.8228,0.8442,0.8314,0.8044,0.7874,0.8254,0.7946,0.7804,0.842,0.7788,0.8442
35,0.8154,0.8412,0.8402,0.8392,0.8002,0.8098,0.8356,0.8364,0.8016,0.8312,0.8274,0.7678,0.8042,0.8038,0.8126,0.823,0.7776,0.7454,0.8172,0.7482,0.8314,0.8204,0.7572,0.7576,0.7946,0.8594,0.8322,0.8508,0.7942,0.8332,0.834,0.8318,0.8072,0.8616,0.575,0.8402,0.8204,0.8408,0.8386,0.812,0.7996,0.825,0.797,0.7726,0.834,0.7806,0.8466
36,0.8176,0.8568,0.846,0.8456,0.8024,0.8152,0.8408,0.834,0.807,0.831,0.8406,0.7554,0.812,0.804,0.8224,0.8126,0.779,0.8332,0.8182,0.7382,0.8236,0.8288,0.7796,0.7574,0.8126,0.8652,0.8292,0.8504,0.8032,0.8346,0.8368,0.8118,0.8102,0.8626,0.8386,0.8506,0.8096,0.833,0.8396,0.8238,0.8062,0.8292,0.8056,0.7714,0.8228,0.7784,0.8438
37,0.816,0.858,0.8408,0.8452,0.798,0.8234,0.843,0.8326,0.814,0.8278,0.8446,0.7806,0.8268,0.8186,0.8338,0.773,0.6566,0.85,0.83,0.7346,0.8224,0.8206,0.7612,0.7636,0.8102,0.8546,0.8254,0.8502,0.7986,0.8484,0.8254,0.8268,0.8224,0.8474,0.8408,0.8374,0.8102,0.8454,0.8382,0.8106,0.7994,0.825,0.804,0.7512,0.8382,0.7796,0.853
38,0.8316,0.8624,0.8522,0.8462,0.8048,0.8134,0.845,0.8426,0.8152,0.8498,0.8394,0.7926,0.8246,0.8074,0.8326,0.7444,0.7692,0.8498,0.8282,0.7872,0.8306,0.8174,0.767,0.7622,0.8004,0.8508,0.8332,0.8482,0.8144,0.843,0.8284,0.7806,0.825,0.8502,0.8392,0.8368,0.8346,0.8422,0.8404,0.8298,0.7952,0.8302,0.8,0.7682,0.845,0.7838,0.85
39,0.8304,0.849,0.8486,0.854,0.8176,0.8372,0.844,0.8456,0.8094,0.8558,0.8604,0.811,0.8202,0.8216,0.8276,0.7916,0.7684,0.8382,0.8222,0.7872,0.8464,0.8338,0.7586,0.7662,0.7958,0.8576,0.8334,0.8486,0.8192,0.8424,0.8412,0.8024,0.7764,0.8648,0.843,0.8468,0.8328,0.8488,0.8326,0.8338,0.811,0.8326,0.8104,0.7782,0.8424,0.793,0.8474
40,0.829,0.8666,0.8328,0.854,0.825,0.792,0.8564,0.8444,0.8056,0.8502,0.8584,0.8116,0.8368,0.8296,0.8232,0.8064,0.7636,0.854,0.825,0.7828,0.8558,0.8424,0.752,0.7778,0.8104,0.855,0.8454,0.8518,0.8246,0.8462,0.842,0.81,0.8438,0.868,0.8388,0.8618,0.8348,0.847,0.8474,0.8242,0.8136,0.828,0.812,0.7392,0.8528,0.795,0.8454
41,0.8336,0.8652,0.827,0.8526,0.823,0.832,0.8518,0.8536,0.8134,0.8466,0.858,0.8224,0.8312,0.8268,0.8244,0.802,0.7626,0.8548,0.7936,0.7708,0.8586,0.8294,0.3868,0.7838,0.8042,0.8564,0.8494,0.8564,0.83,0.8444,0.8424,0.8188,0.8394,0.872,0.8498,0.8554,0.8398,0.8044,0.8574,0.8334,0.8146,0.832,0.8084,0.7744,0.8434,0.7954,0.8374
42,0.8352,0.8604,0.8324,0.8596,0.831,0.8426,0.8522,0.8544,0.8178,0.8522,0.8498,0.8184,0.8316,0.83,0.8366,0.795,0.7634,0.8446,0.8162,0.7792,0.8224,0.8356,0.7348,0.785,0.8084,0.8618,0.8512,0.8576,0.784,0.8546,0.8382,0.8042,0.8414,0.8636,0.8408,0.8558,0.8438,0.8464,0.8568,0.842,0.8238,0.8296,0.8076,0.7796,0.8554,0.7978,0.8284
43,0.8344,0.8624,0.8468,0.8672,0.6166,0.8384,0.8588,0.8522,0.8142,0.855,0.8606,0.8162,0.8434,0.8324,0.8394,0.8056,0.7658,0.858,0.8182,0.7794,0.8634,0.8286,0.7388,0.7882,0.7972,0.8578,0.8502,0.858,0.8426,0.856,0.8406,0.8142,0.857,0.8628,0.8502,0.8602,0.8426,0.8498,0.8524,0.8364,0.8284,0.8382,0.8132,0.7756,0.8098,0.8018,0.8428
44,0.8372,0.8638,0.8516,0.8596,0.6308,0.8074,0.8534,0.853,0.825,0.8618,0.881,0.8342,0.7962,0.8342,0.8462,0.8028,0.7676,0.8536,0.8266,0.7592,0.8598,0.8452,0.7488,0.786,0.799,0.8578,0.85,0.8472,0.841,0.8566,0.8414,0.8262,0.8624,0.852,0.8408,0.859,0.8446,0.8568,0.8418,0.8606,0.8342,0.8378,0.8164,0.7728,0.8378,0.8002,0.8394
45,0.8324,0.8586,0.8496,0.8538,0.839,0.8186,0.8558,0.8604,0.824,0.8612,0.8816,0.8384,0.8538,0.845,0.8462,0.805,0.7628,0.8558,0.8328,0.7654,0.859,0.844,0.7666,0.794,0.7944,0.8528,0.851,0.852,0.8404,0.8026,0.8342,0.8284,0.8072,0.8436,0.8442,0.8534,0.8554,0.8646,0.8436,0.8316,0.8396,0.8308,0.8198,0.7898,0.854,0.8024,0.836
46,0.832,0.8544,0.8566,0.852,0.8406,0.83,0.855,0.862,0.8372,0.862,0.8804,0.841,0.8492,0.8438,0.8534,0.8104,0.781,0.8506,0.8478,0.7906,0.8498,0.845,0.7698,0.8032,0.8146,0.8628,0.8536,0.8554,0.8426,0.8522,0.781,0.828,0.8432,0.8518,0.8618,0.87,0.66,0.8638,0.8486,0.8444,0.8354,0.825,0.8204,0.7968,0.863,0.8026,0.8328
47,0.836,0.8582,0.8492,0.8516,0.8394,0.8346,0.8612,0.848,0.8402,0.8648,0.8788,0.844,0.8562,0.8474,0.854,0.8074,0.788,0.8396,0.8536,0.7992,0.8544,0.8484,0.7752,0.8136,0.8406,0.8626,0.7924,0.8576,0.846,0.852,0.8374,0.7422,0.8366,0.8478,0.8598,0.8636,0.8504,0.8648,0.8076,0.8466,0.8482,0.8238,0.8208,0.794,0.8656,0.8086,0.8362
48,0.8378,0.8592,0.8772,0.8514,0.8488,0.8262,0.8596,0.8612,0.8442,0.8682,0.8374,0.8464,0.8598,0.8408,0.8426,0.8386,0.8236,0.8676,0.8566,0.8042,0.8536,0.8482,0.766,0.8074,0.836,0.8692,0.8452,0.8538,0.8404,0.8508,0.8418,0.8358,0.843,0.8492,0.8708,0.8638,0.8534,0.8664,0.8534,0.8496,0.8578,0.8484,0.8196,0.8048,0.8628,0.8124,0.764
49,0.8394,0.8564,0.8794,0.8654,0.8376,0.835,0.8668,0.8586,0.8336,0.8626,0.8786,0.847,0.8668,0.8334,0.8392,0.8446,0.8102,0.8738,0.858,0.777,0.8532,0.8572,0.7778,0.8202,0.8466,0.8716,0.8412,0.863,0.8482,0.8586,0.8462,0.842,0.8368,0.8462,0.857,0.864,0.8564,0.8658,0.8546,0.8422,0.8594,0.8384,0.8226,0.8078,0.8666,0.8218,0.8476
50,0.8382,0.8452,0.8792,0.8626,0.8324,0.8394,0.8624,0.868,0.8434,0.8646,0.8808,0.8532,0.871,0.8382,0.8416,0.846,0.8236,0.8746,0.8568,0.7496,0.8618,0.8538,0.7828,0.827,0.8492,0.8664,0.8516,0.866,0.8486,0.8604,0.8444,0.833,0.8408,0.8426,0.866,0.8622,0.862,0.8632,0.8574,0.8514,0.852,0.8184,0.8298,0.8158,0.8646,0.8234,0.8448
51,0.8412,0.849,0.882,0.8582,0.8572,0.8138,0.862,0.8666,0.8488,0.866,0.8806,0.8568,0.8764,0.8454,0.8456,0.8446,0.8136,0.8714,0.857,0.7404,0.8636,0.8532,0.7756,0.8308,0.8428,0.875,0.8568,0.8696,0.8618,0.8566,0.8448,0.8408,0.8346,0.8442,0.8676,0.8606,0.8608,0.8642,0.8638,0.8562,0.8534,0.8364,0.8314,0.81,0.8588,0.8196,0.84
52,0.8388,0.8592,0.8794,0.8554,0.8572,0.8424,0.859,0.872,0.8498,0.8618,0.8726,0.8566,0.8072,0.8506,0.854,0.8392,0.813,0.8612,0.8586,0.8114,0.8642,0.8492,0.7628,0.8252,0.8504,0.8652,0.8568,0.8604,0.8732,0.8632,0.8456,0.8362,0.8314,0.8326,0.8748,0.8544,0.8582,0.867,0.8654,0.847,0.8524,0.8356,0.8344,0.8146,0.8524,0.8156,0.851
53,0.8614,0.8618,0.8784,0.7606,0.8422,0.84,0.8572,0.8746,0.8418,0.8598,0.8766,0.8558,0.8668,0.8532,0.8548,0.8558,0.813,0.8822,0.8574,0.8044,0.8608,0.8516,0.773,0.825,0.8508,0.8682,0.8674,0.8658,0.875,0.8668,0.8536,0.83,0.8392,0.8336,0.864,0.8514,0.8646,0.8674,0.8668,0.8508,0.8476,0.8322,0.837,0.8242,0.8582,0.8158,0.8606
54,0.8566,0.8566,0.881,0.8762,0.846,0.845,0.7712,0.8794,0.5258,0.8648,0.8842,0.8544,0.8772,0.6046,0.8588,0.8594,0.8168,0.8778,0.862,0.8138,0.8612,0.82,0.7942,0.8134,0.8362,0.8646,0.87,0.8702,0.8756,0.8702,0.8596,0.8182,0.8482,0.8416,0.8688,0.8102,0.865,0.8742,0.8634,0.848,0.8416,0.842,0.8394,0.8222,0.8612,0.8078,0.852
55,0.8568,0.8568,0.8772,0.8782,0.8474,0.8494,0.8628,0.879,0.841,0.8616,0.888,0.8534,0.876,0.8456,0.8638,0.8626,0.814,0.8746,0.8544,0.8172,0.8592,0.848,0.797,0.8224,0.8542,0.8708,0.8698,0.8748,0.8624,0.8742,0.863,0.8134,0.8462,0.855,0.8674,0.8322,0.8596,0.8752,0.8606,0.8592,0.847,0.3914,0.838,0.8066,0.8464,0.7542,0.847
56,0.8618,0.8536,0.8842,0.8774,0.8422,0.8526,0.8632,0.8804,0.8364,0.8714,0.8852,0.8536,0.8752,0.8458,0.8656,0.8538,0.817,0.8744,0.8652,0.822,0.8622,0.8516,0.7694,0.8288,0.8586,0.8702,0.8684,0.875,0.8648,0.8726,0.863,0.8238,0.8514,0.8576,0.8014,0.8638,0.8654,0.868,0.8598,0.8652,0.85,0.8516,0.835,0.291,0.8372,0.8144,0.8554
57,0.8622,0.8684,0.8736,0.8798,0.7752,0.8502,0.8694,0.8828,0.8428,0.87,0.8848,0.852,0.8704,0.8476,0.8664,0.8534,0.816,0.8744,0.871,0.8248,0.8664,0.8502,0.8146,0.8292,0.8554,0.865,0.8694,0.8782,0.875,0.8732,0.865,0.849,0.849,0.8604,0.839,0.8688,0.8708,0.8704,0.866,0.8682,0.8614,0.8712,0.832,0.8058,0.8334,0.8142,0.8568
58,0.8708,0.8714,0.8882,0.8806,0.8472,0.8546,0.87,0.881,0.8354,0.8684,0.885,0.8578,0.876,0.8476,0.8652,0.8596,0.8126,0.8748,0.8658,0.822,0.8684,0.8524,0.7736,0.834,0.858,0.869,0.869,0.8788,0.8764,0.8638,0.861,0.8514,0.8568,0.861,0.8706,0.8684,0.8692,0.877,0.8618,0.8654,0.8616,0.8702,0.8388,0.8024,0.8382,0.8346,0.8584
59,0.8664,0.8718,0.8812,0.8734,0.846,0.8576,0.8714,0.8782,0.8326,0.8714,0.8868,0.8596,0.8734,0.845,0.8658,0.8638,0.8154,0.868,0.8694,0.8166,0.87,0.853,0.8222,0.8362,0.8602,0.8712,0.87,0.8768,0.8748,0.8714,0.8578,0.8534,0.8504,0.8692,0.87,0.87,0.8658,0.8738,0.8656,0.8598,0.8648,0.8722,0.8426,0.8064,0.8486,0.8512,0.8626
60,0.8114,0.8692,0.873,0.875,0.8472,0.8442,0.8718,0.8818,0.838,0.877,0.8778,0.8618,0.8686,0.8364,0.8694,0.8666,0.8334,0.883,0.87,0.8218,0.8732,0.8544,0.8208,0.8302,0.8634,0.8786,0.879,0.823,0.8708,0.8768,0.8612,0.8608,0.8522,0.8496,0.8666,0.8706,0.87,0.8726,0.8772,0.8614,0.8662,0.8632,0.8456,0.8058,0.8508,0.8596,0.8616
61,0.88,0.8782,0.8646,0.8732,0.8538,0.8488,0.8696,0.8734,0.8466,0.883,0.8778,0.863,0.874,0.8404,0.8772,0.8658,0.8378,0.8732,0.8728,0.821,0.8704,0.8574,0.8388,0.8232,0.8512,0.879,0.878,0.8708,0.8766,0.8714,0.8666,0.8612,0.8518,0.7788,0.872,0.869,0.8684,0.8724,0.8676,0.862,0.8634,0.8648,0.8548,0.8034,0.8506,0.866,0.8616
62,0.8822,0.8484,0.8734,0.8748,0.8442,0.8472,0.8716,0.8678,0.8414,0.8864,0.8792,0.8604,0.866,0.8464,0.8784,0.861,0.8352,0.8786,0.8756,0.81,0.868,0.856,0.8326,0.8334,0.8482,0.8854,0.8772,0.8772,0.8784,0.8722,0.8674,0.8564,0.8564,0.8524,0.8812,0.8696,0.871,0.8778,0.8692,0.872,0.8656,0.868,0.8566,0.8024,0.8586,0.8716,0.8618
63,0.8866,0.8724,0.8868,0.877,0.8562,0.853,0.8706,0.8826,0.8476,0.8866,0.8796,0.8604,0.8692,0.8538,0.8782,0.866,0.8218,0.8762,0.8778,0.8232,0.8724,0.8582,0.83,0.8404,0.8428,0.884,0.8716,0.88,0.8834,0.8786,0.8652,0.8708,0.8694,0.856,0.8766,0.8696,0.874,0.8768,0.8812,0.8672,0.8714,0.8716,0.8586,0.7974,0.862,0.872,0.8666
64,0.8718,0.8898,0.8946,0.8824,0.8592,0.8608,0.8576,0.873,0.8484,0.8862,0.8882,0.8584,0.876,0.8578,0.8788,0.8644,0.8256,0.8748,0.872,0.8172,0.8762,0.8592,0.8354,0.8388,0.8412,0.8868,0.87,0.8842,0.8836,0.879,0.8082,0.8546,0.8738,0.8664,0.8664,0.869,0.8726,0.8712,0.7914,0.8746,0.8738,0.8718,0.8652,0.7982,0.854,0.8742,0.865
65,0.8582,0.8888,0.896,0.884,0.8622,0.8626,0.8714,0.8832,0.8488,0.886,0.8872,0.8218,0.8826,0.8566,0.8802,0.8622,0.837,0.8734,0.8694,0.8202,0.8732,0.8666,0.8364,0.8366,0.8648,0.8836,0.867,0.8836,0.8754,0.8788,0.8698,0.87,0.8694,0.879,0.8698,0.8738,0.8712,0.8746,0.8752,0.873,0.8694,0.8722,0.867,0.8032,0.8546,0.873,0.8614
66,0.8838,0.8888,0.895,0.888,0.8632,0.8684,0.8732,0.8828,0.8476,0.8874,0.8902,0.8536,0.8772,0.854,0.8764,0.8688,0.8456,0.869,0.8734,0.8244,0.8768,0.8664,0.8266,0.8468,0.857,0.8752,0.8758,0.8842,0.8742,0.8842,0.8746,0.8772,0.864,0.8814,0.8782,0.8762,0.8762,0.8778,0.88,0.874,0.8732,0.8746,0.8692,0.795,0.8576,0.8742,0.864
67,0.886,0.888,0.893,0.887,0.8634,0.8724,0.875,0.8884,0.8454,0.8874,0.8754,0.8562,0.8792,0.8602,0.8762,0.871,0.8522,0.8808,0.874,0.8232,0.8762,0.8696,0.8128,0.8418,0.8642,0.819,0.8778,0.8866,0.875,0.8886,0.874,0.8744,0.8688,0.875,0.8774,0.8812,0.8782,0.8816,0.8768,0.8768,0.8772,0.872,0.867,0.8122,0.856,0.873,0.8696
68,0.8894,0.8894,0.8928,0.8862,0.8612,0.866,0.8728,0.8914,0.8492,0.8884,0.888,0.8628,0.8772,0.866,0.8744,0.8706,0.867,0.881,0.8732,0.8382,0.8724,0.8672,0.81,0.84,0.8398,0.896,0.8746,0.8862,0.8852,0.8808,0.8778,0.8726,0.866,0.8712,0.8748,0.879,0.8746,0.8866,0.8778,0.879,0.8776,0.8516,0.8614,0.806,0.8694,0.8726,0.8706
69,0.8908,0.8912,0.8854,0.8864,0.855,0.8686,0.8722,0.8904,0.8498,0.887,0.889,0.865,0.8746,0.8686,0.8742,0.8678,0.8656,0.8866,0.8694,0.8388,0.8648,0.8606,0.8278,0.8386,0.8588,0.894,0.8576,0.8828,0.8868,0.8914,0.8752,0.8806,0.8744,0.8698,0.8738,0.8836,0.8674,0.883,0.8804,0.857,0.8762,0.8612,0.861,0.8108,0.8724,0.876,0.8732
70,0.888,0.891,0.8832,0.8882,0.8558,0.8738,0.741,0.8906,0.8534,0.8866,0.8858,0.8634,0.881,0.8632,0.87,0.8674,0.8662,0.8852,0.8664,0.8386,0.8674,0.872,0.8318,0.8382,0.8594,0.896,0.7832,0.8798,0.8788,0.8928,0.8766,0.8806,0.8746,0.8742,0.8724,0.882,0.8764,0.8774,0.8774,0.8758,0.8742,0.8488,0.8644,0.8258,0.7296,0.8776,0.8754
71,0.887,0.8926,0.893,0.8724,0.848,0.875,0.8806,0.89,0.858,0.8846,0.8872,0.867,0.8848,0.87,0.879,0.8722,0.8546,0.8912,0.8684,0.8342,0.8772,0.8756,0.84,0.8368,0.8376,0.895,0.8832,0.8824,0.8806,0.8946,0.8778,0.8832,0.874,0.8798,0.8732,0.881,0.8786,0.7926,0.886,0.8814,0.8746,0.868,0.8664,0.8408,0.8804,0.8506,0.8724
72,0.8886,0.8948,0.8916,0.8862,0.8518,0.8768,0.8778,0.891,0.8584,0.8836,0.8868,0.867,0.8878,0.8718,0.8684,0.8756,0.8562,0.8906,0.8762,0.8394,0.8728,0.8748,0.8512,0.833,0.8136,0.8948,0.8788,0.88,0.8836,0.8946,0.8762,0.8856,0.8734,0.8828,0.8668,0.8742,0.8798,0.878,0.886,0.8852,0.8778,0.8556,0.8696,0.8412,0.8668,0.8734,0.8742
73,0.8946,0.8944,0.8996,0.8816,0.8454,0.8642,0.8776,0.8908,0.8614,0.8842,0.889,0.8682,0.8784,0.864,0.8724,0.8774,0.8572,0.8866,0.8768,0.844,0.8796,0.8752,0.8546,0.833,0.878,0.8946,0.882,0.8798,0.8888,0.8958,0.8768,0.8854,0.8732,0.8746,0.874,0.8846,0.8828,0.8788,0.8892,0.858,0.864,0.8786,0.8642,0.8458,0.8772,0.8796,0.8774
74,0.8944,0.8982,0.9034,0.8912,0.8554,0.879,0.8794,0.8954,0.859,0.8762,0.8904,0.87,0.8754,0.871,0.8778,0.8774,0.8628,0.8808,0.8738,0.8336,0.8352,0.872,0.8482,0.834,0.8798,0.8962,0.8744,0.8776,0.898,0.894,0.8678,0.8854,0.8722,0.8862,0.8722,0.884,0.887,0.8822,0.895,0.882,0.8784,0.8822,0.8638,0.8354,0.879,0.876,0.8764
75,0.896,0.899,0.9034,0.8856,0.8544,0.8772,0.8798,0.896,0.852,0.8804,0.8872,0.8708,0.878,0.8716,0.8826,0.8702,0.858,0.8738,0.875,0.8386,0.8778,0.8676,0.8516,0.7976,0.8816,0.8978,0.8796,0.8814,0.899,0.894,0.8748,0.8884,0.8728,0.8894,0.8602,0.8862,0.8948,0.8812,0.895,0.8826,0.8804,0.8882,0.8684,0.8306,0.8834,0.8772,0.8816
76,0.897,0.8956,0.8838,0.89,0.8654,0.8832,0.8876,0.899,0.8562,0.882,0.8902,0.8748,0.8494,0.8784,0.882,0.8776,0.864,0.8876,0.8688,0.8274,0.8792,0.8698,0.8324,0.859,0.88,0.8972,0.8462,0.8808,0.8952,0.8934,0.8754,0.8876,0.8724,0.7882,0.881,0.888,0.89,0.8822,0.896,0.8806,0.8714,0.8926,0.87,0.8246,0.879,0.8802,0.8752
77,0.898,0.89,0.8998,0.885,0.8626,0.8848,0.8888,0.9034,0.8474,0.885,0.89,0.8792,0.8764,0.8792,0.8804,0.8744,0.8658,0.8492,0.8774,0.845,0.8882,0.8694,0.8566,0.8732,0.8768,0.8994,0.8738,0.8818,0.8728,0.8958,0.8812,0.8206,0.8734,0.8954,0.8916,0.8914,0.8898,0.8834,0.899,0.8832,0.8802,0.8906,0.8668,0.8426,0.8808,0.8802,0.8764
78,0.8972,0.8926,0.9056,0.8852,0.8562,0.8678,0.8772,0.9056,0.852,0.8882,0.8916,0.8816,0.8792,0.8496,0.882,0.8788,0.8646,0.897,0.8746,0.852,0.8792,0.8746,0.8494,0.88,0.8884,0.8982,0.8806,0.8718,0.6884,0.8926,0.8808,0.8826,0.8726,0.8956,0.8906,0.8956,0.8884,0.8808,0.8906,0.8886,0.8806,0.8904,0.8754,0.84,0.865,0.884,0.8794
79,0.8964,0.8992,0.898,0.841,0.8622,0.8804,0.8916,0.8782,0.8568,0.8922,0.8938,0.8802,0.8824,0.879,0.8778,0.8756,0.8588,0.8946,0.8744,0.8464,0.8824,0.8736,0.855,0.872,0.8806,0.901,0.8876,0.8804,0.801,0.9034,0.8846,0.8824,0.8748,0.895,0.8932,0.8984,0.8842,0.881,0.8928,0.8926,0.8868,0.8924,0.8764,0.8416,0.8758,0.884,0.8778
80,0.8982,0.9036,0.9022,0.8862,0.8672,0.881,0.8936,0.8844,0.8576,0.8936,0.8936,0.8818,0.8792,0.884,0.8798,0.8774,0.8618,0.896,0.873,0.852,0.8808,0.8778,0.8624,0.866,0.88,0.9006,0.8882,0.8818,0.89,0.9034,0.8846,0.8968,0.8758,0.8928,0.8928,0.8984,0.8816,0.8788,0.8952,0.8908,0.895,0.8916,0.877,0.8568,0.8868,0.8858,0.8762
81,0.8942,0.9032,0.9002,0.89,0.8698,0.8746,0.8922,0.8852,0.8548,0.9026,0.899,0.8804,0.8834,0.8842,0.791,0.8814,0.8616,0.8958,0.8726,0.8616,0.8778,0.8468,0.8396,0.8778,0.8852,0.898,0.8948,0.8866,0.8872,0.9034,0.8862,0.886,0.8642,0.9002,0.8952,0.8852,0.8772,0.8832,0.8972,0.894,0.8966,0.8916,0.8778,0.8546,0.8864,0.8892,0.8756
82,0.8924,0.9052,0.9038,0.8882,0.8714,0.8852,0.892,0.8798,0.8546,0.9036,0.9008,0.8826,0.8914,0.8872,0.876,0.878,0.8636,0.8958,0.8776,0.8574,0.8766,0.883,0.8544,0.8826,0.8878,0.8994,0.8962,0.8854,0.8904,0.9062,0.888,0.8894,0.8818,0.8674,0.8956,0.897,0.8786,0.8822,0.892,0.8946,0.876,0.8916,0.8782,0.8586,0.8728,0.892,0.874
83,0.893,0.9044,0.8894,0.8904,0.8718,0.886,0.8952,0.8832,0.8564,0.9032,0.9006,0.883,0.8804,0.8614,0.8706,0.8742,0.8626,0.8964,0.872,0.8574,0.8736,0.8812,0.8592,0.8852,0.89,0.9016,0.8948,0.8878,0.8894,0.9044,0.8882,0.8886,0.8838,0.8852,0.8966,0.8996,0.8842,0.8832,0.8978,0.8946,0.899,0.8916,0.8798,0.855,0.8822,0.8904,0.872
84,0.861,0.9058,0.9036,0.8904,0.8682,0.8476,0.8938,0.8844,0.8578,0.9066,0.9004,0.8684,0.888,0.883,0.8722,0.5672,0.8608,0.8976,0.869,0.8546,0.8748,0.8876,0.8552,0.8884,0.8898,0.898,0.8954,0.8902,0.891,0.9048,0.893,0.8968,0.881,0.8806,0.8956,0.8994,0.8872,0.8772,0.899,0.8998,0.9048,0.8916,0.884,0.8506,0.8886,0.8922,0.878
85,0.9004,0.904,0.9022,0.8958,0.857,0.7818,0.8912,0.8894,0.8706,0.9062,0.8938,0.8818,0.8876,0.8858,0.8736,0.8646,0.8628,0.901,0.8774,0.858,0.875,0.8858,0.8486,0.887,0.8918,0.9056,0.8986,0.8896,0.8924,0.905,0.8938,0.8948,0.8798,0.881,0.8972,0.9006,0.8804,0.89,0.896,0.9006,0.9056,0.8956,0.891,0.8584,0.8902,0.884,0.879
86,0.8998,0.903,0.9046,0.894,0.8584,0.8896,0.8894,0.8928,0.8754,0.8982,0.8982,0.8838,0.8898,0.8862,0.875,0.889,0.8684,0.9008,0.879,0.8576,0.8774,0.8906,0.8484,0.889,0.8982,0.9054,0.8988,0.8874,0.8918,0.896,0.893,0.8906,0.8874,0.8888,0.898,0.8794,0.8852,0.8914,0.8954,0.9028,0.897,0.901,0.8944,0.8658,0.8902,0.8916,0.8808
87,0.895,0.9048,0.8974,0.8932,0.8572,0.8916,0.8902,0.8936,0.877,0.898,0.8948,0.8872,0.8888,0.8884,0.8716,0.8856,0.869,0.9022,0.8826,0.8582,0.88,0.8876,0.8514,0.894,0.8826,0.9076,0.8998,0.8458,0.8914,0.9012,0.899,0.896,0.8918,0.8872,0.8992,0.8592,0.885,0.8916,0.8904,0.9026,0.8962,0.8958,0.8914,0.867,0.8896,0.8918,0.88
88,0.8994,0.9034,0.903,0.892,0.8672,0.8914,0.89,0.8954,0.8736,0.9014,0.8928,0.8868,0.8938,0.8946,0.8784,0.886,0.8784,0.9014,0.8862,0.8366,0.8844,0.8892,0.8614,0.8976,0.8904,0.9082,0.899,0.8902,0.8922,0.9016,0.8772,0.8938,0.8908,0.8878,0.9,0.8962,0.87,0.8908,0.895,0.9074,0.8984,0.8974,0.8904,0.8646,0.8894,0.8944,0.8752
89,0.8988,0.9038,0.902,0.8914,0.8648,0.8856,0.8888,0.8942,0.8696,0.9028,0.9022,0.8874,0.8932,0.8934,0.8778,0.8904,0.8798,0.9,0.8876,0.8662,0.8916,0.8896,0.8544,0.8986,0.8138,0.9046,0.9002,0.8914,0.8928,0.8982,0.8932,0.8922,0.8866,0.8846,0.8982,0.8958,0.8724,0.8922,0.8934,0.9066,0.8968,0.8976,0.887,0.8682,0.89,0.8914,0.8832
90,0.8968,0.8932,0.9122,0.8906,0.8618,0.8892,0.8948,0.8942,0.8696,0.9072,0.9012,0.8894,0.8924,0.893,0.8764,0.8906,0.8768,0.8966,0.8874,0.8664,0.892,0.8878,0.857,0.894,0.8932,0.9062,0.9016,0.8904,0.885,0.9014,0.8996,0.8936,0.8834,0.889,0.8982,0.8996,0.8848,0.8916,0.8948,0.91,0.9002,0.8896,0.8868,0.8702,0.8924,0.8952,0.883
91,0.8974,0.9054,0.911,0.8924,0.868,0.8868,0.895,0.895,0.868,0.907,0.8908,0.89,0.8958,0.8926,0.8788,0.8884,0.8774,0.9042,0.8896,0.8668,0.8418,0.8916,0.8136,0.899,0.8954,0.8996,0.9032,0.887,0.8876,0.9006,0.9002,0.8962,0.884,0.886,0.9048,0.899,0.8852,0.8918,0.8974,0.889,0.9,0.856,0.8824,0.8684,0.8958,0.8952,0.8814
92,0.9008,0.9052,0.9088,0.8832,0.8666,0.8876,0.8978,0.8952,0.8814,0.9048,0.8984,0.8906,0.8964,0.8934,0.8796,0.8866,0.8792,0.9012,0.8836,0.8538,0.896,0.889,0.8564,0.8978,0.9024,0.9052,0.906,0.8866,0.8884,0.9014,0.8996,0.8976,0.8722,0.8876,0.9024,0.8994,0.8808,0.8912,0.8982,0.9062,0.8958,0.883,0.8812,0.8744,0.8918,0.8942,0.8802
93,0.8966,0.9052,0.9036,0.8934,0.8704,0.8866,0.894,0.8956,0.8836,0.9098,0.8962,0.8802,0.896,0.8946,0.8754,0.8848,0.877,0.9026,0.8914,0.8618,0.8956,0.8942,0.8578,0.8916,0.9028,0.9012,0.9062,0.8846,0.8926,0.8996,0.8994,0.8902,0.8888,0.8902,0.8998,0.9002,0.8888,0.8938,0.855,0.906,0.9024,0.894,0.8846,0.8742,0.9044,0.89,0.8792
94,0.8958,0.906,0.9052,0.8984,0.8642,0.887,0.8918,0.8928,0.8844,0.9104,0.8912,0.8816,0.9006,0.892,0.8766,0.8934,0.8754,0.9028,0.8898,0.8618,0.8964,0.8964,0.8534,0.8972,0.9034,0.9034,0.9064,0.883,0.8936,0.8994,0.8986,0.89,0.8938,0.901,0.8994,0.898,0.888,0.8914,0.903,0.9066,0.8984,0.8976,0.8812,0.8672,0.8998,0.891,0.8814
95,0.9024,0.9074,0.898,0.9004,0.8594,0.8828,0.891,0.8862,0.8776,0.9108,0.898,0.8816,0.905,0.8918,0.8758,0.894,0.878,0.8964,0.8896,0.8634,0.8976,0.8958,0.8164,0.8992,0.9042,0.91,0.906,0.8838,0.8942,0.8956,0.8978,0.8982,0.892,0.9058,0.9002,0.8488,0.8892,0.8912,0.9044,0.9062,0.9038,0.8976,0.8828,0.8704,0.8996,0.8958,0.8806
96,0.902,0.9048,0.9094,0.9002,0.8608,0.8882,0.8944,0.894,0.8854,0.9006,0.89,0.8832,0.9014,0.8906,0.8712,0.895,0.8752,0.899,0.894,0.8594,0.8996,0.8978,0.8476,0.8992,0.9074,0.9098,0.9052,0.883,0.8946,0.8954,0.902,0.8948,0.8936,0.9068,0.905,0.8988,0.8926,0.894,0.8974,0.9064,0.9064,0.8948,0.889,0.8676,0.8996,0.8956,0.8836
97,0.9028,0.9052,0.9138,0.903,0.8738,0.892,0.8934,0.8986,0.8826,0.9042,0.8986,0.8838,0.9012,0.892,0.8676,0.8938,0.8738,0.9004,0.895,0.8658,0.901,0.8984,0.8518,0.8992,0.9044,0.9096,0.9066,0.887,0.894,0.8978,0.9066,0.8974,0.8944,0.9038,0.9058,0.8994,0.8918,0.897,0.9024,0.9098,0.902,0.8974,0.8936,0.871,0.8994,0.8972,0.89
98,0.9032,0.9042,0.8996,0.9062,0.874,0.8916,0.896,0.8992,0.8822,0.903,0.8922,0.8842,0.9032,0.8926,0.867,0.8936,0.878,0.9068,0.8932,0.8688,0.8976,0.9,0.8616,0.8654,0.9098,0.8962,0.9066,0.8876,0.873,0.8972,0.9042,0.8954,0.8948,0.906,0.9076,0.8994,0.8906,0.8972,0.8926,0.9092,0.8984,0.8968,0.8962,0.868,0.8888,0.8978,0.8844
99,0.9024,0.908,0.9126,0.9062,0.8766,0.8968,0.8972,0.9038,0.8832,0.9098,0.9026,0.8884,0.902,0.8924,0.867,0.8912,0.88,0.907,0.8948,0.873,0.897,0.8998,0.8622,0.8832,0.9102,0.9028,0.9036,0.889,0.8912,0.8988,0.905,0.8956,0.894,0.9064,0.9086,0.9,0.891,0.9002,0.9018,0.912,0.9014,0.8962,0.8974,0.868,0.8926,0.894,0.8844
100,0.9038,0.9082,0.917,0.9078,0.848,0.8966,0.8918,0.8996,0.883,0.9098,0.9012,0.8904,0.8996,0.8826,0.8656,0.89,0.8804,0.9064,0.8934,0.8728,0.8972,0.9018,0.8654,0.9004,0.9062,0.9036,0.9062,0.8874,0.8974,0.8994,0.9038,0.8934,0.8944,0.8996,0.9076,0.8994,0.8882,0.9032,0.901,0.9086,0.9008,0.8942,0.8988,0.882,0.8954,0.8984,0.8858
101,0.904,0.9078,0.917,0.908,0.6986,0.8986,0.8896,0.9016,0.881,0.9084,0.9022,0.8908,0.8946,0.899,0.869,0.8914,0.8812,0.9072,0.891,0.87,0.8976,0.9024,0.8662,0.9028,0.9118,0.9058,0.8948,0.8878,0.8984,0.894,0.903,0.8972,0.8798,0.905,0.9124,0.9002,0.8894,0.9034,0.9016,0.9112,0.9088,0.8862,0.8564,0.878,0.8998,0.8978,0.887
102,0.9046,0.9086,0.9164,0.9082,0.882,0.8962,0.8864,0.9084,0.8826,0.9096,0.9044,0.8918,0.8954,0.899,0.872,0.894,0.8828,0.9076,0.892,0.8674,0.894,0.9016,0.8692,0.9014,0.889,0.9122,0.9032,0.889,0.9006,0.8858,0.9026,0.9006,0.8982,0.9086,0.9118,0.902,0.8936,0.9034,0.9082,0.9098,0.9078,0.875,0.9022,0.8672,0.902,0.8988,0.8592
103,0.9032,0.909,0.916,0.9096,0.8838,0.8956,0.8904,0.9028,0.882,0.9092,0.9018,0.8892,0.8996,0.8984,0.8852,0.8954,0.8878,0.9072,0.893,0.8724,0.9028,0.9022,0.869,0.9012,0.909,0.9098,0.9026,0.8898,0.9032,0.8978,0.9044,0.8998,0.8982,0.9088,0.9082,0.906,0.8848,0.9034,0.906,0.9094,0.8954,0.8992,0.897,0.8712,0.9006,0.8986,0.8818
104,0.906,0.9088,0.9158,0.9098,0.8898,0.8946,0.8912,0.9086,0.8912,0.908,0.9026,0.8914,0.8906,0.8982,0.8932,0.8948,0.8864,0.906,0.8942,0.8728,0.902,0.8988,0.8704,0.9006,0.9074,0.913,0.902,0.8886,0.9002,0.8988,0.904,0.8998,0.9004,0.9098,0.9082,0.9074,0.894,0.9048,0.9028,0.9078,0.914,0.9022,0.899,0.8746,0.902,0.8976,0.8768
105,0.9066,0.9104,0.919,0.9096,0.8902,0.8928,0.892,0.9066,0.8552,0.912,0.902,0.8928,0.8948,0.8942,0.8968,0.8958,0.892,0.9082,0.8954,0.877,0.9032,0.9018,0.8702,0.9008,0.9084,0.9124,0.8336,0.8906,0.8992,0.8954,0.904,0.9022,0.9034,0.911,0.9124,0.9064,0.9006,0.9052,0.9032,0.8974,0.9072,0.902,0.8994,0.8738,0.9024,0.8906,0.8792
106,0.9062,0.9108,0.9152,0.9096,0.8918,0.8932,0.8928,0.9066,0.8948,0.9138,0.9032,0.8914,0.896,0.8966,0.8908,0.8914,0.8914,0.909,0.8946,0.876,0.902,0.9014,0.8754,0.894,0.9084,0.8844,0.8758,0.889,0.8994,0.8982,0.9058,0.8876,0.8982,0.9056,0.9118,0.9016,0.903,0.907,0.9034,0.91,0.9106,0.8984,0.901,0.8796,0.8974,0.886,0.8798
107,0.9074,0.9072,0.9154,0.9084,0.8932,0.8862,0.8956,0.9042,0.8984,0.9144,0.9026,0.89,0.8986,0.8958,0.8942,0.8946,0.8922,0.909,0.8946,0.8802,0.9044,0.9008,0.8802,0.9014,0.9088,0.9112,0.898,0.8892,0.8984,0.8992,0.9066,0.904,0.9022,0.907,0.911,0.9024,0.9018,0.9014,0.9032,0.9106,0.909,0.906,0.9014,0.8768,0.9024,0.8958,0.8818
108,0.9084,0.908,0.9206,0.821,0.8964,0.8802,0.9016,0.9062,0.8972,0.9138,0.9062,0.8906,0.9038,0.897,0.8984,0.8938,0.8916,0.9124,0.8954,0.8814,0.905,0.901,0.88,0.8988,0.909,0.9102,0.903,0.8916,0.8978,0.8978,0.9034,0.9066,0.9026,0.9044,0.9128,0.9096,0.901,0.904,0.9066,0.9074,0.9104,0.907,0.9052,0.8802,0.9064,0.8972,0.8762
109,0.9106,0.9116,0.9164,0.9084,0.898,0.8782,0.9026,0.9032,0.8924,0.9124,0.9054,0.8968,0.904,0.9018,0.899,0.8922,0.8892,0.912,0.8956,0.8764,0.9044,0.8986,0.8816,0.9044,0.909,0.9124,0.9048,0.889,0.8634,0.8904,0.9036,0.9038,0.9056,0.9086,0.9124,0.9074,0.8974,0.907,0.9088,0.9016,0.9064,0.9014,0.9018,0.8806,0.9058,0.886,0.8902
110,0.905,0.916,0.9158,0.907,0.8976,0.8864,0.9018,0.901,0.8966,0.913,0.9068,0.9074,0.9044,0.9008,0.8822,0.8898,0.8896,0.9126,0.894,0.8568,0.906,0.9,0.8714,0.901,0.9098,0.9144,0.907,0.8894,0.87,0.9052,0.8994,0.9038,0.9034,0.9062,0.9126,0.908,0.9034,0.9058,0.8974,0.9084,0.9068,0.9064,0.903,0.8808,0.8992,0.9006,0.8964
111,0.9056,0.916,0.9174,0.9072,0.8978,0.8918,0.9034,0.9062,0.8998,0.9128,0.9004,0.9072,0.883,0.903,0.6622,0.8916,0.8874,0.9126,0.8966,0.7142,0.9058,0.8946,0.8728,0.9008,0.909,0.9144,0.9066,0.875,0.9,0.9084,0.9016,0.9078,0.886,0.897,0.9112,0.9084,0.9028,0.9094,0.8974,0.9098,0.8906,0.9086,0.9004,0.879,0.9016,0.9012,0.8926
112,0.9072,0.9172,0.9166,0.9044,0.8984,0.8926,0.9068,0.9068,0.8952,0.9164,0.9028,0.8984,0.8766,0.903,0.8956,0.8882,0.8884,0.913,0.8982,0.8832,0.904,0.9016,0.8726,0.9028,0.8954,0.9098,0.9016,0.5136,0.9046,0.9096,0.8968,0.9076,0.8992,0.9002,0.9138,0.9088,0.905,0.9104,0.8972,0.9118,0.9068,0.9118,0.9004,0.8834,0.9076,0.9018,0.8842
113,0.8998,0.9172,0.8208,0.9052,0.8988,0.8926,0.8982,0.9102,0.8946,0.9178,0.9034,0.8978,0.8898,0.904,0.9022,0.8892,0.8848,0.9128,0.8988,0.8846,0.9064,0.901,0.8726,0.903,0.9036,0.9124,0.9062,0.8868,0.9052,0.906,0.8966,0.8974,0.8976,0.9048,0.914,0.9094,0.9074,0.9104,0.903,0.9118,0.9114,0.9132,0.9016,0.8862,0.8976,0.8958,0.8868
114,0.9064,0.9182,0.916,0.906,0.8984,0.8938,0.8902,0.9052,0.8806,0.922,0.9064,0.9014,0.897,0.9044,0.8912,0.8922,0.8788,0.9128,0.8986,0.893,0.9088,0.8898,0.8792,0.9058,0.9044,0.9126,0.9078,0.8888,0.9068,0.9052,0.9036,0.9026,0.8996,0.9064,0.9104,0.9132,0.899,0.911,0.9098,0.8968,0.9066,0.9134,0.8972,0.886,0.9044,0.9018,0.8968
115,0.9062,0.9176,0.9118,0.9066,0.899,0.8944,0.8992,0.9058,0.9024,0.9232,0.9052,0.9022,0.9008,0.902,0.899,0.8916,0.879,0.9128,0.8984,0.8942,0.9108,0.8704,0.8768,0.903,0.8966,0.9124,0.9062,0.8898,0.9042,0.9036,0.9044,0.9038,0.9028,0.911,0.912,0.9124,0.904,0.909,0.9098,0.6988,0.9106,0.9126,0.9014,0.8828,0.9032,0.8998,0.8974
116,0.9036,0.9204,0.914,0.902,0.9006,0.898,0.9028,0.9114,0.9008,0.9234,0.8998,0.9026,0.9004,0.9062,0.899,0.8918,0.8828,0.9148,0.8994,0.8944,0.9122,0.8994,0.8734,0.9074,0.8972,0.9088,0.9062,0.8908,0.9064,0.9064,0.9036,0.9072,0.9074,0.9098,0.9136,0.9112,0.91,0.9104,0.901,0.5574,0.9124,0.9116,0.9018,0.8888,0.907,0.903,0.8982
117,0.9078,0.9194,0.9136,0.8954,0.8976,0.9008,0.9118,0.911,0.9006,0.9228,0.9044,0.8936,0.8984,0.9076,0.8976,0.8924,0.8904,0.9106,0.8996,0.8938,0.9112,0.898,0.8788,0.9036,0.9008,0.9068,0.9118,0.8916,0.9088,0.9104,0.8774,0.9084,0.9062,0.909,0.9136,0.91,0.9062,0.9116,0.9104,0.8986,0.915,0.9118,0.9028,0.8916,0.9004,0.903,0.8984
118,0.9082,0.9174,0.9164,0.9044,0.899,0.9006,0.9126,0.9132,0.9026,0.9186,0.909,0.8988,0.8954,0.9098,0.8982,0.893,0.8948,0.917,0.8986,0.8916,0.916,0.8996,0.8722,0.9014,0.8914,0.9072,0.913,0.8934,0.9088,0.9094,0.7818,0.9098,0.9038,0.9058,0.914,0.9058,0.9056,0.9138,0.9086,0.9032,0.9154,0.9098,0.903,0.89,0.902,0.9036,0.8978
119,0.9092,0.919,0.918,0.907,0.897,0.9,0.9132,0.9116,0.8996,0.9194,0.8816,0.897,0.8954,0.9052,0.9008,0.8754,0.897,0.9186,0.8968,0.8926,0.915,0.901,0.8646,0.9008,0.904,0.9082,0.9148,0.8932,0.9098,0.9078,0.9032,0.9118,0.8984,0.9062,0.9098,0.912,0.9044,0.9082,0.906,0.9068,0.9138,0.9116,0.9044,0.8916,0.9026,0.9032,0.8974
120,0.9084,0.9158,0.918,0.906,0.8962,0.9004,0.915,0.909,0.903,0.9192,0.8768,0.8962,0.8982,0.909,0.9018,0.8934,0.895,0.9194,0.8976,0.8882,0.919,0.8988,0.8812,0.8952,0.9068,0.9114,0.9154,0.8938,0.909,0.9058,0.9042,0.9156,0.9072,0.9102,0.8812,0.9134,0.9032,0.9128,0.904,0.908,0.9148,0.9134,0.9046,0.8916,0.9072,0.905,0.8968
121,0.9112,0.9164,0.9194,0.9082,0.897,0.8986,0.9112,0.9104,0.9026,0.9202,0.9108,0.9102,0.8992,0.9124,0.907,0.8938,0.903,0.9182,0.9006,0.8924,0.9182,0.9024,0.8846,0.9124,0.9068,0.9124,0.916,0.894,0.912,0.902,0.9106,0.9142,0.9084,0.9128,0.9158,0.914,0.907,0.9148,0.9054,0.906,0.9162,0.9152,0.9056,0.8946,0.9106,0.9054,0.895
122,0.9154,0.9168,0.921,0.9116,0.8966,0.903,0.9094,0.9096,0.9048,0.9202,0.9122,0.912,0.9,0.9136,0.909,0.8958,0.903,0.9184,0.897,0.8908,0.9206,0.9062,0.8822,0.915,0.9068,0.9156,0.9154,0.8956,0.9114,0.9036,0.9126,0.9124,0.9032,0.9132,0.9168,0.9108,0.9084,0.9144,0.9098,0.906,0.9156,0.9144,0.9052,0.895,0.911,0.9048,0.894
123,0.9132,0.9162,0.9214,0.9106,0.8984,0.8966,0.911,0.9062,0.9034,0.8164,0.9128,0.912,0.894,0.913,0.9116,0.8954,0.904,0.92,0.9056,0.89,0.9194,0.9058,0.881,0.9126,0.9086,0.9164,0.9126,0.8958,0.9118,0.9048,0.911,0.9114,0.9054,0.9144,0.915,0.9152,0.91,0.9142,0.9112,0.9082,0.9198,0.9172,0.9068,0.897,0.9062,0.9056,0.8946
124,0.912,0.9166,0.9206,0.9096,0.8946,0.8978,0.9082,0.9056,0.9034,0.9178,0.9124,0.9122,0.9056,0.9128,0.91,0.9044,0.907,0.9196,0.905,0.8934,0.9194,0.9078,0.8782,0.9176,0.9118,0.917,0.914,0.8976,0.913,0.9066,0.912,0.9078,0.9036,0.9164,0.9164,0.9162,0.9116,0.9148,0.9078,0.9056,0.9242,0.918,0.9074,0.8996,0.9104,0.9072,0.8972
125,0.9116,0.9196,0.92,0.9094,0.8974,0.9008,0.9058,0.9116,0.903,0.9192,0.9134,0.9126,0.906,0.9132,0.9102,0.9038,0.9058,0.9158,0.9046,0.9,0.9208,0.9066,0.889,0.9186,0.9038,0.9158,0.912,0.897,0.911,0.9074,0.912,0.9056,0.8096,0.917,0.9134,0.9176,0.9126,0.916,0.9062,0.9084,0.9238,0.9202,0.907,0.9002,0.7946,0.9072,0.9
126,0.9108,0.9194,0.9208,0.908,0.8994,0.9042,0.9036,0.9124,0.903,0.9192,0.9144,0.9102,0.9018,0.9112,0.9102,0.903,0.9062,0.9178,0.9046,0.9006,0.9176,0.9062,0.8882,0.9128,0.7664,0.913,0.9118,0.8986,0.9092,0.9054,0.9128,0.909,0.9102,0.9214,0.9124,0.916,0.909,0.9164,0.9074,0.9064,0.9232,0.9214,0.8992,0.8994,0.9084,0.9068,0.9042
127,0.9112,0.918,0.9194,0.906,0.893,0.909,0.9102,0.911,0.8988,0.9184,0.9142,0.9112,0.9076,0.914,0.9136,0.9006,0.907,0.9206,0.9046,0.9014,0.9186,0.9076,0.8848,0.9146,0.9144,0.9132,0.9152,0.8986,0.909,0.905,0.9128,0.9098,0.91,0.9212,0.9124,0.9154,0.9088,0.9158,0.9072,0.909,0.9176,0.9214,0.9044,0.8982,0.9116,0.9092,0.9056
128,0.9126,0.918,0.9178,0.9076,0.8938,0.9078,0.9088,0.9112,0.898,0.9202,0.9144,0.9108,0.9052,0.914,0.9112,0.8996,0.9058,0.9206,0.9008,0.9002,0.9172,0.904,0.8752,0.9166,0.9156,0.9124,0.9142,0.897,0.9062,0.9084,0.9134,0.912,0.9122,0.9178,0.9156,0.917,0.9074,0.9174,0.9074,0.9158,0.9174,0.9226,0.9076,0.8982,0.914,0.9054,0.9062
129,0.914,0.9184,0.9176,0.9094,0.9,0.9026,0.9086,0.9108,0.899,0.9206,0.9152,0.9172,0.9054,0.9154,0.9058,0.899,0.9042,0.9192,0.9022,0.904,0.9238,0.9034,0.8832,0.9196,0.919,0.9132,0.9192,0.9016,0.9098,0.9092,0.9136,0.9148,0.9136,0.9168,0.9178,0.917,0.906,0.916,0.9098,0.916,0.91,0.9228,0.908,0.8996,0.9156,0.9066,0.903
130,0.9158,0.916,0.9242,0.9088,0.8998,0.9026,0.9064,0.9116,0.901,0.9198,0.9182,0.918,0.9054,0.9154,0.9038,0.9046,0.906,0.9192,0.9022,0.9062,0.9234,0.9026,0.8848,0.918,0.9212,0.914,0.9206,0.901,0.91,0.9092,0.9164,0.9192,0.9154,0.9168,0.9194,0.9178,0.9088,0.9144,0.9102,0.9166,0.914,0.9238,0.9016,0.9022,0.9188,0.9076,0.9048
131,0.9144,0.916,0.9236,0.9136,0.9004,0.9084,0.905,0.9162,0.8984,0.9196,0.918,0.9098,0.9068,0.918,0.9062,0.9044,0.9038,0.915,0.9044,0.906,0.9232,0.9046,0.895,0.9166,0.92,0.9106,0.9148,0.9016,0.9086,0.9096,0.9172,0.9184,0.917,0.9134,0.9146,0.9186,0.9092,0.9174,0.9086,0.9158,0.8946,0.923,0.9076,0.9004,0.9172,0.9088,0.9072
132,0.9138,0.9146,0.9268,0.9106,0.8996,0.9084,0.9042,0.9172,0.8964,0.922,0.9174,0.9192,0.9066,0.914,0.9084,0.9036,0.9112,0.92,0.9042,0.8988,0.9238,0.9046,0.8948,0.9162,0.9212,0.9138,0.9098,0.9032,0.909,0.9094,0.9156,0.9186,0.9162,0.9186,0.8882,0.918,0.909,0.9118,0.903,0.9114,0.9238,0.9216,0.9156,0.902,0.9196,0.9096,0.9084
133,0.9138,0.913,0.9118,0.9102,0.8956,0.9098,0.9106,0.858,0.9016,0.9224,0.9176,0.9204,0.9086,0.9156,0.9094,0.9006,0.912,0.9182,0.9044,0.9064,0.9214,0.9072,0.8956,0.9132,0.9202,0.9128,0.9134,0.904,0.9106,0.9098,0.9164,0.9196,0.9176,0.914,0.9184,0.919,0.9066,0.9174,0.9034,0.9118,0.922,0.9132,0.9134,0.9004,0.9186,0.9098,0.905
134,0.918,0.9152,0.921,0.9092,0.8978,0.91,0.9118,0.9084,0.9034,0.9208,0.917,0.9218,0.906,0.9114,0.8956,0.9118,0.905,0.9198,0.9062,0.9068,0.9206,0.9072,0.8954,0.9154,0.92,0.9136,0.9152,0.9048,0.9126,0.9092,0.9148,0.9168,0.9216,0.9148,0.92,0.9216,0.909,0.9156,0.9052,0.9142,0.9214,0.9152,0.9124,0.8994,0.9178,0.9116,0.9086
135,0.9166,0.9184,0.9208,0.9094,0.8964,0.9144,0.9098,0.9104,0.8968,0.9212,0.9166,0.9208,0.9106,0.909,0.9008,0.9098,0.911,0.9156,0.903,0.9066,0.9228,0.8896,0.8936,0.9154,0.921,0.9162,0.918,0.9046,0.914,0.9162,0.917,0.919,0.918,0.9146,0.9228,0.923,0.9088,0.915,0.9076,0.9162,0.9216,0.918,0.916,0.8972,0.9204,0.9058,0.912
136,0.9112,0.921,0.9184,0.9108,0.8986,0.9134,0.9106,0.9124,0.897,0.9224,0.916,0.9212,0.9124,0.91,0.9036,0.9064,0.9084,0.9164,0.9048,0.9082,0.923,0.8992,0.9022,0.9132,0.9196,0.9136,0.923,0.9048,0.9118,0.9154,0.9164,0.9204,0.9164,0.9156,0.919,0.923,0.9078,0.918,0.9012,0.9148,0.922,0.9126,0.916,0.8994,0.9196,0.9094,0.9124
137,0.9114,0.9172,0.9226,0.9084,0.9,0.9148,0.907,0.9128,0.8992,0.923,0.9178,0.9212,0.9142,0.9106,0.9036,0.9048,0.9108,0.9198,0.9064,0.9084,0.924,0.8986,0.8988,0.917,0.923,0.917,0.9198,0.905,0.9118,0.915,0.9074,0.9222,0.9152,0.91,0.9194,0.923,0.9076,0.9154,0.901,0.9118,0.9212,0.9148,0.9144,0.8992,0.9188,0.9116,0.9082
138,0.9088,0.918,0.9218,0.9078,0.9012,0.913,0.9058,0.9164,0.9002,0.9188,0.9206,0.919,0.9154,0.9134,0.906,0.9068,0.9102,0.9166,0.9076,0.8926,0.9246,0.9006,0.8944,0.922,0.9226,0.9158,0.9154,0.9048,0.9098,0.3414,0.911,0.9204,0.9124,0.9104,0.92,0.9234,0.9108,0.9174,0.9046,0.9106,0.9212,0.922,0.9094,0.901,0.9162,0.914,0.9088
139,0.9076,0.9084,0.9244,0.9136,0.9008,0.9162,0.906,0.917,0.9022,0.9208,0.9186,0.922,0.9158,0.9128,0.9072,0.9116,0.9112,0.922,0.9074,0.9098,0.925,0.9034,0.8976,0.9222,0.9192,0.9164,0.9204,0.9122,0.9084,0.9122,0.9122,0.9224,0.9152,0.9112,0.9218,0.9256,0.9114,0.9132,0.9046,0.917,0.9196,0.9174,0.9068,0.892,0.9198,0.9154,0.9052
140,0.9102,0.9182,0.9282,0.9142,0.903,0.9128,0.9068,0.9182,0.902,0.92,0.9186,0.921,0.9148,0.9126,0.9124,0.9122,0.9134,0.9226,0.9114,0.9094,0.9242,0.9034,0.894,0.9234,0.9214,0.917,0.9202,0.9142,0.913,0.911,0.9138,0.9206,0.9154,0.918,0.9216,0.9248,0.9098,0.9126,0.9042,0.9192,0.9218,0.921,0.9048,0.8998,0.9184,0.9134,0.9068
141,0.9104,0.9186,0.93,0.9128,0.904,0.9094,0.9104,0.9176,0.9028,0.9184,0.9142,0.9216,0.9136,0.9168,0.9074,0.9122,0.9136,0.9216,0.9112,0.9116,0.919,0.9048,0.8956,0.9216,0.922,0.9196,0.92,0.9102,0.9136,0.9152,0.9144,0.9214,0.9152,0.9168,0.9204,0.9248,0.9104,0.9142,0.9074,0.9176,0.9204,0.9138,0.9098,0.9002,0.918,0.9136,0.9098
142,0.9104,0.9198,0.9284,0.911,0.9074,0.9144,0.9054,0.9182,0.9044,0.9192,0.9178,0.9224,0.914,0.9188,0.9086,0.9068,0.9098,0.922,0.9088,0.9128,0.9188,0.9082,0.8858,0.9222,0.9232,0.9208,0.9184,0.9082,0.9124,0.9146,0.913,0.9174,0.9188,0.919,0.9182,0.9256,0.9068,0.914,0.9088,0.9128,0.9214,0.9194,0.8912,0.9008,0.913,0.9162,0.911
143,0.9112,0.9214,0.9254,0.9158,0.9072,0.9126,0.9114,0.9184,0.9036,0.9182,0.9142,0.923,0.9116,0.9206,0.9132,0.9032,0.913,0.9252,0.9088,0.9128,0.9178,0.9116,0.8904,0.922,0.9224,0.9194,0.9146,0.9066,0.9112,0.9154,0.9138,0.9182,0.9192,0.922,0.9158,0.9244,0.9098,0.9146,0.9122,0.9156,0.9214,0.9186,0.906,0.901,0.9246,0.916,0.9128
144,0.912,0.9224,0.9278,0.9152,0.9014,0.912,0.9116,0.9198,0.9028,0.9226,0.9138,0.9262,0.9124,0.92,0.9156,0.913,0.907,0.9272,0.9096,0.9114,0.9206,0.9126,0.8852,0.9226,0.9238,0.9184,0.924,0.912,0.9106,0.9156,0.9134,0.92,0.921,0.9214,0.92,0.9238,0.9156,0.9092,0.9154,0.9166,0.9248,0.922,0.9152,0.8918,0.9132,0.9152,0.8934
145,0.9114,0.9228,0.932,0.9162,0.9072,0.912,0.9124,0.9214,0.9042,0.9234,0.9156,0.9216,0.9118,0.9198,0.9138,0.9126,0.906,0.926,0.908,0.9108,0.9214,0.912,0.8832,0.917,0.92,0.9062,0.9186,0.9132,0.911,0.9136,0.9138,0.9222,0.9204,0.9228,0.92,0.927,0.9182,0.9076,0.9154,0.9158,0.9236,0.9246,0.9144,0.8934,0.9186,0.9144,0.9138
146,0.9134,0.9204,0.9326,0.9162,0.9076,0.9092,0.912,0.9204,0.9036,0.9234,0.9168,0.922,0.9134,0.9174,0.9192,0.9158,0.914,0.9262,0.9112,0.9124,0.9226,0.9094,0.8998,0.9216,0.9204,0.9198,0.9184,0.9138,0.9056,0.9168,0.9114,0.9214,0.9188,0.9164,0.9196,0.9274,0.9164,0.9078,0.9124,0.9192,0.9224,0.9248,0.9144,0.8922,0.9222,0.916,0.9136
147,0.9124,0.9188,0.9322,0.9118,0.9082,0.9078,0.9112,0.9206,0.907,0.9238,0.9176,0.9162,0.9146,0.9164,0.919,0.9152,0.9222,0.9288,0.9126,0.9138,0.9222,0.9138,0.9074,0.9206,0.9224,0.919,0.922,0.9142,0.9066,0.918,0.9114,0.9198,0.9134,0.9146,0.9208,0.927,0.9168,0.9114,0.9138,0.9166,0.9248,0.9232,0.9162,0.892,0.9178,0.917,0.9132
148,0.9108,0.9212,0.9202,0.9138,0.9088,0.909,0.9084,0.9206,0.9108,0.9246,0.9186,0.918,0.9144,0.9204,0.9216,0.9146,0.9208,0.93,0.9132,0.9138,0.9196,0.9176,0.896,0.9182,0.9212,0.9186,0.9234,0.9162,0.908,0.9144,0.9126,0.9188,0.9156,0.9158,0.922,0.9268,0.9162,0.913,0.915,0.911,0.9216,0.922,0.9086,0.8918,0.9196,0.9182,0.9142
149,0.9122,0.92,0.9262,0.913,0.9088,0.9068,0.9116,0.9158,0.909,0.9222,0.917,0.9122,0.9128,0.9212,0.92,0.9018,0.9146,0.9306,0.9116,0.907,0.92,0.9172,0.9032,0.9118,0.9212,0.9196,0.9226,0.9172,0.9114,0.9172,0.9166,0.9216,0.9168,0.9244,0.9228,0.9282,0.916,0.9112,0.907,0.9134,0.9276,0.9218,0.9164,0.8988,0.9226,0.9126,0.9146
150,0.9128,0.9224,0.9238,0.9156,0.9088,0.9092,0.9156,0.9158,0.8988,0.9222,0.9164,0.9126,0.916,0.9196,0.924,0.9108,0.798,0.93,0.909,0.9096,0.9212,0.9144,0.9036,0.9152,0.9214,0.9196,0.9222,0.9152,0.912,0.92,0.9152,0.9216,0.9148,0.924,0.9228,0.9256,0.9156,0.9126,0.916,0.9136,0.9288,0.928,0.9162,0.8994,0.9244,0.9148,0.9142
151,0.9148,0.9222,0.927,0.9162,0.9008,0.9092,0.9084,0.9164,0.908,0.9218,0.916,0.9152,0.904,0.917,0.9236,0.9118,0.9174,0.9316,0.9122,0.9088,0.9228,0.915,0.9004,0.9136,0.917,0.9124,0.9232,0.9138,0.9126,0.9196,0.9142,0.9224,0.9186,0.9254,0.9238,0.926,0.9146,0.9172,0.9154,0.9142,0.9294,0.9268,0.9184,0.9014,0.9248,0.913,0.9144
152,0.9116,0.922,0.9232,0.9166,0.9036,0.9072,0.9154,0.9172,0.907,0.9226,0.9178,0.9176,0.9154,0.9166,0.9244,0.9104,0.9184,0.93,0.9152,0.9058,0.9226,0.9138,0.9006,0.9192,0.9188,0.9132,0.9108,0.915,0.9128,0.9198,0.9134,0.9226,0.9136,0.9202,0.924,0.9212,0.9132,0.9172,0.9162,0.9118,0.9292,0.9242,0.9128,0.8992,0.9208,0.9128,0.9132
153,0.916,0.9234,0.9134,0.9164,0.905,0.9068,0.9126,0.9194,0.9018,0.9232,0.916,0.9168,0.9172,0.9172,0.924,0.9088,0.9178,0.9322,0.915,0.9076,0.9238,0.9132,0.9028,0.9226,0.9216,0.9148,0.9218,0.9184,0.8942,0.9034,0.9152,0.9214,0.9198,0.917,0.924,0.9258,0.9112,0.9202,0.917,0.912,0.9284,0.9256,0.9098,0.8998,0.918,0.918,0.912
154,0.9204,0.9226,0.925,0.9146,0.9072,0.9098,0.9162,0.921,0.9064,0.924,0.915,0.9146,0.9168,0.9176,0.926,0.9102,0.9108,0.9324,0.915,0.9088,0.8354,0.9144,0.889,0.9172,0.9196,0.9186,0.9198,0.9178,0.9104,0.9068,0.9152,0.9176,0.9222,0.912,0.9224,0.9314,0.9118,0.9196,0.9172,0.9146,0.9276,0.9262,0.921,0.9006,0.9198,0.922,0.9094
155,0.9214,0.9222,0.9256,0.9184,0.908,0.9098,0.9156,0.9206,0.9052,0.9256,0.9146,0.905,0.916,0.9212,0.9192,0.909,0.913,0.9278,0.913,0.9094,0.9222,0.9144,0.8972,0.9178,0.9208,0.9078,0.9248,0.9186,0.9132,0.9056,0.916,0.923,0.9182,0.9154,0.924,0.93,0.9124,0.9228,0.916,0.9166,0.9278,0.926,0.9214,0.902,0.9232,0.9206,0.9112
156,0.9206,0.9216,0.9222,0.9208,0.91,0.9098,0.9208,0.9212,0.9058,0.9254,0.915,0.9168,0.9194,0.8862,0.9214,0.9114,0.9164,0.9284,0.9108,0.9132,0.9228,0.9162,0.893,0.9206,0.9176,0.9186,0.9234,0.9184,0.915,0.9166,0.9152,0.9248,0.9198,0.9168,0.92,0.9294,0.9198,0.9232,0.9164,0.9162,0.9282,0.926,0.9216,0.899,0.9238,0.92,0.915
157,0.9194,0.9194,0.924,0.9226,0.9078,0.9064,0.9142,0.922,0.9068,0.9178,0.916,0.9172,0.919,0.9216,0.9238,0.9126,0.9156,0.9326,0.9108,0.9172,0.9192,0.9142,0.896,0.9222,0.9218,0.9158,0.921,0.918,0.9094,0.9192,0.9138,0.9236,0.9212,0.9174,0.9256,0.9276,0.919,0.9238,0.9182,0.9144,0.9264,0.9234,0.921,0.9044,0.923,0.9178,0.9152
158,0.9202,0.9188,0.9218,0.923,0.9086,0.9036,0.9156,0.9114,0.9078,0.919,0.915,0.9178,0.9202,0.9232,0.9236,0.912,0.92,0.929,0.9168,0.9168,0.9236,0.9128,0.9044,0.9204,0.9258,0.9126,0.9244,0.917,0.9124,0.9206,0.913,0.9218,0.9212,0.9152,0.926,0.9308,0.9196,0.9244,0.9136,0.9162,0.9294,0.925,0.921,0.9056,0.9264,0.9188,0.9154
159,0.9234,0.9124,0.921,0.9232,0.9102,0.9064,0.9158,0.9082,0.9102,0.919,0.9176,0.9196,0.918,0.924,0.9234,0.911,0.9228,0.929,0.9202,0.917,0.9238,0.9148,0.9048,0.9212,0.9254,0.9156,0.9238,0.9192,0.9148,0.922,0.9138,0.9218,0.9132,0.9146,0.9266,0.9278,0.922,0.9236,0.915,0.9162,0.9302,0.9254,0.9246,0.9074,0.9306,0.9192,0.916
160,0.9236,0.9096,0.929,0.9266,0.911,0.9042,0.9182,0.9086,0.907,0.9164,0.9098,0.9204,0.9212,0.9254,0.9232,0.9168,0.9228,0.932,0.92,0.918,0.9246,0.916,0.891,0.9234,0.924,0.918,0.9248,0.9204,0.916,0.9206,0.9136,0.9242,0.9194,0.9178,0.9258,0.931,0.9204,0.9252,0.9128,0.7346,0.9298,0.926,0.9232,0.9096,0.9258,0.917,0.915
161,0.9244,0.9184,0.9314,0.922,0.912,0.9036,0.9178,0.9146,0.9096,0.9206,0.9198,0.9196,0.916,0.9264,0.921,0.8858,0.9232,0.9344,0.9206,0.9108,0.9254,0.9148,0.9026,0.9218,0.9236,0.9192,0.924,0.9176,0.915,0.9212,0.918,0.9238,0.9196,0.9182,0.9282,0.9294,0.921,0.9258,0.9142,0.9178,0.9316,0.921,0.9252,0.9052,0.9026,0.9244,0.9128
162,0.9214,0.9182,0.9318,0.9206,0.9088,0.9046,0.9066,0.9156,0.9108,0.9234,0.9172,0.9192,0.9166,0.9262,0.9226,0.9198,0.9246,0.9338,0.9172,0.914,0.9242,0.9154,0.9066,0.9236,0.9196,0.9202,0.925,0.915,0.91,0.9214,0.921,0.9238,0.9216,0.9078,0.9282,0.9288,0.9254,0.9264,0.9128,0.9178,0.9318,0.9236,0.9222,0.9092,0.9136,0.9248,0.9132
163,0.9186,0.9222,0.9326,0.9202,0.9088,0.903,0.9052,0.9188,0.9112,0.9246,0.9168,0.9202,0.9194,0.9244,0.9222,0.921,0.9246,0.9346,0.9172,0.908,0.9228,0.9158,0.9132,0.918,0.9218,0.918,0.9268,0.9092,0.9132,0.9196,0.9222,0.9232,0.9192,0.9186,0.9286,0.9296,0.9292,0.9252,0.9182,0.919,0.9308,0.923,0.9218,0.91,0.9104,0.924,0.9094
164,0.9208,0.9244,0.9326,0.9222,0.9076,0.9046,0.9152,0.9218,0.9084,0.921,0.9168,0.921,0.9192,0.9226,0.918,0.9156,0.9256,0.9342,0.9086,0.9078,0.9134,0.9142,0.8982,0.9212,0.9222,0.9178,0.927,0.918,0.9182,0.9232,0.9228,0.9224,0.9194,0.9188,0.9262,0.9308,0.929,0.9268,0.8492,0.915,0.9318,0.924,0.9208,0.9094,0.9182,0.9226,0.9154
165,0.9202,0.9226,0.9338,0.9228,0.9074,0.908,0.8922,0.9212,0.9048,0.9244,0.9166,0.92,0.9202,0.9236,0.918,0.9166,0.9258,0.933,0.919,0.9076,0.9264,0.9144,0.9116,0.9246,0.9216,0.9198,0.9248,0.9176,0.917,0.9256,0.9218,0.9244,0.922,0.9206,0.9242,0.929,0.9238,0.9266,0.9148,0.9192,0.9306,0.9246,0.9174,0.905,0.9228,0.9186,0.9144
166,0.9228,0.9204,0.9348,0.9222,0.905,0.9042,0.9162,0.9202,0.9124,0.9254,0.9174,0.9212,0.9214,0.9264,0.921,0.9176,0.9244,0.9368,0.9206,0.9086,0.9264,0.917,0.916,0.9254,0.924,0.9214,0.925,0.9224,0.9116,0.9276,0.922,0.9246,0.9234,0.9222,0.9294,0.9304,0.927,0.9274,0.9124,0.9172,0.9308,0.9244,0.9152,0.908,0.9226,0.924,0.9194
167,0.9254,0.9218,0.9334,0.9256,0.9072,0.8938,0.9018,0.918,0.914,0.9246,0.9156,0.923,0.9234,0.9266,0.924,0.9208,0.9254,0.9346,0.921,0.911,0.9268,0.9192,0.9122,0.925,0.9238,0.9184,0.925,0.921,0.9156,0.9258,0.922,0.925,0.9226,0.9214,0.9284,0.9296,0.9264,0.929,0.9144,0.92,0.9302,0.9246,0.922,0.9078,0.908,0.9248,0.9204
168,0.9222,0.752,0.9336,0.9252,0.9058,0.8882,0.9086,0.918,0.9132,0.9244,0.9164,0.9238,0.9218,0.9262,0.9244,0.9208,0.9264,0.936,0.922,0.9086,0.9292,0.9188,0.9006,0.9126,0.924,0.9178,0.9244,0.9182,0.9194,0.926,0.9212,0.8792,0.9236,0.9228,0.924,0.9298,0.9256,0.9296,0.9152,0.9212,0.936,0.9266,0.9248,0.9084,0.9166,0.9242,0.9168
169,0.9234,0.9244,0.9332,0.9238,0.9044,0.9048,0.9108,0.9174,0.9124,0.9242,0.9106,0.9254,0.908,0.926,0.9262,0.9212,0.9244,0.9354,0.9194,0.9116,0.9252,0.919,0.9082,0.924,0.9194,0.9196,0.9262,0.9204,0.9188,0.9266,0.9228,0.9154,0.9212,0.9216,0.927,0.9282,0.9234,0.9304,0.9164,0.9238,0.9318,0.9242,0.9252,0.909,0.9172,0.923,0.9146
170,0.9238,0.926,0.9342,0.9244,0.9058,0.9158,0.9088,0.919,0.9114,0.921,0.9136,0.921,0.9228,0.9254,0.9246,0.9146,0.9246,0.937,0.9194,0.913,0.9244,0.918,0.8992,0.9246,0.9188,0.9166,0.9252,0.922,0.9186,0.9244,0.9148,0.9192,0.9204,0.9238,0.9278,0.9312,0.9222,0.9296,0.919,0.922,0.9362,0.9256,0.9262,0.909,0.922,0.9228,0.9164
171,0.9242,0.9284,0.9348,0.9234,0.9108,0.9132,0.9048,0.9184,0.9024,0.918,0.9154,0.9208,0.9218,0.9242,0.922,0.9092,0.9258,0.934,0.9112,0.9102,0.9222,0.9172,0.9096,0.9242,0.9204,0.919,0.9234,0.9222,0.9176,0.9232,0.9186,0.923,0.9232,0.9246,0.9286,0.9324,0.9238,0.9304,0.92,0.9226,0.9368,0.9252,0.9258,0.9094,0.9172,0.9228,0.917
172,0.9258,0.9292,0.9356,0.923,0.9102,0.9168,0.9044,0.9202,0.921,0.9208,0.9182,0.922,0.9214,0.928,0.9256,0.9178,0.9254,0.9342,0.9164,0.9088,0.925,0.9192,0.9156,0.923,0.9194,0.92,0.9238,0.9222,0.9166,0.922,0.9194,0.9236,0.9204,0.9228,0.9266,0.9268,0.926,0.9308,0.9216,0.9252,0.9334,0.9232,0.925,0.9096,0.9038,0.9226,0.9124
173,0.9244,0.9292,0.9356,0.9284,0.904,0.9058,0.912,0.9128,0.9212,0.922,0.916,0.9236,0.922,0.9284,0.925,0.9212,0.9246,0.935,0.9186,0.909,0.9254,0.9188,0.9214,0.9218,0.925,0.9202,0.9264,0.921,0.9176,0.9222,0.918,0.9232,0.9202,0.9236,0.9294,0.9274,0.927,0.9298,0.925,0.9242,0.9308,0.9226,0.9274,0.9118,0.9098,0.9212,0.9114
174,0.924,0.9286,0.9346,0.9256,0.9074,0.9048,0.9182,0.9154,0.9194,0.9254,0.917,0.9224,0.8654,0.9308,0.9264,0.9204,0.9236,0.9346,0.9184,0.911,0.9286,0.9184,0.9232,0.9192,0.9264,0.9208,0.9276,0.9194,0.9166,0.9228,0.9222,0.9218,0.9212,0.9218,0.931,0.9278,0.8898,0.93,0.925,0.9224,0.931,0.917,0.9274,0.914,0.914,0.9216,0.917
175,0.9232,0.9294,0.9348,0.9214,0.9084,0.911,0.9172,0.9186,0.9198,0.925,0.9174,0.9226,0.9184,0.9292,0.9226,0.9212,0.9244,0.9334,0.9172,0.912,0.9296,0.9202,0.9226,0.9186,0.9266,0.9212,0.9284,0.918,0.9152,0.9174,0.9222,0.9226,0.9218,0.923,0.9308,0.9304,0.9244,0.929,0.9252,0.9256,0.9322,0.901,0.9254,0.9146,0.9264,0.9254,0.9164
176,0.9234,0.9246,0.9352,0.9242,0.911,0.912,0.9166,0.9174,0.9216,0.9236,0.9206,0.9226,0.9214,0.9268,0.9226,0.9214,0.9248,0.9332,0.9168,0.9084,0.9286,0.9198,0.9226,0.922,0.9234,0.913,0.93,0.92,0.9136,0.92,0.9222,0.9242,0.921,0.9226,0.9288,0.9308,0.9236,0.9236,0.9234,0.9216,0.9298,0.9254,0.9256,0.914,0.9252,0.9272,0.918
177,0.926,0.9288,0.9358,0.929,0.9096,0.9132,0.9192,0.9166,0.9192,0.9148,0.9152,0.925,0.922,0.9266,0.9238,0.9226,0.9268,0.9336,0.92,0.9032,0.9298,0.9188,0.9146,0.9188,0.9234,0.924,0.9282,0.9198,0.914,0.9198,0.922,0.9234,0.923,0.923,0.9304,0.929,0.9216,0.9298,0.9206,0.923,0.929,0.9198,0.9252,0.914,0.9254,0.926,0.9194
178,0.9234,0.9288,0.9342,0.9254,0.916,0.9134,0.9192,0.9164,0.9218,0.9226,0.92,0.9246,0.9214,0.9228,0.9302,0.92,0.9238,0.9298,0.92,0.9122,0.9262,0.9176,0.9138,0.9258,0.9224,0.9242,0.9308,0.92,0.915,0.9202,0.9206,0.9242,0.9232,0.923,0.9296,0.9166,0.922,0.9304,0.9252,0.9248,0.9332,0.918,0.9244,0.9116,0.931,0.9264,0.9204
179,0.9224,0.9288,0.9314,0.9222,0.914,0.913,0.9188,0.916,0.922,0.9228,0.912,0.9254,0.9216,0.92,0.9282,0.919,0.9212,0.9304,0.9188,0.9156,0.9182,0.9198,0.9182,0.9256,0.924,0.9256,0.9306,0.922,0.9136,0.9186,0.9208,0.9256,0.9252,0.9252,0.9324,0.9364,0.9242,0.9298,0.9246,0.9252,0.9328,0.9098,0.9248,0.91,0.9278,0.9262,0.9206
180,0.9244,0.9296,0.931,0.9228,0.916,0.909,0.9208,0.9166,0.9216,0.925,0.918,0.9268,0.926,0.9272,0.9272,0.9218,0.9228,0.9208,0.9172,0.9126,0.932,0.9162,0.9202,0.9264,0.9264,0.9278,0.931,0.8888,0.9152,0.9196,0.9242,0.9234,0.9258,0.9228,0.9318,0.937,0.9264,0.9294,0.9248,0.9242,0.9238,0.9172,0.9258,0.9124,0.9216,0.927,0.9202
181,0.9206,0.9306,0.931,0.9238,0.9152,0.913,0.9216,0.917,0.924,0.9256,0.9182,0.9248,0.9244,0.9272,0.9272,0.9218,0.9218,0.9292,0.9198,0.918,0.9306,0.9198,0.9196,0.9272,0.9186,0.928,0.9298,0.9218,0.9154,0.9144,0.922,0.9186,0.9256,0.9204,0.9316,0.937,0.9276,0.9274,0.9154,0.9262,0.9244,0.9172,0.9236,0.909,0.9194,0.923,0.9212
182,0.9234,0.9296,0.9312,0.921,0.9138,0.9136,0.9212,0.9208,0.923,0.9254,0.921,0.9296,0.9258,0.9286,0.9262,0.923,0.9222,0.9304,0.9136,0.9182,0.9308,0.921,0.9226,0.9266,0.9202,0.9284,0.9332,0.9248,0.9128,0.9162,0.921,0.9222,0.9244,0.9254,0.9328,0.9342,0.9264,0.928,0.9172,0.9286,0.9134,0.9182,0.925,0.907,0.9166,0.9244,0.9184
183,0.9214,0.9318,0.9286,0.9238,0.9162,0.9134,0.9214,0.9242,0.9226,0.9268,0.9218,0.9258,0.9284,0.9294,0.9284,0.921,0.9208,0.929,0.9212,0.919,0.9328,0.9216,0.9204,0.9248,0.9176,0.9276,0.93,0.9214,0.915,0.918,0.9188,0.9188,0.9192,0.924,0.9294,0.9352,0.9262,0.9274,0.921,0.9272,0.9272,0.9158,0.9268,0.9114,0.9292,0.924,0.9198
184,0.9224,0.9312,0.9288,0.9258,0.916,0.9144,0.9206,0.9242,0.9234,0.9294,0.9206,0.9266,0.9296,0.9314,0.9268,0.9234,0.9212,0.9286,0.9204,0.919,0.9332,0.9204,0.9184,0.929,0.9254,0.9266,0.9306,0.9224,0.915,0.9202,0.9204,0.9216,0.9282,0.924,0.9286,0.9314,0.9248,0.9278,0.9214,0.9318,0.9238,0.9176,0.9278,0.9106,0.9262,0.9246,0.9168
185,0.9222,0.9296,0.9314,0.9276,0.9158,0.9084,0.9212,0.9236,0.9244,0.929,0.923,0.9214,0.9274,0.931,0.9272,0.9246,0.9218,0.935,0.92,0.9186,0.933,0.9198,0.9192,0.9266,0.926,0.9284,0.9308,0.9228,0.9122,0.9214,0.921,0.9262,0.9292,0.9262,0.9264,0.9322,0.9262,0.9286,0.9224,0.9318,0.9314,0.916,0.927,0.9166,0.9332,0.9316,0.9222
186,0.9254,0.928,0.9344,0.927,0.9122,0.9048,0.9278,0.922,0.9262,0.9302,0.923,0.9272,0.9268,0.9302,0.9292,0.9248,0.926,0.9344,0.9192,0.9202,0.933,0.92,0.9158,0.9276,0.926,0.9282,0.9318,0.9218,0.9162,0.9234,0.9192,0.9264,0.9322,0.9242,0.9272,0.9314,0.9276,0.9294,0.9238,0.9316,0.9314,0.9198,0.9282,0.916,0.9318,0.932,0.9254
187,0.9284,0.9292,0.9312,0.9268,0.9118,0.9038,0.926,0.9236,0.9202,0.9302,0.9238,0.9284,0.9266,0.9308,0.9288,0.925,0.9252,0.9302,0.9172,0.9186,0.933,0.9206,0.9124,0.9316,0.9294,0.9278,0.928,0.9256,0.919,0.9228,0.9196,0.9282,0.9306,0.9218,0.9246,0.9332,0.928,0.9278,0.9248,0.931,0.9352,0.9232,0.928,0.9124,0.9314,0.9324,0.927
188,0.9268,0.9278,0.937,0.9264,0.9108,0.913,0.9256,0.9204,0.9194,0.9302,0.923,0.9256,0.927,0.9316,0.9282,0.9252,0.9276,0.93,0.9196,0.9186,0.9326,0.919,0.9192,0.93,0.9304,0.928,0.9282,0.9218,0.916,0.925,0.9218,0.925,0.9292,0.9096,0.9262,0.9288,0.9296,0.9288,0.925,0.9336,0.9322,0.9236,0.927,0.9174,0.9284,0.9272,0.926
189,0.9282,0.9278,0.9394,0.9278,0.914,0.9114,0.925,0.9218,0.9172,0.9298,0.923,0.9258,0.927,0.9318,0.9278,0.9238,0.9284,0.9342,0.919,0.9188,0.932,0.92,0.917,0.9298,0.93,0.9218,0.9254,0.9246,0.9192,0.9234,0.9196,0.9274,0.9286,0.9258,0.9264,0.925,0.9326,0.928,0.924,0.9324,0.9266,0.925,0.9278,0.9154,0.928,0.9262,0.8966
190,0.9294,0.917,0.94,0.9278,0.9074,0.9118,0.928,0.9216,0.9226,0.9302,0.9224,0.9242,0.9272,0.9322,0.9234,0.9226,0.9278,0.935,0.9172,0.9166,0.9342,0.9176,0.9266,0.9282,0.9316,0.922,0.928,0.9246,0.9196,0.9254,0.9224,0.9262,0.9296,0.9228,0.925,0.9314,0.932,0.9264,0.9244,0.9298,0.9338,0.925,0.9272,0.9156,0.9296,0.9268,0.9176
191,0.9272,0.925,0.9374,0.9282,0.913,0.9124,0.926,0.92,0.9224,0.9296,0.9206,0.9246,0.9254,0.932,0.9236,0.9174,0.9286,0.9372,0.9188,0.9168,0.934,0.9192,0.9258,0.929,0.9298,0.9232,0.9238,0.9232,0.9196,0.9264,0.9204,0.9242,0.9318,0.9218,0.9262,0.9314,0.9302,0.9238,0.923,0.931,0.934,0.9234,0.924,0.9142,0.9312,0.9288,0.9228
192,0.931,0.9242,0.9374,0.9282,0.9114,0.9132,0.9234,0.9166,0.9232,0.9308,0.9242,0.9232,0.9254,0.932,0.9286,0.9152,0.9274,0.9394,0.9206,0.9128,0.9334,0.922,0.926,0.9318,0.9302,0.9246,0.9278,0.9258,0.92,0.9246,0.92,0.9282,0.932,0.9242,0.9294,0.9338,0.9298,0.9266,0.9228,0.9306,0.9344,0.9242,0.9258,0.9156,0.9292,0.926,0.9226
193,0.9324,0.9236,0.9372,0.929,0.9136,0.917,0.923,0.9198,0.9238,0.9302,0.921,0.9214,0.9262,0.9316,0.9314,0.9132,0.9248,0.9368,0.922,0.9196,0.934,0.923,0.9246,0.9342,0.9304,0.9262,0.93,0.923,0.9196,0.9192,0.9226,0.9294,0.9276,0.923,0.9294,0.9334,0.9296,0.9274,0.925,0.9312,0.9308,0.9256,0.9248,0.8972,0.9264,0.927,0.923
194,0.9298,0.9248,0.9368,0.9276,0.9078,0.9184,0.9246,0.9184,0.9234,0.932,0.9264,0.9266,0.9272,0.9312,0.932,0.9174,0.927,0.935,0.9174,0.9184,0.9342,0.922,0.9142,0.9304,0.9312,0.9246,0.9308,0.9286,0.9232,0.9184,0.923,0.9228,0.9276,0.9226,0.9278,0.9348,0.9294,0.9274,0.9272,0.9314,0.9344,0.9284,0.925,0.9112,0.9254,0.9266,0.9238
195,0.9302,0.9252,0.9374,0.9284,0.9102,0.9188,0.9222,0.9204,0.9238,0.9316,0.926,0.9294,0.9272,0.9324,0.9254,0.9204,0.9248,0.9348,0.9202,0.9178,0.9336,0.923,0.9182,0.9306,0.933,0.9254,0.933,0.9282,0.9242,0.9196,0.925,0.927,0.926,0.928,0.929,0.9358,0.9308,0.9286,0.9276,0.9318,0.9346,0.927,0.9254,0.887,0.9254,0.9276,0.9168
196,0.9308,0.9288,0.9384,0.9258,0.913,0.9188,0.9234,0.9202,0.9248,0.9314,0.9272,0.928,0.9268,0.9304,0.9238,0.919,0.9268,0.9362,0.9208,0.9166,0.9346,0.9242,0.918,0.9282,0.9206,0.9264,0.9364,0.9278,0.9244,0.9176,0.9256,0.9284,0.9206,0.9314,0.9276,0.9338,0.9306,0.929,0.9272,0.935,0.9354,0.9258,0.9284,0.9144,0.9302,0.9256,0.9226
197,0.9304,0.929,0.938,0.9256,0.914,0.919,0.9266,0.92,0.9246,0.9306,0.9288,0.9286,0.9264,0.9304,0.9312,0.9194,0.9274,0.9356,0.9196,0.9168,0.9344,0.9226,0.9164,0.9336,0.928,0.9238,0.9372,0.927,0.9232,0.9194,0.9248,0.9292,0.928,0.9314,0.9286,0.9368,0.9282,0.9296,0.9256,0.9364,0.9366,0.927,0.9264,0.917,0.9278,0.9274,0.9238
198,0.9294,0.9304,0.935,0.9252,0.9148,0.9186,0.9266,0.913,0.922,0.9316,0.9258,0.9238,0.9264,0.9306,0.9318,0.9224,0.9272,0.9364,0.9214,0.9192,0.933,0.9236,0.9152,0.9304,0.9284,0.9156,0.936,0.9276,0.9226,0.9192,0.9254,0.93,0.93,0.9296,0.9304,0.934,0.929,0.93,0.926,0.9356,0.9366,0.9294,0.9242,0.9144,0.9288,0.9272,0.9228
199,0.9282,0.9308,0.9342,0.9252,0.9166,0.9114,0.9244,0.9148,0.9238,0.9282,0.9268,0.9262,0.9272,0.932,0.9314,0.9236,0.927,0.9362,0.9226,0.9154,0.9336,0.9238,0.917,0.9294,0.9306,0.9172,0.9378,0.9284,0.9224,0.9206,0.928,0.9298,0.9296,0.9294,0.933,0.9344,0.9282,0.9308,0.924,0.933,0.9378,0.9236,0.9236,0.9118,0.9286,0.9274,0.9204
200,0.9276,0.9314,0.9372,0.9274,0.92,0.9126,0.9254,0.9176,0.924,0.9298,0.9272,0.9256,0.928,0.931,0.9334,0.9206,0.9272,0.9368,0.9242,0.917,0.934,0.924,0.9196,0.932,0.9316,0.9176,0.936,0.9296,0.92,0.9198,0.9296,0.9304,0.9234,0.9294,0.9286,0.939,0.9284,0.9352,0.9228,0.93,0.9338,0.9216,0.9252,0.9106,0.9296,0.9304,0.919
201,0.9276,0.9332,0.9358,0.9284,0.9204,0.9228,0.925,0.9198,0.9236,0.9296,0.9276,0.9278,0.9288,0.932,0.9362,0.922,0.921,0.9366,0.9256,0.921,0.9354,0.9206,0.9264,0.9308,0.9292,0.918,0.9342,0.9272,0.9242,0.9226,0.9268,0.9286,0.9282,0.9254,0.9312,0.9372,0.931,0.9348,0.9244,0.9306,0.939,0.929,0.9252,0.9084,0.9278,0.9304,0.9238
202,0.9292,0.933,0.9358,0.9286,0.9218,0.922,0.9224,0.9198,0.9234,0.9306,0.9262,0.927,0.9278,0.9302,0.9362,0.9252,0.9252,0.9366,0.9256,0.919,0.935,0.9216,0.9154,0.9352,0.9318,0.9196,0.936,0.9242,0.9234,0.9236,0.9282,0.9278,0.9284,0.9254,0.9322,0.9384,0.931,0.9348,0.923,0.9298,0.9402,0.9274,0.926,0.9124,0.9286,0.9322,0.923
203,0.9302,0.9338,0.9356,0.929,0.922,0.9216,0.9096,0.9244,0.9254,0.9332,0.9298,0.9284,0.9302,0.9288,0.9352,0.9264,0.9234,0.9362,0.9232,0.9234,0.934,0.9214,0.9128,0.9324,0.9332,0.925,0.9362,0.926,0.9248,0.9218,0.93,0.9288,0.9302,0.9258,0.9322,0.9396,0.9294,0.935,0.9216,0.9344,0.9396,0.9242,0.9238,0.9134,0.9232,0.9332,0.9228
204,0.9308,0.932,0.936,0.9282,0.9224,0.9228,0.9212,0.924,0.9258,0.9292,0.9298,0.93,0.9194,0.9276,0.937,0.9286,0.9182,0.9322,0.9224,0.9244,0.9334,0.9224,0.9176,0.9346,0.9298,0.9214,0.9352,0.9272,0.9246,0.9218,0.9308,0.9286,0.9324,0.9272,0.9326,0.9354,0.9288,0.9338,0.9228,0.9328,0.9402,0.9216,0.9288,0.9126,0.9238,0.934,0.921
205,0.9308,0.9302,0.9364,0.9282,0.9214,0.9226,0.9292,0.9244,0.9264,0.9282,0.932,0.9292,0.9308,0.9264,0.9354,0.9248,0.9238,0.9348,0.9206,0.9178,0.9342,0.923,0.912,0.934,0.9332,0.921,0.9352,0.9274,0.9254,0.9246,0.924,0.9266,0.9326,0.9266,0.9316,0.9358,0.9316,0.9342,0.9244,0.9356,0.9344,0.9224,0.931,0.9148,0.935,0.9308,0.9242
206,0.93,0.9348,0.9342,0.9306,0.9224,0.9158,0.9292,0.9244,0.9276,0.931,0.9316,0.9298,0.9302,0.9298,0.9376,0.9222,0.9242,0.9346,0.9236,0.9222,0.9354,0.9254,0.9186,0.9346,0.9322,0.9224,0.937,0.926,0.9264,0.9258,0.927,0.9252,0.9328,0.9242,0.9328,0.9356,0.9324,0.933,0.9256,0.9362,0.9384,0.9282,0.9302,0.9138,0.9348,0.9326,0.923
207,0.9268,0.9332,0.9342,0.9314,0.9208,0.9168,0.9316,0.9244,0.9264,0.9324,0.9296,0.9272,0.9314,0.931,0.937,0.9206,0.926,0.9346,0.9226,0.9226,0.9342,0.9266,0.9066,0.931,0.9328,0.9244,0.9366,0.929,0.9278,0.9274,0.9302,0.9272,0.9342,0.9274,0.9316,0.937,0.9316,0.9334,0.9268,0.9368,0.9394,0.929,0.9296,0.9164,0.931,0.9302,0.923
208,0.9282,0.934,0.9324,0.9316,0.9224,0.9204,0.9288,0.9232,0.9244,0.931,0.9296,0.931,0.9324,0.9282,0.9364,0.9234,0.9256,0.9346,0.9246,0.9232,0.9372,0.9274,0.9304,0.9314,0.9316,0.9272,0.9364,0.9288,0.9246,0.9228,0.9298,0.93,0.9288,0.9284,0.9302,0.9366,0.9314,0.9342,0.9276,0.9384,0.9342,0.9286,0.9286,0.916,0.9268,0.9328,0.9214
209,0.931,0.934,0.933,0.9306,0.9206,0.9212,0.928,0.9224,0.9224,0.9302,0.9298,0.9316,0.9332,0.9304,0.935,0.9206,0.9226,0.9344,0.9222,0.9248,0.9358,0.9282,0.9286,0.9308,0.933,0.9284,0.9336,0.9286,0.9258,0.9236,0.9306,0.9302,0.9044,0.9272,0.9272,0.9362,0.931,0.9356,0.929,0.9372,0.9356,0.9272,0.9276,0.9168,0.9284,0.9336,0.9258
210,0.93,0.9336,0.9356,0.9304,0.924,0.9228,0.9308,0.9236,0.925,0.9324,0.9306,0.9304,0.9324,0.9306,0.9348,0.9248,0.9268,0.9344,0.9164,0.9186,0.9354,0.9276,0.9282,0.933,0.9312,0.9272,0.9348,0.9262,0.927,0.9264,0.9314,0.931,0.9282,0.9274,0.9302,0.931,0.9314,0.935,0.9304,0.9376,0.9344,0.9296,0.9272,0.9206,0.9318,0.9336,0.9246
211,0.9298,0.9338,0.938,0.929,0.9232,0.9228,0.93,0.9262,0.9268,0.9312,0.9296,0.9306,0.9316,0.9302,0.9362,0.9252,0.9286,0.9352,0.9202,0.9216,0.9354,0.9258,0.9304,0.929,0.9322,0.9284,0.9348,0.9262,0.9244,0.9264,0.9322,0.928,0.9312,0.917,0.9302,0.9378,0.9324,0.932,0.9268,0.9364,0.9346,0.9268,0.9278,0.9176,0.9314,0.9312,0.9262
212,0.9304,0.935,0.9346,0.93,0.929,0.923,0.9288,0.9262,0.9278,0.928,0.9306,0.9278,0.9302,0.929,0.9354,0.9212,0.921,0.936,0.9216,0.9218,0.9318,0.9276,0.9206,0.924,0.9322,0.9274,0.9346,0.925,0.9222,0.9282,0.9326,0.9306,0.931,0.9302,0.9282,0.9402,0.9232,0.9294,0.9266,0.9358,0.9288,0.9268,0.9296,0.9172,0.932,0.932,0.9276
213,0.9302,0.9338,0.9346,0.9316,0.9258,0.9242,0.9282,0.9222,0.9252,0.9246,0.9302,0.9264,0.9304,0.9288,0.9324,0.9262,0.929,0.934,0.9242,0.92,0.9332,0.9246,0.9194,0.9292,0.9326,0.9216,0.9364,0.9264,0.9238,0.9274,0.9322,0.9314,0.9316,0.9298,0.927,0.939,0.9318,0.9308,0.9248,0.9372,0.9304,0.9268,0.9296,0.9182,0.9234,0.9312,0.93
214,0.9306,0.933,0.9378,0.932,0.924,0.9264,0.9298,0.9236,0.924,0.9252,0.9284,0.9296,0.9314,0.9292,0.9334,0.9252,0.9278,0.936,0.9248,0.9222,0.9326,0.927,0.934,0.9338,0.9344,0.9234,0.9342,0.9262,0.9294,0.9286,0.9314,0.9308,0.9316,0.9256,0.9268,0.9388,0.9332,0.9322,0.9244,0.9372,0.9316,0.9278,0.9298,0.9196,0.933,0.9326,0.9318
215,0.9298,0.9328,0.9386,0.9318,0.9242,0.9256,0.9306,0.924,0.9236,0.9322,0.9326,0.93,0.9308,0.9296,0.932,0.926,0.9296,0.9356,0.926,0.9222,0.9366,0.9284,0.934,0.9332,0.9348,0.9262,0.933,0.929,0.9304,0.9244,0.9298,0.928,0.928,0.9264,0.9312,0.9392,0.9308,0.9246,0.9266,0.9378,0.935,0.9258,0.9304,0.9212,0.9348,0.9318,0.9306
216,0.9246,0.9298,0.9374,0.9318,0.9238,0.9258,0.9304,0.9228,0.9262,0.9316,0.9292,0.932,0.9324,0.9292,0.932,0.9266,0.9306,0.9346,0.9202,0.9206,0.9344,0.9284,0.934,0.9332,0.931,0.9292,0.9336,0.9278,0.9278,0.927,0.929,0.9284,0.927,0.9276,0.9316,0.9366,0.9292,0.9294,0.927,0.9368,0.9282,0.9266,0.9302,0.9194,0.934,0.9342,0.929
217,0.9314,0.9306,0.936,0.9326,0.9192,0.924,0.9322,0.9206,0.9248,0.9306,0.9298,0.9314,0.9324,0.9284,0.9336,0.9264,0.9268,0.9364,0.9204,0.923,0.934,0.9196,0.9354,0.9312,0.931,0.9246,0.9328,0.9276,0.928,0.9262,0.931,0.929,0.9278,0.9308,0.9336,0.938,0.9308,0.9278,0.9264,0.9366,0.9278,0.927,0.93,0.9216,0.9372,0.9354,0.9312
218,0.9278,0.9332,0.934,0.928,0.9214,0.9246,0.9294,0.9224,0.926,0.931,0.9282,0.9322,0.9328,0.9284,0.934,0.9276,0.9312,0.9384,0.9238,0.9206,0.9352,0.9262,0.935,0.932,0.931,0.9274,0.9342,0.9274,0.9276,0.9266,0.9282,0.931,0.929,0.9308,0.9338,0.937,0.9288,0.9272,0.931,0.9378,0.9292,0.928,0.9296,0.9234,0.9398,0.9348,0.9316
219,0.9338,0.9316,0.9382,0.9306,0.9282,0.9204,0.9298,0.9244,0.9266,0.9316,0.9268,0.9338,0.9324,0.9294,0.9342,0.9274,0.9326,0.9386,0.928,0.9204,0.9342,0.9256,0.923,0.9312,0.9328,0.927,0.9344,0.9272,0.93,0.9278,0.9302,0.9322,0.9294,0.9316,0.9326,0.9384,0.9314,0.9258,0.931,0.9354,0.9368,0.9274,0.912,0.923,0.9396,0.9346,0.931
220,0.9338,0.9324,0.9398,0.9268,0.9272,0.9196,0.9292,0.9122,0.9278,0.9316,0.928,0.9356,0.9294,0.9298,0.9356,0.9272,0.9344,0.9392,0.928,0.9224,0.934,0.9266,0.9318,0.9314,0.9326,0.9298,0.935,0.9262,0.9302,0.926,0.906,0.847,0.9278,0.9294,0.9344,0.9384,0.9312,0.9316,0.9296,0.9336,0.9362,0.9226,0.9276,0.9244,0.9368,0.9374,0.931
221,0.934,0.9296,0.9398,0.9302,0.9302,0.9212,0.9232,0.9186,0.9264,0.932,0.9232,0.9282,0.932,0.9298,0.9346,0.9264,0.935,0.9408,0.9294,0.9198,0.933,0.929,0.9302,0.9338,0.9324,0.9286,0.9336,0.9264,0.9308,0.9274,0.9306,0.9222,0.9322,0.9318,0.932,0.9384,0.9308,0.9314,0.9268,0.935,0.9366,0.9226,0.93,0.9248,0.9318,0.9348,0.9316
222,0.9262,0.932,0.9346,0.93,0.9248,0.9216,0.892,0.9222,0.9272,0.9294,0.9262,0.9306,0.9326,0.9324,0.9354,0.9242,0.936,0.939,0.93,0.8968,0.9348,0.9306,0.9228,0.9338,0.9278,0.93,0.9328,0.9256,0.9302,0.9274,0.9312,0.9268,0.93,0.9332,0.932,0.9386,0.9322,0.9308,0.9258,0.9382,0.9398,0.9246,0.93,0.9202,0.9272,0.9316,0.93
223,0.9314,0.9316,0.9388,0.9294,0.93,0.9226,0.9264,0.9226,0.9268,0.9298,0.9278,0.9288,0.9324,0.9338,0.9348,0.9248,0.9344,0.9336,0.9274,0.9152,0.9322,0.9312,0.9338,0.934,0.934,0.9308,0.9334,0.9154,0.9306,0.9276,0.9314,0.9282,0.9306,0.9334,0.9322,0.939,0.9304,0.9284,0.9286,0.9382,0.9408,0.9236,0.9302,0.9222,0.9316,0.9352,0.9316
224,0.9266,0.932,0.9388,0.9298,0.9322,0.9236,0.9258,0.9246,0.9254,0.9318,0.9262,0.9278,0.9334,0.9334,0.933,0.9262,0.9358,0.9324,0.9288,0.9148,0.9268,0.9306,0.9246,0.9326,0.9306,0.9296,0.9336,0.92,0.9302,0.9262,0.9314,0.928,0.9298,0.9326,0.9322,0.939,0.9334,0.9294,0.9298,0.9386,0.941,0.9222,0.931,0.926,0.9376,0.9358,0.9316
225,0.926,0.9322,0.94,0.9304,0.9328,0.9202,0.9296,0.921,0.926,0.9318,0.9272,0.9264,0.9306,0.9334,0.9324,0.9278,0.9358,0.9348,0.927,0.9158,0.9334,0.9286,0.9306,0.934,0.933,0.931,0.936,0.9246,0.9302,0.9244,0.9322,0.9256,0.9294,0.9324,0.9324,0.8266,0.9318,0.9288,0.9326,0.94,0.9406,0.9244,0.9314,0.9144,0.935,0.9358,0.9352
226,0.927,0.9318,0.938,0.9312,0.9352,0.9182,0.9304,0.918,0.9272,0.9322,0.9294,0.9274,0.932,0.935,0.9342,0.9272,0.9356,0.9334,0.9264,0.9164,0.9332,0.929,0.9266,0.931,0.9318,0.931,0.9366,0.9266,0.9298,0.9262,0.9322,0.928,0.9312,0.9294,0.9358,0.9378,0.9266,0.931,0.9314,0.9396,0.9394,0.9252,0.932,0.9244,0.937,0.9358,0.9364
227,0.9302,0.9286,0.9394,0.9304,0.9272,0.918,0.9332,0.9212,0.9212,0.9334,0.9316,0.9324,0.9322,0.9346,0.931,0.9276,0.9348,0.934,0.9236,0.9172,0.9328,0.9286,0.9376,0.9316,0.9316,0.9318,0.9354,0.9298,0.9312,0.9264,0.932,0.928,0.932,0.9296,0.936,0.9378,0.93,0.9272,0.927,0.938,0.9402,0.9242,0.9334,0.9224,0.9328,0.935,0.9228
228,0.9304,0.9254,0.9342,0.9332,0.9288,0.9218,0.9324,0.9252,0.9238,0.9342,0.9322,0.9312,0.934,0.934,0.9322,0.9272,0.9362,0.934,0.9246,0.918,0.934,0.9294,0.9378,0.9318,0.9298,0.9304,0.9364,0.9278,0.932,0.927,0.931,0.9262,0.9326,0.9308,0.933,0.9382,0.9314,0.93,0.9248,0.9382,0.94,0.9244,0.9336,0.9226,0.9366,0.9364,0.9332
229,0.9298,0.9252,0.9408,0.9282,0.9314,0.9226,0.932,0.926,0.9244,0.9322,0.9308,0.9312,0.9322,0.9344,0.9352,0.9274,0.9358,0.9134,0.9256,0.92,0.9352,0.9272,0.9382,0.9334,0.9306,0.9272,0.9376,0.9294,0.929,0.9294,0.9336,0.926,0.9338,0.9324,0.9202,0.9388,0.9324,0.9308,0.9248,0.9386,0.9394,0.9254,0.9306,0.9238,0.9318,0.9354,0.9326
230,0.93,0.9262,0.9412,0.9304,0.9328,0.919,0.9316,0.9262,0.9258,0.935,0.93,0.933,0.9328,0.9344,0.9334,0.9268,0.9364,0.939,0.9258,0.9186,0.9346,0.9268,0.9148,0.9318,0.9328,0.9268,0.9368,0.929,0.932,0.9304,0.9314,0.9224,0.9328,0.933,0.9294,0.9396,0.9262,0.9312,0.9292,0.9388,0.9386,0.9236,0.9332,0.9258,0.9292,0.9332,0.9302
231,0.9306,0.9248,0.9412,0.93,0.9342,0.9216,0.9322,0.9268,0.9268,0.9336,0.9302,0.9312,0.931,0.9336,0.934,0.9262,0.936,0.9376,0.924,0.9208,0.9384,0.9262,0.9124,0.9364,0.9332,0.9276,0.9376,0.9264,0.9328,0.93,0.931,0.9256,0.933,0.9286,0.929,0.937,0.9322,0.9314,0.928,0.9408,0.9386,0.927,0.9332,0.9232,0.9326,0.934,0.9346
232,0.932,0.9258,0.9406,0.9302,0.934,0.921,0.9314,0.929,0.9274,0.9354,0.9312,0.9294,0.931,0.9336,0.9336,0.9274,0.9362,0.94,0.9236,0.924,0.939,0.9266,0.9286,0.9364,0.9308,0.9282,0.9358,0.926,0.9326,0.9316,0.9316,0.9262,0.9304,0.9334,0.9288,0.9354,0.9342,0.9302,0.9302,0.9412,0.9404,0.9288,0.9324,0.921,0.9344,0.9336,0.9314
233,0.9326,0.925,0.9358,0.9292,0.9348,0.9232,0.9314,0.9288,0.9294,0.9346,0.9304,0.9316,0.9318,0.9332,0.9326,0.9284,0.9286,0.9396,0.925,0.9246,0.9386,0.9254,0.929,0.9352,0.9294,0.9292,0.9374,0.922,0.9322,0.9302,0.932,0.9266,0.9304,0.9366,0.929,0.9376,0.9356,0.9342,0.9264,0.9436,0.9404,0.9124,0.934,0.9176,0.9374,0.9352,0.9314
234,0.9316,0.9258,0.9384,0.9288,0.9356,0.925,0.9314,0.9274,0.9302,0.933,0.9336,0.934,0.933,0.9348,0.935,0.9294,0.9374,0.9402,0.9238,0.9222,0.9398,0.9264,0.9318,0.9332,0.9314,0.9322,0.9356,0.9236,0.9318,0.9322,0.9326,0.9282,0.9302,0.9348,0.9342,0.9388,0.935,0.9334,0.9266,0.941,0.941,0.9284,0.933,0.9244,0.9358,0.938,0.9316
235,0.9214,0.9284,0.94,0.9324,0.9348,0.9242,0.9324,0.9302,0.9304,0.9362,0.9346,0.9342,0.9298,0.9328,0.9354,0.9316,0.9366,0.9412,0.924,0.9218,0.9382,0.9272,0.9026,0.9346,0.9296,0.9328,0.9352,0.9242,0.9334,0.931,0.932,0.9266,0.9324,0.9344,0.9346,0.9398,0.9362,0.931,0.9294,0.9396,0.94,0.928,0.9328,0.9228,0.9366,0.936,0.9304
236,0.9272,0.928,0.9396,0.9324,0.9326,0.9238,0.9338,0.9314,0.9314,0.9352,0.935,0.9306,0.9302,0.9312,0.9354,0.9312,0.9364,0.9366,0.9268,0.9242,0.937,0.9246,0.931,0.9368,0.9282,0.9318,0.9372,0.9238,0.9336,0.9312,0.932,0.9222,0.931,0.9372,0.938,0.9394,0.9358,0.9306,0.9296,0.9416,0.9338,0.9286,0.9296,0.922,0.9384,0.9362,0.9306
237,0.9304,0.9276,0.9396,0.9316,0.937,0.9246,0.9338,0.9344,0.9314,0.9364,0.937,0.9324,0.9334,0.9304,0.9378,0.9294,0.9356,0.9382,0.9272,0.9224,0.9394,0.9254,0.9326,0.9378,0.9332,0.9328,0.9382,0.9264,0.9334,0.932,0.9324,0.9224,0.932,0.9372,0.939,0.9392,0.9342,0.9302,0.9302,0.9422,0.9408,0.9274,0.9302,0.923,0.9376,0.9248,0.931
238,0.9304,0.9294,0.9386,0.9308,0.9384,0.9244,0.931,0.9356,0.931,0.9362,0.9358,0.9344,0.932,0.9306,0.9372,0.9324,0.9352,0.9402,0.924,0.9164,0.9376,0.9286,0.9254,0.9366,0.9318,0.9332,0.9354,0.9254,0.9338,0.9316,0.9316,0.927,0.9338,0.9334,0.9382,0.9406,0.9342,0.9318,0.9298,0.9432,0.9408,0.927,0.9314,0.9272,0.9374,0.928,0.9308
239,0.93,0.931,0.9406,0.931,0.9362,0.9294,0.93,0.9346,0.9298,0.9358,0.9336,0.933,0.933,0.9296,0.9372,0.9324,0.935,0.9414,0.926,0.9204,0.9398,0.9294,0.9284,0.9276,0.9328,0.9304,0.9386,0.926,0.9342,0.932,0.9296,0.9296,0.9334,0.936,0.9414,0.9406,0.9342,0.927,0.9346,0.9446,0.9406,0.9294,0.931,0.9264,0.94,0.9124,0.9266
240,0.9326,0.9302,0.9426,0.9312,0.938,0.927,0.9316,0.931,0.9302,0.9336,0.93,0.9334,0.9344,0.9308,0.937,0.932,0.935,0.9416,0.9262,0.9222,0.937,0.9296,0.9306,0.9368,0.9336,0.9314,0.9368,0.9268,0.898,0.932,0.9312,0.9304,0.9336,0.936,0.9406,0.9396,0.935,0.9336,0.931,0.9444,0.9366,0.9306,0.9326,0.926,0.9348,0.9366,0.9294
241,0.9312,0.93,0.9428,0.9312,0.9388,0.9288,0.9324,0.9322,0.93,0.9388,0.9324,0.932,0.935,0.9324,0.9394,0.93,0.9334,0.9416,0.9286,0.9234,0.94,0.9298,0.9302,0.9362,0.9376,0.935,0.9352,0.923,0.9342,0.9218,0.9322,0.927,0.9332,0.9326,0.9382,0.9392,0.9346,0.9342,0.9336,0.9456,0.9418,0.9326,0.9304,0.922,0.9342,0.9356,0.9282
242,0.931,0.9294,0.942,0.9308,0.9374,0.9288,0.933,0.9328,0.9294,0.9382,0.9314,0.9334,0.9348,0.9316,0.9408,0.9326,0.9326,0.9396,0.9286,0.9236,0.9422,0.9306,0.9296,0.9374,0.936,0.9334,0.934,0.9284,0.933,0.9328,0.9336,0.9296,0.9332,0.9314,0.938,0.9378,0.93,0.9356,0.931,0.946,0.9428,0.935,0.9294,0.9278,0.9356,0.9368,0.9282
243,0.9292,0.9278,0.9424,0.9338,0.9318,0.9288,0.9306,0.9318,0.9322,0.9348,0.9278,0.934,0.9352,0.9344,0.938,0.932,0.9298,0.9398,0.929,0.9268,0.94,0.93,0.9294,0.9366,0.9358,0.9336,0.935,0.9258,0.9376,0.9318,0.9346,0.924,0.9336,0.9318,0.9384,0.937,0.9236,0.9352,0.9298,0.947,0.9434,0.935,0.9322,0.9284,0.9376,0.9356,0.927
244,0.9284,0.928,0.9432,0.9372,0.9306,0.9292,0.9306,0.932,0.9304,0.9376,0.927,0.9364,0.9344,0.9358,0.9404,0.9304,0.9302,0.9372,0.9286,0.9306,0.9408,0.9282,0.9298,0.937,0.9342,0.9314,0.9352,0.9232,0.9346,0.9314,0.9326,0.926,0.933,0.9288,0.9378,0.9404,0.932,0.9344,0.935,0.9484,0.9418,0.9348,0.9324,0.9292,0.9338,0.9352,0.926
245,0.9286,0.9292,0.9398,0.9388,0.931,0.9284,0.9328,0.9334,0.9316,0.937,0.933,0.9336,0.9314,0.9378,0.9412,0.9298,0.9282,0.9382,0.9264,0.9306,0.9416,0.9302,0.9262,0.9362,0.9354,0.9318,0.9352,0.925,0.9368,0.9322,0.933,0.9276,0.934,0.9296,0.937,0.9406,0.932,0.9356,0.9348,0.9472,0.9386,0.9368,0.9312,0.9278,0.9396,0.9372,0.9256
246,0.9298,0.931,0.9398,0.936,0.9322,0.9288,0.9306,0.9348,0.933,0.9366,0.9322,0.9358,0.9314,0.9362,0.9404,0.933,0.9304,0.9366,0.9268,0.9294,0.9404,0.9292,0.928,0.9368,0.9338,0.9306,0.9382,0.9314,0.9344,0.9308,0.9312,0.9296,0.9326,0.9082,0.9394,0.9394,0.9328,0.9362,0.9344,0.9404,0.9426,0.9366,0.9298,0.928,0.9398,0.9376,0.9274
247,0.9304,0.9284,0.9406,0.9338,0.932,0.93,0.9324,0.9342,0.9304,0.9378,0.9322,0.932,0.9338,0.9352,0.9366,0.9352,0.9312,0.9376,0.9268,0.9276,0.9394,0.929,0.9266,0.9366,0.937,0.9324,0.9392,0.929,0.9364,0.9322,0.931,0.9276,0.933,0.9294,0.9368,0.9386,0.9334,0.9354,0.934,0.942,0.9426,0.936,0.9298,0.9276,0.9382,0.9384,0.9272
248,0.9286,0.9298,0.942,0.9362,0.9314,0.9312,0.9322,0.9346,0.9314,0.9368,0.9328,0.9336,0.9334,0.892,0.9346,0.935,0.9332,0.9416,0.9246,0.9262,0.9398,0.9292,0.9272,0.9384,0.9372,0.933,0.9408,0.9292,0.9364,0.9288,0.9298,0.9316,0.93,0.932,0.9378,0.9392,0.9318,0.932,0.9156,0.942,0.9432,0.9328,0.9328,0.9284,0.9384,0.9346,0.9258
249,0.9296,0.9302,0.9428,0.937,0.9322,0.9316,0.9334,0.9346,0.9296,0.9372,0.9346,0.9324,0.934,0.9322,0.9396,0.9356,0.933,0.942,0.9276,0.9276,0.939,0.9298,0.9274,0.9366,0.9382,0.93,0.9404,0.9324,0.9354,0.9286,0.9292,0.9306,0.9352,0.932,0.9376,0.9386,0.9318,0.9366,0.9358,0.9412,0.9422,0.9332,0.934,0.9302,0.9382,0.938,0.9256
250,0.9324,0.9314,0.9432,0.9384,0.9364,0.9308,0.934,0.9352,0.9314,0.9366,0.9336,0.9336,0.9348,0.9314,0.941,0.934,0.9356,0.942,0.9298,0.9278,0.94,0.9328,0.9314,0.938,0.9358,0.9308,0.938,0.9336,0.932,0.9284,0.9288,0.9304,0.9368,0.9322,0.94,0.9398,0.9306,0.9374,0.9322,0.9436,0.9434,0.9344,0.9342,0.9276,0.9384,0.9366,0.9248
251,0.9338,0.9334,0.9432,0.9392,0.938,0.9324,0.9344,0.9346,0.9304,0.935,0.9328,0.934,0.9342,0.9308,0.9402,0.9336,0.937,0.9428,0.9302,0.9254,0.9408,0.9308,0.9256,0.9372,0.9376,0.931,0.9386,0.9312,0.933,0.9296,0.931,0.9308,0.9384,0.933,0.94,0.9402,0.927,0.9364,0.9334,0.9456,0.9436,0.935,0.9352,0.9284,0.938,0.9356,0.9296
252,0.935,0.9322,0.9412,0.9376,0.9332,0.9306,0.9358,0.936,0.9322,0.9348,0.933,0.9286,0.9342,0.9324,0.9412,0.9332,0.9368,0.942,0.9306,0.929,0.9404,0.9306,0.9328,0.9372,0.9376,0.9326,0.9364,0.9346,0.9334,0.9306,0.9226,0.9308,0.9378,0.9336,0.9392,0.9366,0.923,0.9362,0.9318,0.9456,0.9434,0.9358,0.9354,0.9304,0.9388,0.9364,0.9304
253,0.9324,0.9332,0.94,0.938,0.9344,0.9228,0.9364,0.934,0.9284,0.9352,0.9338,0.9278,0.9346,0.932,0.941,0.9332,0.937,0.9448,0.9308,0.9328,0.9416,0.9304,0.9318,0.9368,0.9372,0.9328,0.9352,0.934,0.9312,0.9304,0.9334,0.9298,0.9382,0.9326,0.9432,0.936,0.929,0.9362,0.9326,0.9424,0.9452,0.937,0.9338,0.931,0.9386,0.937,0.9342
254,0.9328,0.9336,0.9428,0.9378,0.9332,0.9326,0.9356,0.932,0.9312,0.9364,0.933,0.9352,0.9332,0.9314,0.9396,0.9306,0.9378,0.9444,0.9292,0.9316,0.9362,0.9266,0.9306,0.9344,0.9386,0.9306,0.9298,0.9332,0.9338,0.9334,0.9348,0.9298,0.9358,0.934,0.9428,0.9368,0.932,0.9362,0.9352,0.943,0.9454,0.9384,0.9334,0.9286,0.9386,0.9386,0.9288
255,0.9292,0.9328,0.9406,0.9362,0.9366,0.9314,0.9364,0.9328,0.9318,0.937,0.9316,0.9352,0.935,0.933,0.9396,0.929,0.9402,0.945,0.9286,0.9264,0.939,0.9274,0.9294,0.9374,0.9386,0.933,0.9368,0.9332,0.9348,0.9332,0.933,0.929,0.9358,0.9286,0.9368,0.9376,0.9322,0.9386,0.9316,0.9454,0.945,0.9398,0.9334,0.926,0.9324,0.9376,0.9316
256,0.9308,0.9328,0.9426,0.9382,0.937,0.9332,0.9386,0.9336,0.9308,0.9376,0.9346,0.9354,0.9348,0.933,0.9378,0.9296,0.9372,0.946,0.9292,0.9268,0.9406,0.9284,0.9278,0.9398,0.9378,0.9328,0.9372,0.93,0.9392,0.9344,0.9336,0.9304,0.9344,0.9358,0.9408,0.9388,0.933,0.9372,0.9338,0.9448,0.945,0.9392,0.9332,0.9244,0.935,0.9388,0.9332
257,0.9322,0.9318,0.9426,0.9388,0.9372,0.9346,0.936,0.934,0.9314,0.9392,0.9332,0.9356,0.935,0.9344,0.9414,0.9324,0.9404,0.9444,0.9284,0.9282,0.943,0.9264,0.93,0.9348,0.9404,0.9302,0.9378,0.9014,0.941,0.935,0.9358,0.9282,0.934,0.936,0.9408,0.9318,0.9328,0.9412,0.935,0.9462,0.9438,0.9384,0.9352,0.9238,0.9344,0.9396,0.9266
258,0.9338,0.9324,0.9414,0.9414,0.9386,0.935,0.9356,0.9342,0.929,0.9404,0.931,0.9346,0.9352,0.9348,0.9394,0.9306,0.9394,0.945,0.9308,0.931,0.942,0.9288,0.925,0.937,0.9394,0.932,0.9372,0.926,0.9384,0.9332,0.9346,0.929,0.9382,0.9364,0.9406,0.9424,0.9342,0.9378,0.934,0.944,0.9458,0.9372,0.9328,0.9258,0.9378,0.9398,0.9304
259,0.9354,0.935,0.9436,0.9414,0.9386,0.9338,0.9348,0.9346,0.9282,0.9414,0.9294,0.936,0.9356,0.9344,0.9382,0.9326,0.94,0.9464,0.9286,0.9234,0.9412,0.9294,0.9292,0.9376,0.9396,0.9318,0.9356,0.927,0.9384,0.9352,0.9342,0.9302,0.9368,0.9346,0.9404,0.9412,0.9322,0.934,0.9332,0.9452,0.9456,0.9378,0.9308,0.9254,0.9378,0.9382,0.9296
260,0.939,0.9252,0.9446,0.9356,0.9384,0.9348,0.9358,0.932,0.932,0.94,0.929,0.9354,0.934,0.936,0.9328,0.9328,0.9392,0.9456,0.9292,0.9242,0.9438,0.9302,0.9256,0.937,0.9376,0.9314,0.9368,0.9288,0.939,0.9372,0.9386,0.9252,0.9398,0.9302,0.9418,0.9386,0.9314,0.934,0.9342,0.9454,0.945,0.9376,0.9346,0.926,0.9338,0.939,0.9308
261,0.9376,0.9196,0.9438,0.9348,0.938,0.9344,0.935,0.9308,0.933,0.9414,0.9306,0.9376,0.9364,0.9366,0.9296,0.9296,0.9404,0.9438,0.9314,0.9238,0.9434,0.9276,0.9292,0.936,0.939,0.9314,0.9386,0.9284,0.9398,0.9308,0.94,0.9272,0.9384,0.9354,0.9438,0.9408,0.9326,0.9328,0.9324,0.944,0.9466,0.938,0.937,0.9258,0.9372,0.938,0.932
262,0.9374,0.9268,0.9444,0.9356,0.9376,0.9346,0.9358,0.9322,0.9284,0.9416,0.9312,0.9342,0.936,0.937,0.9306,0.932,0.9394,0.945,0.932,0.9266,0.9426,0.9268,0.9322,0.9396,0.9378,0.9318,0.9396,0.9302,0.9406,0.9328,0.9378,0.9262,0.9378,0.9302,0.9436,0.9414,0.9334,0.9386,0.9316,0.943,0.9476,0.9382,0.9352,0.9242,0.9366,0.9388,0.932
263,0.9374,0.9274,0.9444,0.9364,0.9398,0.9342,0.94,0.9308,0.93,0.942,0.932,0.935,0.9358,0.9374,0.9354,0.9308,0.9388,0.9442,0.9328,0.9256,0.9454,0.9274,0.9334,0.9382,0.9382,0.9298,0.9388,0.922,0.9416,0.9336,0.934,0.93,0.9382,0.932,0.9438,0.9406,0.9316,0.9304,0.9328,0.9406,0.9436,0.938,0.9362,0.9274,0.9376,0.9372,0.9324
264,0.9388,0.9312,0.9442,0.9354,0.9396,0.9328,0.9398,0.9302,0.9302,0.9418,0.9318,0.935,0.9344,0.9366,0.927,0.9318,0.9368,0.945,0.9284,0.9254,0.944,0.923,0.9318,0.9392,0.9366,0.93,0.9384,0.922,0.9388,0.9322,0.9356,0.9304,0.9386,0.9354,0.9412,0.9404,0.9344,0.9406,0.9344,0.9408,0.9424,0.9378,0.9362,0.9282,0.9386,0.9368,0.9332
265,0.9394,0.9312,0.9434,0.935,0.9356,0.9316,0.9374,0.9338,0.9314,0.9436,0.932,0.936,0.9336,0.9368,0.9314,0.9284,0.939,0.9452,0.9282,0.9262,0.9446,0.9302,0.9318,0.9346,0.9366,0.9306,0.939,0.9284,0.9368,0.9296,0.9358,0.9318,0.938,0.935,0.9428,0.941,0.932,0.9398,0.937,0.9416,0.9434,0.939,0.9364,0.929,0.9382,0.937,0.9336
266,0.9402,0.9296,0.9434,0.9344,0.9354,0.933,0.94,0.9356,0.9338,0.9412,0.9324,0.9366,0.9352,0.9358,0.9384,0.9312,0.9396,0.9448,0.9288,0.928,0.943,0.9304,0.9292,0.9378,0.9396,0.9318,0.938,0.9298,0.9356,0.9258,0.9366,0.9316,0.938,0.931,0.9406,0.9418,0.932,0.9384,0.9346,0.9376,0.9454,0.9382,0.9374,0.9276,0.9366,0.937,0.9362
267,0.9386,0.9324,0.9416,0.9364,0.9356,0.9326,0.9406,0.9336,0.9334,0.9418,0.9314,0.9326,0.9338,0.9362,0.9388,0.9288,0.9378,0.9442,0.9252,0.9258,0.944,0.9286,0.9336,0.9394,0.9396,0.934,0.9402,0.9322,0.9372,0.9284,0.9354,0.9264,0.939,0.9354,0.944,0.9436,0.93,0.9376,0.9368,0.9422,0.945,0.939,0.9422,0.9288,0.9348,0.9404,0.9318
268,0.9406,0.933,0.9426,0.9362,0.934,0.932,0.9396,0.9334,0.934,0.9428,0.9318,0.9326,0.9352,0.9356,0.935,0.93,0.9394,0.9438,0.929,0.926,0.9436,0.9326,0.9348,0.9378,0.9404,0.932,0.9404,0.9316,0.9366,0.9326,0.935,0.9304,0.9404,0.9386,0.9424,0.9444,0.9346,0.939,0.9386,0.943,0.9432,0.9374,0.9402,0.929,0.9304,0.9414,0.935
269,0.9406,0.9336,0.9404,0.9368,0.9348,0.9294,0.9392,0.9324,0.933,0.9422,0.9308,0.9382,0.936,0.9372,0.9318,0.9332,0.941,0.944,0.9282,0.9254,0.941,0.9332,0.9372,0.939,0.9362,0.9328,0.9408,0.932,0.9366,0.9328,0.9354,0.932,0.9404,0.9378,0.9434,0.945,0.9354,0.9392,0.9388,0.9406,0.934,0.9386,0.9402,0.9306,0.9366,0.9388,0.9344
270,0.9388,0.934,0.9438,0.9332,0.935,0.9286,0.9398,0.9334,0.9326,0.9394,0.9326,0.9378,0.936,0.9374,0.9308,0.9338,0.9396,0.9432,0.9308,0.9286,0.9414,0.932,0.932,0.9406,0.9404,0.933,0.9402,0.93,0.9376,0.9318,0.936,0.933,0.941,0.9372,0.9418,0.942,0.9344,0.9364,0.936,0.9404,0.9436,0.9388,0.9416,0.9296,0.938,0.9398,0.9358
271,0.9378,0.9356,0.9468,0.9334,0.9358,0.9328,0.9396,0.9326,0.9348,0.9392,0.9328,0.9362,0.9346,0.9348,0.9294,0.9314,0.9412,0.9424,0.931,0.9296,0.9434,0.9324,0.932,0.9406,0.941,0.9336,0.9414,0.9298,0.9372,0.9322,0.9348,0.9364,0.9376,0.9372,0.9404,0.9428,0.9346,0.9338,0.935,0.9458,0.944,0.938,0.9404,0.9302,0.9344,0.9374,0.9318
272,0.9382,0.9304,0.944,0.9332,0.9346,0.9268,0.9396,0.932,0.9334,0.9398,0.9298,0.9336,0.9356,0.9376,0.932,0.932,0.93,0.9418,0.9312,0.9316,0.937,0.9324,0.9346,0.9406,0.9396,0.934,0.9394,0.9322,0.9332,0.9336,0.9362,0.934,0.9374,0.941,0.9432,0.9438,0.9358,0.9338,0.933,0.947,0.9466,0.9376,0.9404,0.9332,0.936,0.9368,0.9336
273,0.937,0.9304,0.9466,0.9362,0.9352,0.931,0.9386,0.9356,0.9348,0.941,0.9346,0.9344,0.9352,0.9374,0.9324,0.932,0.9368,0.943,0.932,0.9286,0.9416,0.9302,0.9316,0.9414,0.9416,0.9328,0.9406,0.9288,0.935,0.9306,0.9384,0.9356,0.938,0.9408,0.9434,0.9428,0.9366,0.9338,0.934,0.9466,0.9462,0.937,0.9378,0.931,0.9356,0.9384,0.937
274,0.9394,0.9284,0.9476,0.936,0.9358,0.9278,0.9386,0.937,0.9364,0.943,0.9344,0.936,0.9364,0.938,0.9318,0.9336,0.9354,0.9428,0.9324,0.931,0.944,0.9316,0.934,0.9388,0.9424,0.9348,0.9412,0.929,0.936,0.9322,0.9384,0.9342,0.9396,0.936,0.943,0.9436,0.9356,0.934,0.9338,0.9466,0.947,0.9366,0.9388,0.9296,0.9394,0.9404,0.9358
275,0.9398,0.931,0.9482,0.937,0.9356,0.9306,0.9368,0.9388,0.9346,0.9402,0.9334,0.9364,0.9364,0.9402,0.9298,0.9324,0.9392,0.943,0.9308,0.928,0.9452,0.9306,0.9312,0.9376,0.9418,0.935,0.9404,0.929,0.9382,0.9326,0.9412,0.9312,0.9402,0.9364,0.9424,0.9432,0.9374,0.934,0.9332,0.9458,0.946,0.9372,0.9388,0.926,0.9394,0.9414,0.9364
276,0.9386,0.9294,0.9474,0.9394,0.936,0.9332,0.9388,0.9368,0.9342,0.9422,0.9346,0.9308,0.9368,0.94,0.9298,0.933,0.9362,0.944,0.9176,0.9304,0.945,0.9282,0.9376,0.94,0.9414,0.9352,0.9412,0.9298,0.9376,0.9332,0.941,0.9334,0.9372,0.9382,0.9428,0.9428,0.9344,0.9336,0.9352,0.9452,0.948,0.9354,0.94,0.9274,0.9406,0.941,0.9366
277,0.9398,0.9328,0.9466,0.9382,0.936,0.9334,0.938,0.9398,0.934,0.9442,0.9356,0.9324,0.9372,0.9404,0.9318,0.9306,0.9242,0.9436,0.9194,0.933,0.9444,0.9248,0.9366,0.9408,0.9406,0.935,0.942,0.9294,0.9352,0.9346,0.9424,0.9312,0.9356,0.9368,0.9418,0.9428,0.9354,0.9292,0.935,0.9456,0.9482,0.9342,0.9406,0.9302,0.9414,0.9412,0.9368
278,0.9402,0.9312,0.9468,0.9348,0.935,0.9246,0.939,0.9406,0.9338,0.945,0.9366,0.9346,0.937,0.939,0.9318,0.9294,0.9368,0.939,0.9204,0.932,0.9438,0.9276,0.94,0.9408,0.9386,0.9366,0.9418,0.9302,0.9362,0.9306,0.942,0.9334,0.9376,0.9356,0.9432,0.943,0.9368,0.9364,0.9358,0.9474,0.9456,0.9336,0.9394,0.932,0.9422,0.9406,0.9376
279,0.9418,0.932,0.9476,0.935,0.9356,0.933,0.9388,0.9396,0.935,0.9386,0.9384,0.9364,0.9364,0.9374,0.934,0.9312,0.9414,0.9456,0.9262,0.9306,0.9432,0.9162,0.938,0.9408,0.9396,0.9366,0.938,0.9336,0.9384,0.9304,0.9424,0.9334,0.9246,0.9342,0.9424,0.9428,0.932,0.9356,0.938,0.9474,0.9464,0.935,0.9406,0.9324,0.9404,0.9404,0.9372
280,0.9408,0.9312,0.9428,0.9374,0.935,0.9284,0.939,0.9384,0.9328,0.9424,0.9388,0.9352,0.9374,0.9338,0.9342,0.935,0.9402,0.9448,0.9262,0.9324,0.9436,0.9252,0.939,0.9412,0.9362,0.9362,0.9382,0.9338,0.943,0.9316,0.943,0.9334,0.9334,0.9374,0.9438,0.9406,0.9318,0.9368,0.939,0.9468,0.9442,0.936,0.9388,0.9334,0.9378,0.9418,0.9348
281,0.9388,0.9334,0.9462,0.9392,0.9344,0.9244,0.938,0.939,0.93,0.9444,0.9374,0.9366,0.9348,0.9384,0.938,0.9344,0.92,0.945,0.9276,0.9284,0.9418,0.9292,0.9354,0.9416,0.941,0.9388,0.9368,0.9348,0.9426,0.932,0.9424,0.9362,0.9348,0.9378,0.942,0.9406,0.928,0.9368,0.9372,0.9454,0.9458,0.936,0.9384,0.933,0.9374,0.9378,0.929
282,0.9378,0.9374,0.9472,0.941,0.9364,0.9316,0.9396,0.9384,0.9348,0.9444,0.936,0.9396,0.9394,0.9388,0.9372,0.9368,0.9348,0.945,0.9262,0.9292,0.9402,0.9308,0.9366,0.932,0.9428,0.932,0.9346,0.9346,0.9406,0.9338,0.9426,0.9364,0.9358,0.9376,0.9346,0.9384,0.93,0.9346,0.9378,0.9452,0.9442,0.9368,0.94,0.9326,0.9408,0.9376,0.9318
283,0.9356,0.937,0.9474,0.9398,0.935,0.9312,0.9396,0.9396,0.9362,0.9462,0.937,0.9386,0.939,0.94,0.939,0.9344,0.935,0.9426,0.9288,0.9282,0.9414,0.9312,0.9368,0.9358,0.942,0.936,0.9372,0.933,0.9442,0.9318,0.9426,0.9364,0.9382,0.939,0.9402,0.941,0.9316,0.9352,0.9394,0.9448,0.9418,0.934,0.9408,0.9338,0.9424,0.9386,0.93
284,0.9366,0.9386,0.9484,0.9364,0.9372,0.9124,0.941,0.9388,0.9398,0.9474,0.937,0.9374,0.9398,0.94,0.9394,0.9332,0.9404,0.947,0.928,0.9302,0.9432,0.933,0.9402,0.9386,0.9416,0.9366,0.9374,0.9284,0.9444,0.9356,0.9426,0.9376,0.94,0.9396,0.9414,0.9408,0.931,0.9374,0.9398,0.9424,0.9484,0.9362,0.9408,0.9314,0.9448,0.939,0.9382
285,0.9358,0.9386,0.9476,0.937,0.937,0.9286,0.9394,0.9402,0.9392,0.9446,0.9384,0.936,0.9396,0.9392,0.9372,0.9292,0.941,0.9468,0.93,0.9324,0.9458,0.9302,0.9382,0.9404,0.9408,0.937,0.9364,0.9306,0.9442,0.9354,0.9432,0.9378,0.936,0.9382,0.941,0.941,0.9324,0.9378,0.9378,0.946,0.947,0.9384,0.9388,0.9328,0.9408,0.938,0.9364
286,0.9262,0.9368,0.9476,0.9374,0.9366,0.9318,0.9402,0.9408,0.9392,0.9432,0.9362,0.9356,0.9398,0.939,0.938,0.9328,0.9398,0.9474,0.9342,0.9348,0.9462,0.9304,0.9408,0.9384,0.9402,0.9328,0.9396,0.929,0.9406,0.9352,0.944,0.9386,0.9344,0.9384,0.9434,0.9404,0.9328,0.9378,0.9376,0.9468,0.9456,0.9384,0.937,0.931,0.943,0.9356,0.9378
287,0.9356,0.939,0.9486,0.94,0.9362,0.9358,0.94,0.939,0.9384,0.9394,0.9362,0.9364,0.9392,0.9396,0.9396,0.9322,0.9382,0.9478,0.9316,0.9332,0.9436,0.9296,0.9364,0.9378,0.9396,0.9336,0.9396,0.9306,0.9422,0.935,0.9436,0.9386,0.9378,0.939,0.9398,0.9408,0.932,0.9368,0.9394,0.9466,0.945,0.9378,0.9434,0.9346,0.9446,0.9382,0.9368
288,0.9366,0.9364,0.949,0.9404,0.9336,0.935,0.9382,0.9382,0.9374,0.9404,0.9356,0.9382,0.939,0.94,0.9392,0.9328,0.9382,0.947,0.9342,0.934,0.94,0.9322,0.9268,0.9402,0.9394,0.9358,0.9384,0.9306,0.9368,0.934,0.9428,0.939,0.94,0.9358,0.9404,0.9422,0.929,0.9372,0.9412,0.9486,0.9494,0.9386,0.9396,0.9322,0.945,0.9376,0.9378
289,0.9404,0.9368,0.949,0.9416,0.9346,0.9352,0.9386,0.9392,0.9388,0.9468,0.9376,0.9362,0.9404,0.9408,0.9394,0.9294,0.9384,0.9486,0.9342,0.934,0.9412,0.9318,0.9292,0.9404,0.9412,0.9362,0.9404,0.9334,0.9358,0.9342,0.9436,0.9386,0.9406,0.9328,0.9358,0.942,0.9336,0.9384,0.941,0.949,0.9496,0.9394,0.9398,0.9326,0.9418,0.9416,0.9372
290,0.9398,0.9388,0.9486,0.9388,0.9354,0.9372,0.9392,0.9386,0.939,0.948,0.9368,0.9332,0.94,0.9376,0.9392,0.9318,0.9338,0.9472,0.9342,0.926,0.9404,0.9346,0.9384,0.94,0.9374,0.935,0.9412,0.933,0.9362,0.9348,0.9412,0.937,0.9412,0.9396,0.9408,0.9428,0.9334,0.9358,0.9414,0.9488,0.9514,0.9388,0.9414,0.9334,0.9414,0.9422,0.9386
291,0.9402,0.9396,0.948,0.9408,0.9358,0.9378,0.9396,0.9382,0.9392,0.9342,0.938,0.9334,0.9398,0.9382,0.9382,0.9338,0.9362,0.9474,0.9342,0.9274,0.9416,0.9316,0.9364,0.9366,0.9416,0.9382,0.9404,0.934,0.9402,0.9362,0.9402,0.9344,0.942,0.9408,0.9398,0.943,0.9304,0.941,0.9386,0.9508,0.9454,0.9402,0.9414,0.9318,0.9424,0.9388,0.9398
292,0.939,0.9388,0.9456,0.9394,0.9368,0.9358,0.9406,0.9344,0.9396,0.9432,0.936,0.934,0.9382,0.9378,0.94,0.9314,0.9366,0.9468,0.9342,0.932,0.9414,0.9302,0.9402,0.9348,0.943,0.9368,0.9408,0.934,0.9408,0.937,0.9404,0.9336,0.9394,0.9376,0.9386,0.9408,0.9332,0.9386,0.9334,0.9494,0.9488,0.9394,0.9412,0.9338,0.938,0.9416,0.9376
293,0.9396,0.9376,0.948,0.939,0.9366,0.9364,0.9412,0.9354,0.9398,0.9438,0.938,0.935,0.9398,0.9382,0.941,0.9336,0.9346,0.9428,0.936,0.9306,0.9446,0.9316,0.9402,0.9384,0.9424,0.9372,0.9422,0.9324,0.9394,0.9376,0.9396,0.9374,0.9392,0.936,0.9396,0.9422,0.9356,0.9422,0.9342,0.9496,0.9488,0.9388,0.9418,0.9344,0.9416,0.9418,0.9384
294,0.9398,0.938,0.9468,0.9392,0.9364,0.9362,0.94,0.9366,0.9408,0.946,0.9358,0.935,0.938,0.9396,0.9396,0.9364,0.9366,0.9474,0.9356,0.9294,0.9456,0.93,0.9192,0.936,0.9416,0.9364,0.9416,0.9324,0.9404,0.9378,0.9386,0.9382,0.9398,0.9326,0.9436,0.9424,0.9336,0.9416,0.9398,0.948,0.9474,0.9394,0.9436,0.9322,0.9396,0.9408,0.9382
295,0.939,0.9378,0.9486,0.9402,0.937,0.9364,0.9398,0.934,0.9388,0.9424,0.9394,0.936,0.9392,0.9398,0.9392,0.9362,0.937,0.9458,0.9358,0.9308,0.9444,0.9282,0.9294,0.9392,0.9416,0.9374,0.9408,0.9326,0.9396,0.941,0.9404,0.9344,0.9412,0.9352,0.944,0.942,0.9362,0.9408,0.9404,0.9484,0.948,0.9404,0.9412,0.9302,0.9368,0.942,0.9374
296,0.9404,0.9376,0.9482,0.9412,0.9374,0.9362,0.9396,0.9356,0.9376,0.942,0.935,0.9366,0.9396,0.9402,0.9394,0.9374,0.9386,0.9476,0.9342,0.9316,0.9392,0.9278,0.932,0.9378,0.9378,0.9364,0.942,0.9348,0.9418,0.9384,0.9414,0.9378,0.9396,0.932,0.941,0.9412,0.9302,0.942,0.9388,0.9484,0.9464,0.9356,0.9418,0.9296,0.9378,0.9402,0.9372
297,0.9414,0.9382,0.9494,0.941,0.9368,0.9378,0.94,0.9362,0.937,0.9378,0.9416,0.9372,0.9408,0.9398,0.9398,0.9382,0.9394,0.946,0.9332,0.9304,0.9452,0.9268,0.9312,0.9332,0.9372,0.9406,0.9402,0.9366,0.9422,0.9394,0.9412,0.9372,0.9422,0.9368,0.9384,0.9398,0.9386,0.9426,0.9396,0.9474,0.9486,0.9384,0.941,0.934,0.941,0.942,0.9394
298,0.9398,0.939,0.9492,0.944,0.9384,0.9378,0.94,0.936,0.9378,0.94,0.9424,0.9374,0.9412,0.9396,0.9408,0.9396,0.9404,0.9446,0.9346,0.9198,0.9454,0.9274,0.9374,0.9406,0.9408,0.939,0.9408,0.9372,0.9382,0.9406,0.9432,0.9364,0.9422,0.9384,0.9426,0.94,0.9398,0.9416,0.9398,0.9502,0.9462,0.9376,0.9404,0.9326,0.9404,0.9416,0.9366
299,0.9422,0.9394,0.9486,0.9406,0.9396,0.9364,0.9406,0.9354,0.939,0.9418,0.9408,0.935,0.9414,0.9384,0.9354,0.9396,0.9398,0.9438,0.9346,0.9348,0.9456,0.932,0.9372,0.9404,0.939,0.9398,0.9426,0.936,0.9402,0.939,0.9394,0.9396,0.9404,0.9364,0.9404,0.9376,0.939,0.9416,0.9408,0.9504,0.9488,0.9388,0.9394,0.9316,0.942,0.9386,0.9372
300,0.9444,0.9372,0.9474,0.9404,0.9384,0.937,0.9388,0.936,0.94,0.9428,0.9388,0.9388,0.9406,0.9364,0.938,0.9358,0.9402,0.9478,0.9336,0.9354,0.9448,0.9322,0.9386,0.9394,0.9404,0.9378,0.941,0.9362,0.9398,0.939,0.941,0.9396,0.9422,0.9376,0.9424,0.941,0.9392,0.9394,0.9426,0.9512,0.9474,0.9372,0.9406,0.933,0.941,0.9404,0.9412
