,loss,accuracy,time_this_iter_s,done,timesteps_total,episodes_total,training_iteration,trial_id,experiment_id,date,timestamp,time_total_s,pid,hostname,node_ip,time_since_restore,timesteps_since_restore,iterations_since_restore,warmup_time,config/h1,config/h2,config/h3,config/lr,config/weight_decay,logdir
0,0.0009221276786636,0.8650927487352446,1.1621358394622805,False,,,50,8cb60_00000,8379db91e6e94d9e81fab33b3e595120,2023-03-01_10-02-11,1677661331,83.37985467910767,2726525,gpu-011,10.1.1.7,83.37985467910767,0,50,0.0032277107238769,12,32,32,0.07375813527207797,9.187503821777306e-05,"/home/werner/al-benchmark/runs/DNA/evaluate_config_2023-03-01_10-00-44/evaluate_config_8cb60_00000_0_h1=12,h2=32,h3=32,lr=0.0738,weight_decay=0.0001_2023-03-01_10-00-44"
1,0.0005112952014045,0.9342327150084316,1.7070822715759275,False,,,50,8cb60_00001,c2482ab4a7af4a8eb4000d0f731c28a6,2023-03-01_10-02-20,1677661340,80.42355346679688,2726594,gpu-011,10.1.1.7,80.42355346679688,0,50,0.0113015174865722,64,64,128,0.0017311979427534006,0.000182627767860578,"/home/werner/al-benchmark/runs/DNA/evaluate_config_2023-03-01_10-00-44/evaluate_config_8cb60_00001_1_h1=64,h2=64,h3=128,lr=0.0017,weight_decay=0.0002_2023-03-01_10-00-48"
2,0.0006182595308474,0.9249578414839796,1.174475908279419,False,,,50,8cb60_00002,3e9d3aee35244ee7b989ef0b9ec34725,2023-03-01_10-02-13,1677661333,74.06142044067383,2726596,gpu-011,10.1.1.7,74.06142044067383,0,50,0.0046954154968261,16,64,0,0.0018266516678318843,2.248625056544356e-05,"/home/werner/al-benchmark/runs/DNA/evaluate_config_2023-03-01_10-00-44/evaluate_config_8cb60_00002_2_h1=16,h2=64,h3=0,lr=0.0018,weight_decay=0.0000_2023-03-01_10-00-48"
3,0.0024800014134,0.5084317032040472,1.4669833183288574,False,,,50,8cb60_00003,37adc699c3e745929bc1dcee43cc0bbb,2023-03-01_10-02-14,1677661334,74.68624758720398,2726615,gpu-011,10.1.1.7,74.68624758720398,0,50,0.0063130855560302,64,12,16,4.565279239036117e-05,4.4907496856964513e-08,"/home/werner/al-benchmark/runs/DNA/evaluate_config_2023-03-01_10-00-44/evaluate_config_8cb60_00003_3_h1=64,h2=12,h3=16,lr=0.0000,weight_decay=0.0000_2023-03-01_10-00-48"
4,0.0006983293374312,0.927487352445194,1.7044544219970703,False,,,50,8cb60_00004,c7ab16edf8544f11bdbb3a7fbc0a0b0a,2023-03-01_10-02-15,1677661335,75.5313708782196,2726633,gpu-011,10.1.1.7,75.5313708782196,0,50,0.0110771656036376,64,12,0,0.007084840000741591,4.891466134264773e-07,"/home/werner/al-benchmark/runs/DNA/evaluate_config_2023-03-01_10-00-44/evaluate_config_8cb60_00004_4_h1=64,h2=12,h3=0,lr=0.0071,weight_decay=0.0000_2023-03-01_10-00-48"
5,0.0026107104793567,0.5286677908937606,1.3271760940551758,False,,,50,8cb60_00005,6b6fbd5e75dd4779b7ba8abd0be5fd0b,2023-03-01_10-02-14,1677661334,74.4059669971466,2726642,gpu-011,10.1.1.7,74.4059669971466,0,50,0.0047249794006347,12,64,16,4.5307054516159204e-05,1.7113668880860932e-07,"/home/werner/al-benchmark/runs/DNA/evaluate_config_2023-03-01_10-00-44/evaluate_config_8cb60_00005_5_h1=12,h2=64,h3=16,lr=0.0000,weight_decay=0.0000_2023-03-01_10-00-48"
6,0.0027931336608745,0.2622259696458685,1.484339714050293,False,,,50,8cb60_00006,3dbd461fd50d47bebb8f969c10bd6d6f,2023-03-01_10-02-17,1677661337,78.09485936164856,2726647,gpu-011,10.1.1.7,78.09485936164856,0,50,0.0079271793365478,32,0,64,3.0349566161921227e-06,7.013678260230847e-06,"/home/werner/al-benchmark/runs/DNA/evaluate_config_2023-03-01_10-00-44/evaluate_config_8cb60_00006_6_h1=32,h2=0,h3=64,lr=0.0000,weight_decay=0.0000_2023-03-01_10-00-48"
7,0.0006126376468857,0.920741989881956,1.1959550380706787,False,,,50,8cb60_00007,ffc2bee7b29c41e2986d9851a3d2e953,2023-03-01_10-02-15,1677661335,74.52318167686462,2726648,gpu-011,10.1.1.7,74.52318167686462,0,50,0.0039021968841552,8,12,64,0.004250192325744989,0.00012956497992774939,"/home/werner/al-benchmark/runs/DNA/evaluate_config_2023-03-01_10-00-44/evaluate_config_8cb60_00007_7_h1=8,h2=12,h3=64,lr=0.0043,weight_decay=0.0001_2023-03-01_10-00-48"
8,0.000790020240499,0.9114671163575042,1.3365201950073242,False,,,50,8cb60_00008,722316ec3c114bcbb330031001445b77,2023-03-01_10-02-15,1677661335,75.78715538978577,2726649,gpu-011,10.1.1.7,75.78715538978577,0,50,0.0055062770843505,8,32,16,0.04670999936848254,3.789477532020959e-05,"/home/werner/al-benchmark/runs/DNA/evaluate_config_2023-03-01_10-00-44/evaluate_config_8cb60_00008_8_h1=8,h2=32,h3=16,lr=0.0467,weight_decay=0.0000_2023-03-01_10-00-48"
9,0.0018661644366298,0.7141652613827993,1.3052833080291748,False,,,50,8cb60_00009,8a5e0a2da7d54d3b8078b1a5e108a3c0,2023-03-01_10-02-18,1677661338,78.84799098968506,2726650,gpu-011,10.1.1.7,78.84799098968506,0,50,0.0042462348937988,64,16,64,8.89221401369498e-05,1.0400086191998865e-07,"/home/werner/al-benchmark/runs/DNA/evaluate_config_2023-03-01_10-00-44/evaluate_config_8cb60_00009_9_h1=64,h2=16,h3=64,lr=0.0001,weight_decay=0.0000_2023-03-01_10-00-48"
10,0.0027574629445904,0.2554806070826307,1.5381460189819336,False,,,50,8cb60_00010,c3be2a5eef82421c9e7421f2165f5539,2023-03-01_10-02-15,1677661335,75.76764917373657,2726651,gpu-011,10.1.1.7,75.76764917373657,0,50,0.0076527595520019,32,12,64,5.997627261093406e-06,7.778504643540614e-08,"/home/werner/al-benchmark/runs/DNA/evaluate_config_2023-03-01_10-00-44/evaluate_config_8cb60_00010_10_h1=32,h2=12,h3=64,lr=0.0000,weight_decay=0.0000_2023-03-01_10-00-48"
11,0.0027573977111764,0.5084317032040472,1.697329044342041,False,,,50,8cb60_00011,4bdc2828433e4b358cc28dbfd3849161,2023-03-01_10-02-19,1677661339,79.3349301815033,2726653,gpu-011,10.1.1.7,79.3349301815033,0,50,0.011775255203247,64,16,128,1.6724219177130421e-06,0.00032879196786022224,"/home/werner/al-benchmark/runs/DNA/evaluate_config_2023-03-01_10-00-44/evaluate_config_8cb60_00011_11_h1=64,h2=16,h3=128,lr=0.0000,weight_decay=0.0003_2023-03-01_10-00-48"
12,0.000615831232091,0.915682967959528,1.673289775848389,False,,,50,8cb60_00012,c978fd7f006b4d6b898c0793a43b2426,2023-03-01_10-02-18,1677661338,78.91394305229187,2726672,gpu-011,10.1.1.7,78.91394305229187,0,50,0.0102055072784423,12,32,128,0.0003629617838911954,6.252482932989071e-07,"/home/werner/al-benchmark/runs/DNA/evaluate_config_2023-03-01_10-00-44/evaluate_config_8cb60_00012_12_h1=12,h2=32,h3=128,lr=0.0004,weight_decay=0.0000_2023-03-01_10-00-48"
13,0.0028236325434448,0.236087689713322,1.5440540313720703,False,,,50,8cb60_00013,b3857fa435d84f0491d079b65da68535,2023-03-01_10-02-15,1677661335,75.00851893424988,2726690,gpu-011,10.1.1.7,75.00851893424988,0,50,0.0076868534088134,16,64,64,2.7590357559614146e-06,6.715819735507168e-08,"/home/werner/al-benchmark/runs/DNA/evaluate_config_2023-03-01_10-00-44/evaluate_config_8cb60_00013_13_h1=16,h2=64,h3=64,lr=0.0000,weight_decay=0.0000_2023-03-01_10-00-48"
14,0.0004546509122768,0.9308600337268128,1.4516839981079102,False,,,50,8cb60_00014,b1ae8ad33c8444f2a7525e467276724c,2023-03-01_10-02-16,1677661336,75.79100680351257,2726692,gpu-011,10.1.1.7,75.79100680351257,0,50,0.0076756477355957,12,0,32,0.0016592870866167153,0.0008474691368616875,"/home/werner/al-benchmark/runs/DNA/evaluate_config_2023-03-01_10-00-44/evaluate_config_8cb60_00014_14_h1=12,h2=0,h3=32,lr=0.0017,weight_decay=0.0008_2023-03-01_10-00-48"
15,0.0022246037024068,0.5295109612141653,1.513232707977295,False,,,50,8cb60_00015,47de6bf3ddd240db9ea43bd50f725f97,2023-03-01_10-02-17,1677661337,76.96326875686646,2726694,gpu-011,10.1.1.7,76.96326875686646,0,50,0.004284381866455,32,12,16,0.00015045306663296484,2.2167285263764565e-05,"/home/werner/al-benchmark/runs/DNA/evaluate_config_2023-03-01_10-00-44/evaluate_config_8cb60_00015_15_h1=32,h2=12,h3=16,lr=0.0002,weight_decay=0.0000_2023-03-01_10-00-48"
16,0.0007361097239322,0.9123102866779088,1.498600721359253,False,,,50,8cb60_00016,8379db91e6e94d9e81fab33b3e595120,2023-03-01_10-03-50,1677661430,98.31041717529295,2726525,gpu-011,10.1.1.7,98.31041717529295,0,50,0.0032277107238769,8,0,16,0.0008874761971340005,7.298166677730699e-05,"/home/werner/al-benchmark/runs/DNA/evaluate_config_2023-03-01_10-00-44/evaluate_config_8cb60_00016_16_h1=8,h2=0,h3=16,lr=0.0009,weight_decay=0.0001_2023-03-01_10-02-11"
17,0.0004861010442696,0.9291736930860034,3.1557791233062744,False,,,50,8cb60_00017,3e9d3aee35244ee7b989ef0b9ec34725,2023-03-01_10-03-58,1677661438,104.92524814605711,2726596,gpu-011,10.1.1.7,104.92524814605711,0,50,0.0046954154968261,16,32,32,0.0008711402228258697,0.0001332665610143639,"/home/werner/al-benchmark/runs/DNA/evaluate_config_2023-03-01_10-00-44/evaluate_config_8cb60_00017_17_h1=16,h2=32,h3=32,lr=0.0009,weight_decay=0.0001_2023-03-01_10-02-13"
18,0.0008715652243483,0.927487352445194,1.0504329204559326,False,,,50,8cb60_00018,6b6fbd5e75dd4779b7ba8abd0be5fd0b,2023-03-01_10-03-46,1677661426,92.0083622932434,2726642,gpu-011,10.1.1.7,92.0083622932434,0,50,0.0047249794006347,16,64,0,0.005296039153585741,2.804895105951947e-07,"/home/werner/al-benchmark/runs/DNA/evaluate_config_2023-03-01_10-00-44/evaluate_config_8cb60_00018_18_h1=16,h2=64,h3=0,lr=0.0053,weight_decay=0.0000_2023-03-01_10-02-14"
19,0.0007385632013792,0.9258010118043845,1.4823229312896729,False,,,50,8cb60_00019,37adc699c3e745929bc1dcee43cc0bbb,2023-03-01_10-03-54,1677661434,99.65015196800232,2726615,gpu-011,10.1.1.7,99.65015196800232,0,50,0.0063130855560302,64,12,16,0.011629672965684743,2.3753421090967224e-06,"/home/werner/al-benchmark/runs/DNA/evaluate_config_2023-03-01_10-00-44/evaluate_config_8cb60_00019_19_h1=64,h2=12,h3=16,lr=0.0116,weight_decay=0.0000_2023-03-01_10-02-14"
20,0.002498340998693,0.5084317032040472,2.4382028579711914,False,,,50,8cb60_00020,b3857fa435d84f0491d079b65da68535,2023-03-01_10-03-51,1677661431,95.87715744972228,2726690,gpu-011,10.1.1.7,95.87715744972228,0,50,0.0076868534088134,32,0,128,2.2704786179048157e-05,0.00021969144806899987,"/home/werner/al-benchmark/runs/DNA/evaluate_config_2023-03-01_10-00-44/evaluate_config_8cb60_00020_20_h1=32,h2=0,h3=128,lr=0.0000,weight_decay=0.0002_2023-03-01_10-02-15"
21,0.0006401727563414,0.9047217537942664,1.2859268188476562,False,,,50,8cb60_00021,ffc2bee7b29c41e2986d9851a3d2e953,2023-03-01_10-03-49,1677661429,93.77038717269896,2726648,gpu-011,10.1.1.7,93.77038717269896,0,50,0.0039021968841552,16,64,64,0.09237292877691006,0.0006850319674102285,"/home/werner/al-benchmark/runs/DNA/evaluate_config_2023-03-01_10-00-44/evaluate_config_8cb60_00021_21_h1=16,h2=64,h3=64,lr=0.0924,weight_decay=0.0007_2023-03-01_10-02-15"
22,0.0027303874593159,0.5084317032040472,1.5818212032318115,False,,,50,8cb60_00022,722316ec3c114bcbb330031001445b77,2023-03-01_10-03-47,1677661427,91.96851801872252,2726649,gpu-011,10.1.1.7,91.96851801872252,0,50,0.0055062770843505,32,32,0,4.032856788328291e-06,0.00030503375444496783,"/home/werner/al-benchmark/runs/DNA/evaluate_config_2023-03-01_10-00-44/evaluate_config_8cb60_00022_22_h1=32,h2=32,h3=0,lr=0.0000,weight_decay=0.0003_2023-03-01_10-02-15"
23,0.0027377090807909,0.3136593591905565,1.7494826316833496,False,,,50,8cb60_00023,c7ab16edf8544f11bdbb3a7fbc0a0b0a,2023-03-01_10-03-54,1677661434,98.97512793540956,2726633,gpu-011,10.1.1.7,98.97512793540956,0,50,0.0110771656036376,64,0,0,4.619053875629223e-06,1.4913168778820485e-05,"/home/werner/al-benchmark/runs/DNA/evaluate_config_2023-03-01_10-00-44/evaluate_config_8cb60_00023_23_h1=64,h2=0,h3=0,lr=0.0000,weight_decay=0.0000_2023-03-01_10-02-15"
24,0.0027626666411581,0.2394603709949409,1.3823509216308594,False,,,50,8cb60_00024,c3be2a5eef82421c9e7421f2165f5539,2023-03-01_10-03-52,1677661432,96.77169561386108,2726651,gpu-011,10.1.1.7,96.77169561386108,0,50,0.0076527595520019,64,0,16,1.8845811280548227e-05,6.911934082294606e-08,"/home/werner/al-benchmark/runs/DNA/evaluate_config_2023-03-01_10-00-44/evaluate_config_8cb60_00024_24_h1=64,h2=0,h3=16,lr=0.0000,weight_decay=0.0000_2023-03-01_10-02-15"
25,0.0029211962001922,0.236087689713322,1.6668543815612793,False,,,50,8cb60_00025,b1ae8ad33c8444f2a7525e467276724c,2023-03-01_10-03-51,1677661431,94.94574475288393,2726692,gpu-011,10.1.1.7,94.94574475288393,0,50,0.0076756477355957,12,16,0,5.225092644797513e-06,2.846880034748068e-06,"/home/werner/al-benchmark/runs/DNA/evaluate_config_2023-03-01_10-00-44/evaluate_config_8cb60_00025_25_h1=12,h2=16,h3=0,lr=0.0000,weight_decay=0.0000_2023-03-01_10-02-16"
26,0.0023991294192624,0.5084317032040472,1.4663538932800293,False,,,50,8cb60_00026,47de6bf3ddd240db9ea43bd50f725f97,2023-03-01_10-03-57,1677661437,99.9875864982605,2726694,gpu-011,10.1.1.7,99.9875864982605,0,50,0.004284381866455,12,32,0,7.144873012052187e-05,3.5165807970072805e-05,"/home/werner/al-benchmark/runs/DNA/evaluate_config_2023-03-01_10-00-44/evaluate_config_8cb60_00026_26_h1=12,h2=32,h3=0,lr=0.0001,weight_decay=0.0000_2023-03-01_10-02-17"
27,0.0004360180655981,0.9350758853288365,1.5633206367492676,False,,,50,8cb60_00027,3dbd461fd50d47bebb8f969c10bd6d6f,2023-03-01_10-03-58,1677661438,100.18004417419434,2726647,gpu-011,10.1.1.7,100.18004417419434,0,50,0.0079271793365478,32,32,32,0.001244855146213066,2.3601080866700594e-05,"/home/werner/al-benchmark/runs/DNA/evaluate_config_2023-03-01_10-00-44/evaluate_config_8cb60_00027_27_h1=32,h2=32,h3=32,lr=0.0012,weight_decay=0.0000_2023-03-01_10-02-17"
28,0.0011162483219754,0.9173693086003372,3.189764976501465,False,,,50,8cb60_00028,8a5e0a2da7d54d3b8078b1a5e108a3c0,2023-03-01_10-03-57,1677661437,98.69383788108826,2726650,gpu-011,10.1.1.7,98.69383788108826,0,50,0.0042462348937988,8,0,16,0.08315650735609165,1.0172660257090938e-05,"/home/werner/al-benchmark/runs/DNA/evaluate_config_2023-03-01_10-00-44/evaluate_config_8cb60_00028_28_h1=8,h2=0,h3=16,lr=0.0832,weight_decay=0.0000_2023-03-01_10-02-18"
29,0.0027328839189487,0.5084317032040472,3.358578681945801,False,,,50,8cb60_00029,c978fd7f006b4d6b898c0793a43b2426,2023-03-01_10-03-53,1677661433,94.3716630935669,2726672,gpu-011,10.1.1.7,94.3716630935669,0,50,0.0102055072784423,8,64,128,8.563391861667173e-06,6.619545996031488e-05,"/home/werner/al-benchmark/runs/DNA/evaluate_config_2023-03-01_10-00-44/evaluate_config_8cb60_00029_29_h1=8,h2=64,h3=128,lr=0.0000,weight_decay=0.0001_2023-03-01_10-02-18"
30,0.0008199087157217,0.930016863406408,1.7399847507476809,False,,,50,8cb60_00030,4bdc2828433e4b358cc28dbfd3849161,2023-03-01_10-04-03,1677661443,104.1774516105652,2726653,gpu-011,10.1.1.7,104.1774516105652,0,50,0.011775255203247,12,16,32,0.018114120326273974,1.6711963856894053e-07,"/home/werner/al-benchmark/runs/DNA/evaluate_config_2023-03-01_10-00-44/evaluate_config_8cb60_00030_30_h1=12,h2=16,h3=32,lr=0.0181,weight_decay=0.0000_2023-03-01_10-02-19"
31,0.0027758998774356,0.3052276559865092,1.6309239864349363,False,,,50,8cb60_00031,c2482ab4a7af4a8eb4000d0f731c28a6,2023-03-01_10-03-52,1677661432,91.85659289360046,2726594,gpu-011,10.1.1.7,91.85659289360046,0,50,0.0113015174865722,32,0,64,2.5411982424426807e-06,0.0001398398478450762,"/home/werner/al-benchmark/runs/DNA/evaluate_config_2023-03-01_10-00-44/evaluate_config_8cb60_00031_31_h1=32,h2=0,h3=64,lr=0.0000,weight_decay=0.0001_2023-03-01_10-02-20"
32,0.0027929380611464,0.2554806070826307,1.2743597030639648,False,,,50,8cb60_00032,6b6fbd5e75dd4779b7ba8abd0be5fd0b,2023-03-01_10-05-05,1677661505,78.81520390510559,2726642,gpu-011,10.1.1.7,78.81520390510559,0,50,0.0047249794006347,64,64,128,3.964496806998948e-06,1.7539936927025065e-05,"/home/werner/al-benchmark/runs/DNA/evaluate_config_2023-03-01_10-00-44/evaluate_config_8cb60_00032_32_h1=64,h2=64,h3=128,lr=0.0000,weight_decay=0.0000_2023-03-01_10-03-46"
33,0.0028533076154441,0.2554806070826307,1.4951777458190918,False,,,50,8cb60_00033,722316ec3c114bcbb330031001445b77,2023-03-01_10-05-01,1677661501,74.46097922325134,2726649,gpu-011,10.1.1.7,74.46097922325134,0,50,0.0055062770843505,8,64,0,1.3432729659409032e-06,1.2189255591827278e-08,"/home/werner/al-benchmark/runs/DNA/evaluate_config_2023-03-01_10-00-44/evaluate_config_8cb60_00033_33_h1=8,h2=64,h3=0,lr=0.0000,weight_decay=0.0000_2023-03-01_10-03-47"
34,0.0020848388012504,0.6070826306913997,1.476264715194702,False,,,50,8cb60_00034,ffc2bee7b29c41e2986d9851a3d2e953,2023-03-01_10-05-02,1677661502,73.64258813858032,2726648,gpu-011,10.1.1.7,73.64258813858032,0,50,0.0039021968841552,16,32,0,8.753828943188533e-05,8.46176432286449e-06,"/home/werner/al-benchmark/runs/DNA/evaluate_config_2023-03-01_10-00-44/evaluate_config_8cb60_00034_34_h1=16,h2=32,h3=0,lr=0.0001,weight_decay=0.0000_2023-03-01_10-03-49"
35,0.0023882375499249,0.5084317032040472,1.5624639987945557,False,,,50,8cb60_00035,8379db91e6e94d9e81fab33b3e595120,2023-03-01_10-05-06,1677661506,75.76372981071472,2726525,gpu-011,10.1.1.7,75.76372981071472,0,50,0.0032277107238769,16,0,16,4.9533622672585424e-05,6.340776819239499e-07,"/home/werner/al-benchmark/runs/DNA/evaluate_config_2023-03-01_10-00-44/evaluate_config_8cb60_00035_35_h1=16,h2=0,h3=16,lr=0.0000,weight_decay=0.0000_2023-03-01_10-03-50"
36,0.0004769633657614,0.9308600337268128,1.6765618324279783,False,,,50,8cb60_00036,b3857fa435d84f0491d079b65da68535,2023-03-01_10-05-08,1677661508,76.79013085365295,2726690,gpu-011,10.1.1.7,76.79013085365295,0,50,0.0076868534088134,12,64,64,0.001587035329459293,8.578434461841366e-08,"/home/werner/al-benchmark/runs/DNA/evaluate_config_2023-03-01_10-00-44/evaluate_config_8cb60_00036_36_h1=12,h2=64,h3=64,lr=0.0016,weight_decay=0.0000_2023-03-01_10-03-51"
37,0.002047336774974,0.5910623946037099,1.2114591598510742,False,,,50,8cb60_00037,b1ae8ad33c8444f2a7525e467276724c,2023-03-01_10-05-05,1677661505,73.34584021568298,2726692,gpu-011,10.1.1.7,73.34584021568298,0,50,0.0076756477355957,12,0,32,0.00010339156788951159,6.053645143671224e-08,"/home/werner/al-benchmark/runs/DNA/evaluate_config_2023-03-01_10-00-44/evaluate_config_8cb60_00037_37_h1=12,h2=0,h3=32,lr=0.0001,weight_decay=0.0000_2023-03-01_10-03-51"
38,0.0004293325327299,0.9401349072512648,2.01862907409668,False,,,50,8cb60_00038,c2482ab4a7af4a8eb4000d0f731c28a6,2023-03-01_10-05-09,1677661509,77.54965448379517,2726594,gpu-011,10.1.1.7,77.54965448379517,0,50,0.0113015174865722,64,32,16,0.0014363268290994327,0.0004356214684113458,"/home/werner/al-benchmark/runs/DNA/evaluate_config_2023-03-01_10-00-44/evaluate_config_8cb60_00038_38_h1=64,h2=32,h3=16,lr=0.0014,weight_decay=0.0004_2023-03-01_10-03-52"
39,0.0026470993662765,0.5084317032040472,1.6801984310150146,False,,,50,8cb60_00039,c3be2a5eef82421c9e7421f2165f5539,2023-03-01_10-05-09,1677661509,76.38627123832703,2726651,gpu-011,10.1.1.7,76.38627123832703,0,50,0.0076527595520019,32,16,32,3.669989494958507e-05,0.0002635994450885646,"/home/werner/al-benchmark/runs/DNA/evaluate_config_2023-03-01_10-00-44/evaluate_config_8cb60_00039_39_h1=32,h2=16,h3=32,lr=0.0000,weight_decay=0.0003_2023-03-01_10-03-52"
40,0.0004449153529451,0.9401349072512648,1.375701904296875,False,,,50,8cb60_00040,c978fd7f006b4d6b898c0793a43b2426,2023-03-01_10-05-16,1677661516,83.1441240310669,2726672,gpu-011,10.1.1.7,83.1441240310669,0,50,0.0102055072784423,32,32,16,0.001640765925172248,2.715309472291234e-07,"/home/werner/al-benchmark/runs/DNA/evaluate_config_2023-03-01_10-00-44/evaluate_config_8cb60_00040_40_h1=32,h2=32,h3=16,lr=0.0016,weight_decay=0.0000_2023-03-01_10-03-53"
41,0.0028333844865152,0.2554806070826307,1.463456153869629,False,,,50,8cb60_00041,37adc699c3e745929bc1dcee43cc0bbb,2023-03-01_10-05-11,1677661511,77.39740109443665,2726615,gpu-011,10.1.1.7,77.39740109443665,0,50,0.0063130855560302,32,0,16,6.004819402848674e-06,4.467266413571423e-07,"/home/werner/al-benchmark/runs/DNA/evaluate_config_2023-03-01_10-00-44/evaluate_config_8cb60_00041_41_h1=32,h2=0,h3=16,lr=0.0000,weight_decay=0.0000_2023-03-01_10-03-54"
42,0.0013536549036659,0.7883642495784149,1.242102861404419,False,,,50,8cb60_00042,c7ab16edf8544f11bdbb3a7fbc0a0b0a,2023-03-01_10-05-10,1677661510,76.09257459640503,2726633,gpu-011,10.1.1.7,76.09257459640503,0,50,0.0110771656036376,12,16,0,0.0002947716364817037,1.4906559949018925e-06,"/home/werner/al-benchmark/runs/DNA/evaluate_config_2023-03-01_10-00-44/evaluate_config_8cb60_00042_42_h1=12,h2=16,h3=0,lr=0.0003,weight_decay=0.0000_2023-03-01_10-03-54"
43,0.0026748562341596,0.5084317032040472,1.4149928092956543,False,,,50,8cb60_00043,8a5e0a2da7d54d3b8078b1a5e108a3c0,2023-03-01_10-05-12,1677661512,75.35562133789062,2726650,gpu-011,10.1.1.7,75.35562133789062,0,50,0.0042462348937988,12,0,128,6.500847158717271e-06,1.6464036635873787e-08,"/home/werner/al-benchmark/runs/DNA/evaluate_config_2023-03-01_10-00-44/evaluate_config_8cb60_00043_43_h1=12,h2=0,h3=128,lr=0.0000,weight_decay=0.0000_2023-03-01_10-03-57"
44,0.0004339333227874,0.9376053962900506,1.7386033535003662,False,,,50,8cb60_00044,47de6bf3ddd240db9ea43bd50f725f97,2023-03-01_10-05-17,1677661517,79.5695493221283,2726694,gpu-011,10.1.1.7,79.5695493221283,0,50,0.004284381866455,12,16,16,0.009326356038585192,0.0006002174481021649,"/home/werner/al-benchmark/runs/DNA/evaluate_config_2023-03-01_10-00-44/evaluate_config_8cb60_00044_44_h1=12,h2=16,h3=16,lr=0.0093,weight_decay=0.0006_2023-03-01_10-03-57"
45,0.0006260204350365,0.9283305227655988,1.244678258895874,False,,,50,8cb60_00045,3dbd461fd50d47bebb8f969c10bd6d6f,2023-03-01_10-05-13,1677661513,74.8731746673584,2726647,gpu-011,10.1.1.7,74.8731746673584,0,50,0.0079271793365478,32,0,32,0.003688429429256761,7.920959201072174e-08,"/home/werner/al-benchmark/runs/DNA/evaluate_config_2023-03-01_10-00-44/evaluate_config_8cb60_00045_45_h1=32,h2=0,h3=32,lr=0.0037,weight_decay=0.0000_2023-03-01_10-03-58"
46,0.0008156396586818,0.9291736930860034,1.6254022121429443,False,,,50,8cb60_00046,3e9d3aee35244ee7b989ef0b9ec34725,2023-03-01_10-05-15,1677661515,76.71238708496094,2726596,gpu-011,10.1.1.7,76.71238708496094,0,50,0.0046954154968261,12,64,0,0.004850027331269284,1.689597917972139e-05,"/home/werner/al-benchmark/runs/DNA/evaluate_config_2023-03-01_10-00-44/evaluate_config_8cb60_00046_46_h1=12,h2=64,h3=0,lr=0.0049,weight_decay=0.0000_2023-03-01_10-03-58"
47,0.0011587815381222,0.9131534569983136,1.6815268993377686,False,,,50,8cb60_00047,4bdc2828433e4b358cc28dbfd3849161,2023-03-01_10-05-19,1677661519,76.0356035232544,2726653,gpu-011,10.1.1.7,76.0356035232544,0,50,0.011775255203247,12,0,32,0.08568582474252229,3.4798966144485367e-08,"/home/werner/al-benchmark/runs/DNA/evaluate_config_2023-03-01_10-00-44/evaluate_config_8cb60_00047_47_h1=12,h2=0,h3=32,lr=0.0857,weight_decay=0.0000_2023-03-01_10-04-03"
48,0.0009088926331389,0.9249578414839796,1.540740728378296,False,,,50,8cb60_00048,722316ec3c114bcbb330031001445b77,2023-03-01_10-06-19,1677661579,77.83144402503967,2726649,gpu-011,10.1.1.7,77.83144402503967,0,50,0.0055062770843505,64,12,64,0.025621701406580304,5.588357954475229e-08,"/home/werner/al-benchmark/runs/DNA/evaluate_config_2023-03-01_10-00-44/evaluate_config_8cb60_00048_48_h1=64,h2=12,h3=64,lr=0.0256,weight_decay=0.0000_2023-03-01_10-05-01"
49,0.0006138014326007,0.9333895446880268,1.7225093841552734,False,,,50,8cb60_00049,ffc2bee7b29c41e2986d9851a3d2e953,2023-03-01_10-06-22,1677661582,79.36626696586609,2726648,gpu-011,10.1.1.7,79.36626696586609,0,50,0.0039021968841552,64,32,64,0.0029734510344282938,9.886276930773334e-07,"/home/werner/al-benchmark/runs/DNA/evaluate_config_2023-03-01_10-00-44/evaluate_config_8cb60_00049_49_h1=64,h2=32,h3=64,lr=0.0030,weight_decay=0.0000_2023-03-01_10-05-02"
50,0.002906054811172,0.2554806070826307,1.870177984237671,False,,,50,8cb60_00050,b1ae8ad33c8444f2a7525e467276724c,2023-03-01_10-06-19,1677661579,74.57432699203491,2726692,gpu-011,10.1.1.7,74.57432699203491,0,50,0.0076756477355957,32,0,16,1.0897096500551842e-06,7.243378058947874e-08,"/home/werner/al-benchmark/runs/DNA/evaluate_config_2023-03-01_10-00-44/evaluate_config_8cb60_00050_50_h1=32,h2=0,h3=16,lr=0.0000,weight_decay=0.0000_2023-03-01_10-05-05"
51,0.0025187075942201,0.5084317032040472,1.657883644104004,False,,,50,8cb60_00051,6b6fbd5e75dd4779b7ba8abd0be5fd0b,2023-03-01_10-06-23,1677661583,78.02917408943176,2726642,gpu-011,10.1.1.7,78.02917408943176,0,50,0.0047249794006347,64,12,128,3.039174709579059e-05,7.276475381482939e-06,"/home/werner/al-benchmark/runs/DNA/evaluate_config_2023-03-01_10-00-44/evaluate_config_8cb60_00051_51_h1=64,h2=12,h3=128,lr=0.0000,weight_decay=0.0000_2023-03-01_10-05-05"
52,0.0027826342976716,0.2715008431703204,1.8075952529907229,False,,,50,8cb60_00052,8379db91e6e94d9e81fab33b3e595120,2023-03-01_10-06-24,1677661584,78.66291499137878,2726525,gpu-011,10.1.1.7,78.66291499137878,0,50,0.0032277107238769,12,64,16,3.0183636075548978e-05,7.293348070346618e-07,"/home/werner/al-benchmark/runs/DNA/evaluate_config_2023-03-01_10-00-44/evaluate_config_8cb60_00052_52_h1=12,h2=64,h3=16,lr=0.0000,weight_decay=0.0000_2023-03-01_10-05-06"
53,0.0007927965052413,0.9384485666104552,1.456822156906128,False,,,50,8cb60_00053,b3857fa435d84f0491d079b65da68535,2023-03-01_10-06-27,1677661587,79.1579749584198,2726690,gpu-011,10.1.1.7,79.1579749584198,0,50,0.0076868534088134,32,16,128,0.07765236691223497,1.2179646422508119e-08,"/home/werner/al-benchmark/runs/DNA/evaluate_config_2023-03-01_10-00-44/evaluate_config_8cb60_00053_53_h1=32,h2=16,h3=128,lr=0.0777,weight_decay=0.0000_2023-03-01_10-05-08"
54,0.002674821958976,0.5084317032040472,1.6693947315216064,False,,,50,8cb60_00054,c3be2a5eef82421c9e7421f2165f5539,2023-03-01_10-06-24,1677661584,75.59628653526306,2726651,gpu-011,10.1.1.7,75.59628653526306,0,50,0.0076527595520019,12,16,0,1.108682160076368e-05,2.1607908455335445e-05,"/home/werner/al-benchmark/runs/DNA/evaluate_config_2023-03-01_10-00-44/evaluate_config_8cb60_00054_54_h1=12,h2=16,h3=0,lr=0.0000,weight_decay=0.0000_2023-03-01_10-05-09"
55,0.002725184566858,0.4350758853288364,1.708707332611084,False,,,50,8cb60_00055,c2482ab4a7af4a8eb4000d0f731c28a6,2023-03-01_10-06-24,1677661584,74.90867447853088,2726594,gpu-011,10.1.1.7,74.90867447853088,0,50,0.0113015174865722,16,0,64,1.7525743409074553e-05,1.6437579007583253e-06,"/home/werner/al-benchmark/runs/DNA/evaluate_config_2023-03-01_10-00-44/evaluate_config_8cb60_00055_55_h1=16,h2=0,h3=64,lr=0.0000,weight_decay=0.0000_2023-03-01_10-05-10"
56,0.0021012297267656,0.6475548060708263,1.274833917617798,False,,,50,8cb60_00056,c7ab16edf8544f11bdbb3a7fbc0a0b0a,2023-03-01_10-06-24,1677661584,73.82343816757202,2726633,gpu-011,10.1.1.7,73.82343816757202,0,50,0.0110771656036376,16,32,0,8.834981111660623e-05,2.231018865879648e-07,"/home/werner/al-benchmark/runs/DNA/evaluate_config_2023-03-01_10-00-44/evaluate_config_8cb60_00056_56_h1=16,h2=32,h3=0,lr=0.0001,weight_decay=0.0000_2023-03-01_10-05-11"
57,0.0022526840737457,0.515177065767285,1.471431016921997,False,,,50,8cb60_00057,37adc699c3e745929bc1dcee43cc0bbb,2023-03-01_10-06-27,1677661587,76.09006381034851,2726615,gpu-011,10.1.1.7,76.09006381034851,0,50,0.0063130855560302,32,0,16,7.740727907012916e-05,0.0004494674621647993,"/home/werner/al-benchmark/runs/DNA/evaluate_config_2023-03-01_10-00-44/evaluate_config_8cb60_00057_57_h1=32,h2=0,h3=16,lr=0.0001,weight_decay=0.0004_2023-03-01_10-05-11"
58,0.0027101294186223,0.5084317032040472,1.2319841384887695,False,,,50,8cb60_00058,8a5e0a2da7d54d3b8078b1a5e108a3c0,2023-03-01_10-06-28,1677661588,75.57190704345703,2726650,gpu-011,10.1.1.7,75.57190704345703,0,50,0.0042462348937988,32,12,16,1.3814768992036466e-06,9.074699637686668e-06,"/home/werner/al-benchmark/runs/DNA/evaluate_config_2023-03-01_10-00-44/evaluate_config_8cb60_00058_58_h1=32,h2=12,h3=16,lr=0.0000,weight_decay=0.0000_2023-03-01_10-05-12"
59,0.0026911378509881,0.5084317032040472,1.5188517570495603,False,,,50,8cb60_00059,3dbd461fd50d47bebb8f969c10bd6d6f,2023-03-01_10-06-28,1677661588,75.07038450241089,2726647,gpu-011,10.1.1.7,75.07038450241089,0,50,0.0079271793365478,8,32,16,3.112025175393944e-05,2.110895640277758e-05,"/home/werner/al-benchmark/runs/DNA/evaluate_config_2023-03-01_10-00-44/evaluate_config_8cb60_00059_59_h1=8,h2=32,h3=16,lr=0.0000,weight_decay=0.0000_2023-03-01_10-05-13"
60,0.0027449886875249,0.5978077571669477,1.7585701942443848,False,,,50,8cb60_00060,3e9d3aee35244ee7b989ef0b9ec34725,2023-03-01_10-06-32,1677661592,77.35000586509705,2726596,gpu-011,10.1.1.7,77.35000586509705,0,50,0.0046954154968261,16,12,16,1.4624897537161962e-05,3.228340433599569e-05,"/home/werner/al-benchmark/runs/DNA/evaluate_config_2023-03-01_10-00-44/evaluate_config_8cb60_00060_60_h1=16,h2=12,h3=16,lr=0.0000,weight_decay=0.0000_2023-03-01_10-05-15"
61,0.0017022395013355,0.7107925801011804,1.7501540184020996,False,,,50,8cb60_00061,c978fd7f006b4d6b898c0793a43b2426,2023-03-01_10-06-31,1677661591,75.02470660209656,2726672,gpu-011,10.1.1.7,75.02470660209656,0,50,0.0102055072784423,16,0,64,0.09506328807232822,4.6609383034504864e-08,"/home/werner/al-benchmark/runs/DNA/evaluate_config_2023-03-01_10-00-44/evaluate_config_8cb60_00061_61_h1=16,h2=0,h3=64,lr=0.0951,weight_decay=0.0000_2023-03-01_10-05-16"
62,0.0026696966631215,0.5109612141652614,1.2619338035583496,False,,,50,8cb60_00062,47de6bf3ddd240db9ea43bd50f725f97,2023-03-01_10-06-29,1677661589,72.67614793777466,2726694,gpu-011,10.1.1.7,72.67614793777466,0,50,0.004284381866455,8,0,16,3.028779179650263e-05,2.7365674738277153e-06,"/home/werner/al-benchmark/runs/DNA/evaluate_config_2023-03-01_10-00-44/evaluate_config_8cb60_00062_62_h1=8,h2=0,h3=16,lr=0.0000,weight_decay=0.0000_2023-03-01_10-05-17"
63,0.0009836491957482,0.9283305227655988,1.4590003490447998,False,,,50,8cb60_00063,4bdc2828433e4b358cc28dbfd3849161,2023-03-01_10-06-37,1677661597,77.77142286300659,2726653,gpu-011,10.1.1.7,77.77142286300659,0,50,0.011775255203247,32,32,64,0.07290522564713366,8.325761842892619e-07,"/home/werner/al-benchmark/runs/DNA/evaluate_config_2023-03-01_10-00-44/evaluate_config_8cb60_00063_63_h1=32,h2=32,h3=64,lr=0.0729,weight_decay=0.0000_2023-03-01_10-05-19"
64,0.0005544262481178,0.9283305227655988,1.7527132034301758,False,,,50,8cb60_00064,b1ae8ad33c8444f2a7525e467276724c,2023-03-01_10-07-34,1677661654,74.51682901382446,2726692,gpu-011,10.1.1.7,74.51682901382446,0,50,0.0076756477355957,8,64,64,0.002382590134163063,6.008622911606315e-06,"/home/werner/al-benchmark/runs/DNA/evaluate_config_2023-03-01_10-00-44/evaluate_config_8cb60_00064_64_h1=8,h2=64,h3=64,lr=0.0024,weight_decay=0.0000_2023-03-01_10-06-19"
65,0.0007383089141942,0.915682967959528,2.050614595413208,False,,,50,8cb60_00065,722316ec3c114bcbb330031001445b77,2023-03-01_10-09-08,1677661748,168.26587867736816,2726649,gpu-011,10.1.1.7,168.26587867736816,0,50,0.0055062770843505,8,64,32,0.0005213693970736015,6.776489742420492e-06,"/home/werner/al-benchmark/runs/DNA/evaluate_config_2023-03-01_10-00-44/evaluate_config_8cb60_00065_65_h1=8,h2=64,h3=32,lr=0.0005,weight_decay=0.0000_2023-03-01_10-06-19"
66,0.0029004190060581,0.236087689713322,0.9584026336669922,False,,,50,8cb60_00066,ffc2bee7b29c41e2986d9851a3d2e953,2023-03-01_10-07-37,1677661657,74.9177668094635,2726648,gpu-011,10.1.1.7,74.9177668094635,0,50,0.0039021968841552,64,32,16,6.805939088925176e-06,2.495581443531472e-08,"/home/werner/al-benchmark/runs/DNA/evaluate_config_2023-03-01_10-00-44/evaluate_config_8cb60_00066_66_h1=64,h2=32,h3=16,lr=0.0000,weight_decay=0.0000_2023-03-01_10-06-22"
67,0.0027449436573716,0.5084317032040472,1.3809757232666016,False,,,50,8cb60_00067,6b6fbd5e75dd4779b7ba8abd0be5fd0b,2023-03-01_10-07-41,1677661661,78.02612590789795,2726642,gpu-011,10.1.1.7,78.02612590789795,0,50,0.0047249794006347,64,64,64,4.615621498018211e-06,4.998422500209092e-05,"/home/werner/al-benchmark/runs/DNA/evaluate_config_2023-03-01_10-00-44/evaluate_config_8cb60_00067_67_h1=64,h2=64,h3=64,lr=0.0000,weight_decay=0.0000_2023-03-01_10-06-23"
68,0.000747359145753,0.9266441821247892,1.3811235427856443,False,,,50,8cb60_00068,8379db91e6e94d9e81fab33b3e595120,2023-03-01_10-07-41,1677661661,76.66750192642212,2726525,gpu-011,10.1.1.7,76.66750192642212,0,50,0.0032277107238769,64,16,32,0.010580071421293878,1.0808780146114431e-07,"/home/werner/al-benchmark/runs/DNA/evaluate_config_2023-03-01_10-00-44/evaluate_config_8cb60_00068_68_h1=64,h2=16,h3=32,lr=0.0106,weight_decay=0.0000_2023-03-01_10-06-24"
69,0.000889211164357,0.9165261382799326,1.8254587650299072,False,,,50,8cb60_00069,c7ab16edf8544f11bdbb3a7fbc0a0b0a,2023-03-01_10-07-42,1677661662,77.97979426383972,2726633,gpu-011,10.1.1.7,77.97979426383972,0,50,0.0110771656036376,64,12,0,0.0002293703219464305,1.8746326604655704e-05,"/home/werner/al-benchmark/runs/DNA/evaluate_config_2023-03-01_10-00-44/evaluate_config_8cb60_00069_69_h1=64,h2=12,h3=0,lr=0.0002,weight_decay=0.0000_2023-03-01_10-06-24"
70,0.0027768703375457,0.236087689713322,1.154970645904541,False,,,50,8cb60_00070,c3be2a5eef82421c9e7421f2165f5539,2023-03-01_10-07-39,1677661659,74.17392945289612,2726651,gpu-011,10.1.1.7,74.17392945289612,0,50,0.0076527595520019,16,16,128,1.2231647984941762e-06,3.1713169534484915e-08,"/home/werner/al-benchmark/runs/DNA/evaluate_config_2023-03-01_10-00-44/evaluate_config_8cb60_00070_70_h1=16,h2=16,h3=128,lr=0.0000,weight_decay=0.0000_2023-03-01_10-06-24"
71,0.0019941074651168,0.5084317032040472,1.6818666458129885,False,,,50,8cb60_00071,c2482ab4a7af4a8eb4000d0f731c28a6,2023-03-01_10-07-41,1677661661,76.7539074420929,2726594,gpu-011,10.1.1.7,76.7539074420929,0,50,0.0113015174865722,64,12,16,0.0001368580044767282,2.5642958842737418e-08,"/home/werner/al-benchmark/runs/DNA/evaluate_config_2023-03-01_10-00-44/evaluate_config_8cb60_00071_71_h1=64,h2=12,h3=16,lr=0.0001,weight_decay=0.0000_2023-03-01_10-06-25"
72,0.00273471829461,0.5084317032040472,1.5518648624420166,False,,,50,8cb60_00072,b3857fa435d84f0491d079b65da68535,2023-03-01_10-07-45,1677661665,78.26079630851746,2726690,gpu-011,10.1.1.7,78.26079630851746,0,50,0.0076868534088134,64,16,16,2.916537399237664e-06,4.5122804527711115e-06,"/home/werner/al-benchmark/runs/DNA/evaluate_config_2023-03-01_10-00-44/evaluate_config_8cb60_00072_72_h1=64,h2=16,h3=16,lr=0.0000,weight_decay=0.0000_2023-03-01_10-06-27"
73,0.0006704072626606,0.9258010118043845,1.851975917816162,False,,,50,8cb60_00073,37adc699c3e745929bc1dcee43cc0bbb,2023-03-01_10-07-44,1677661664,76.57526421546936,2726615,gpu-011,10.1.1.7,76.57526421546936,0,50,0.0063130855560302,12,16,128,0.007459619495900619,0.0004466808613558684,"/home/werner/al-benchmark/runs/DNA/evaluate_config_2023-03-01_10-00-44/evaluate_config_8cb60_00073_73_h1=12,h2=16,h3=128,lr=0.0075,weight_decay=0.0004_2023-03-01_10-06-27"
74,0.0026404300789406,0.5463743676222597,1.603520393371582,False,,,50,8cb60_00074,3dbd461fd50d47bebb8f969c10bd6d6f,2023-03-01_10-07-44,1677661664,75.91644430160522,2726647,gpu-011,10.1.1.7,75.91644430160522,0,50,0.0079271793365478,64,12,0,2.2140232644523903e-05,3.900436789778009e-08,"/home/werner/al-benchmark/runs/DNA/evaluate_config_2023-03-01_10-00-44/evaluate_config_8cb60_00074_74_h1=64,h2=12,h3=0,lr=0.0000,weight_decay=0.0000_2023-03-01_10-06-28"
75,0.0020643048000978,0.602866779089376,1.45910906791687,False,,,50,8cb60_00075,8a5e0a2da7d54d3b8078b1a5e108a3c0,2023-03-01_10-07-43,1677661663,75.41578698158264,2726650,gpu-011,10.1.1.7,75.41578698158264,0,50,0.0042462348937988,32,64,0,6.399039206173311e-05,6.767918277312078e-05,"/home/werner/al-benchmark/runs/DNA/evaluate_config_2023-03-01_10-00-44/evaluate_config_8cb60_00075_75_h1=32,h2=64,h3=0,lr=0.0001,weight_decay=0.0001_2023-03-01_10-06-28"
76,0.0024993343256778,0.5084317032040472,1.80330491065979,False,,,50,8cb60_00076,47de6bf3ddd240db9ea43bd50f725f97,2023-03-01_10-07-44,1677661664,74.41923666000366,2726694,gpu-011,10.1.1.7,74.41923666000366,0,50,0.004284381866455,8,16,32,0.00010059701941940048,1.5150406517396625e-06,"/home/werner/al-benchmark/runs/DNA/evaluate_config_2023-03-01_10-00-44/evaluate_config_8cb60_00076_76_h1=8,h2=16,h3=32,lr=0.0001,weight_decay=0.0000_2023-03-01_10-06-29"
77,0.0026118123109183,0.5084317032040472,1.769190549850464,False,,,50,8cb60_00077,c978fd7f006b4d6b898c0793a43b2426,2023-03-01_10-07-46,1677661666,75.42802572250366,2726672,gpu-011,10.1.1.7,75.42802572250366,0,50,0.0102055072784423,64,16,0,2.0075555607715936e-05,0.0006609651880148282,"/home/werner/al-benchmark/runs/DNA/evaluate_config_2023-03-01_10-00-44/evaluate_config_8cb60_00077_77_h1=64,h2=16,h3=0,lr=0.0000,weight_decay=0.0007_2023-03-01_10-06-31"
78,0.0005065155974125,0.930016863406408,1.961830139160156,False,,,50,8cb60_00078,3e9d3aee35244ee7b989ef0b9ec34725,2023-03-01_10-07-49,1677661669,76.87204647064209,2726596,gpu-011,10.1.1.7,76.87204647064209,0,50,0.0046954154968261,64,32,16,0.003478255940454376,5.211662969168924e-05,"/home/werner/al-benchmark/runs/DNA/evaluate_config_2023-03-01_10-00-44/evaluate_config_8cb60_00078_78_h1=64,h2=32,h3=16,lr=0.0035,weight_decay=0.0001_2023-03-01_10-06-32"
79,0.0010708052834612,0.9173693086003372,1.211416482925415,False,,,50,8cb60_00079,4bdc2828433e4b358cc28dbfd3849161,2023-03-01_10-07-50,1677661670,72.69250726699829,2726653,gpu-011,10.1.1.7,72.69250726699829,0,50,0.011775255203247,12,64,0,0.04456952776213439,8.258500274087136e-08,"/home/werner/al-benchmark/runs/DNA/evaluate_config_2023-03-01_10-00-44/evaluate_config_8cb60_00079_79_h1=12,h2=64,h3=0,lr=0.0446,weight_decay=0.0000_2023-03-01_10-06-37"
80,0.0028118581635151,0.260539629005059,1.6497843265533447,False,,,50,8cb60_00080,b1ae8ad33c8444f2a7525e467276724c,2023-03-01_10-08-49,1677661729,75.13975977897644,2726692,gpu-011,10.1.1.7,75.13975977897644,0,50,0.0076756477355957,16,32,16,6.091031934348668e-06,2.2136100415652545e-06,"/home/werner/al-benchmark/runs/DNA/evaluate_config_2023-03-01_10-00-44/evaluate_config_8cb60_00080_80_h1=16,h2=32,h3=16,lr=0.0000,weight_decay=0.0000_2023-03-01_10-07-34"
81,0.0027700162054515,0.236087689713322,1.5586378574371338,False,,,50,8cb60_00081,ffc2bee7b29c41e2986d9851a3d2e953,2023-03-01_10-08-51,1677661731,74.53299856185913,2726648,gpu-011,10.1.1.7,74.53299856185913,0,50,0.0039021968841552,8,12,64,8.602000854357917e-06,7.785048909511323e-06,"/home/werner/al-benchmark/runs/DNA/evaluate_config_2023-03-01_10-00-44/evaluate_config_8cb60_00081_81_h1=8,h2=12,h3=64,lr=0.0000,weight_decay=0.0000_2023-03-01_10-07-37"
82,0.001668223743696,0.7251264755480608,1.195262432098389,False,,,50,8cb60_00082,c3be2a5eef82421c9e7421f2165f5539,2023-03-01_10-08-56,1677661736,76.9102029800415,2726651,gpu-011,10.1.1.7,76.9102029800415,0,50,0.0076527595520019,64,32,128,9.635164118386915e-05,0.00026674502470846366,"/home/werner/al-benchmark/runs/DNA/evaluate_config_2023-03-01_10-00-44/evaluate_config_8cb60_00082_82_h1=64,h2=32,h3=128,lr=0.0001,weight_decay=0.0003_2023-03-01_10-07-39"
83,0.0021378445183044,0.5261382799325464,1.465848445892334,False,,,50,8cb60_00083,6b6fbd5e75dd4779b7ba8abd0be5fd0b,2023-03-01_10-08-57,1677661737,76.26154565811157,2726642,gpu-011,10.1.1.7,76.26154565811157,0,50,0.0047249794006347,64,0,128,3.8046353785161195e-05,2.2670189124678198e-07,"/home/werner/al-benchmark/runs/DNA/evaluate_config_2023-03-01_10-00-44/evaluate_config_8cb60_00083_83_h1=64,h2=0,h3=128,lr=0.0000,weight_decay=0.0000_2023-03-01_10-07-41"
84,0.0005848564546787,0.9224283305227656,1.256803035736084,False,,,50,8cb60_00084,8379db91e6e94d9e81fab33b3e595120,2023-03-01_10-08-55,1677661735,73.57174587249756,2726525,gpu-011,10.1.1.7,73.57174587249756,0,50,0.0032277107238769,32,12,16,0.0005498586728749327,6.032344821483005e-06,"/home/werner/al-benchmark/runs/DNA/evaluate_config_2023-03-01_10-00-44/evaluate_config_8cb60_00084_84_h1=32,h2=12,h3=16,lr=0.0005,weight_decay=0.0000_2023-03-01_10-07-41"
85,0.0027590698576697,0.2554806070826307,1.436112880706787,False,,,50,8cb60_00085,c2482ab4a7af4a8eb4000d0f731c28a6,2023-03-01_10-08-56,1677661736,74.36542344093323,2726594,gpu-011,10.1.1.7,74.36542344093323,0,50,0.0113015174865722,12,12,16,2.065786038532697e-06,4.957454079036793e-07,"/home/werner/al-benchmark/runs/DNA/evaluate_config_2023-03-01_10-00-44/evaluate_config_8cb60_00085_85_h1=12,h2=12,h3=16,lr=0.0000,weight_decay=0.0000_2023-03-01_10-07-41"
86,0.0006129950988554,0.9038785834738616,1.0254535675048828,False,,,50,8cb60_00086,c7ab16edf8544f11bdbb3a7fbc0a0b0a,2023-03-01_10-09-00,1677661740,77.30143284797668,2726633,gpu-011,10.1.1.7,77.30143284797668,0,50,0.0110771656036376,64,64,16,0.04001297599741935,0.00014634082086296084,"/home/werner/al-benchmark/runs/DNA/evaluate_config_2023-03-01_10-00-44/evaluate_config_8cb60_00086_86_h1=64,h2=64,h3=16,lr=0.0400,weight_decay=0.0001_2023-03-01_10-07-42"
87,0.0023728713116798,0.5084317032040472,1.022740364074707,False,,,50,8cb60_00087,8a5e0a2da7d54d3b8078b1a5e108a3c0,2023-03-01_10-08-59,1677661739,75.7100977897644,2726650,gpu-011,10.1.1.7,75.7100977897644,0,50,0.0042462348937988,8,12,128,5.866464400805797e-05,4.669611852317218e-08,"/home/werner/al-benchmark/runs/DNA/evaluate_config_2023-03-01_10-00-44/evaluate_config_8cb60_00087_87_h1=8,h2=12,h3=128,lr=0.0001,weight_decay=0.0000_2023-03-01_10-07-43"
88,0.0012687177571639,0.8541315345699831,1.6081533432006836,False,,,50,8cb60_00088,3dbd461fd50d47bebb8f969c10bd6d6f,2023-03-01_10-08-58,1677661738,73.86404371261597,2726647,gpu-011,10.1.1.7,73.86404371261597,0,50,0.0079271793365478,16,32,0,0.00023407850994843946,5.956519397504387e-07,"/home/werner/al-benchmark/runs/DNA/evaluate_config_2023-03-01_10-00-44/evaluate_config_8cb60_00088_88_h1=16,h2=32,h3=0,lr=0.0002,weight_decay=0.0000_2023-03-01_10-07-44"
89,0.0007141969758784,0.930016863406408,1.496795415878296,False,,,50,8cb60_00089,47de6bf3ddd240db9ea43bd50f725f97,2023-03-01_10-08-58,1677661738,74.23942732810974,2726694,gpu-011,10.1.1.7,74.23942732810974,0,50,0.004284381866455,16,12,32,0.026343356343358753,9.616847261046625e-08,"/home/werner/al-benchmark/runs/DNA/evaluate_config_2023-03-01_10-00-44/evaluate_config_8cb60_00089_89_h1=16,h2=12,h3=32,lr=0.0263,weight_decay=0.0000_2023-03-01_10-07-44"
90,0.000498347311056,0.9291736930860034,1.3685622215270996,False,,,50,8cb60_00090,37adc699c3e745929bc1dcee43cc0bbb,2023-03-01_10-08-59,1677661739,75.57688403129578,2726615,gpu-011,10.1.1.7,75.57688403129578,0,50,0.0063130855560302,64,12,64,0.001332609001176103,3.7971395957491767e-06,"/home/werner/al-benchmark/runs/DNA/evaluate_config_2023-03-01_10-00-44/evaluate_config_8cb60_00090_90_h1=64,h2=12,h3=64,lr=0.0013,weight_decay=0.0000_2023-03-01_10-07-44"
91,0.000549560038979,0.9266441821247892,1.0502805709838867,False,,,50,8cb60_00091,b3857fa435d84f0491d079b65da68535,2023-03-01_10-08-59,1677661739,74.16956996917725,2726690,gpu-011,10.1.1.7,74.16956996917725,0,50,0.0076868534088134,64,0,64,0.0002804774797889945,2.8973867384440227e-06,"/home/werner/al-benchmark/runs/DNA/evaluate_config_2023-03-01_10-00-44/evaluate_config_8cb60_00091_91_h1=64,h2=0,h3=64,lr=0.0003,weight_decay=0.0000_2023-03-01_10-07-45"
92,0.0027028288045178,0.5084317032040472,0.9562599658966064,False,,,50,8cb60_00092,c978fd7f006b4d6b898c0793a43b2426,2023-03-01_10-09-02,1677661742,75.30691194534302,2726672,gpu-011,10.1.1.7,75.30691194534302,0,50,0.0102055072784423,64,64,32,4.555007083426647e-06,1.4491630174148948e-08,"/home/werner/al-benchmark/runs/DNA/evaluate_config_2023-03-01_10-00-44/evaluate_config_8cb60_00092_92_h1=64,h2=64,h3=32,lr=0.0000,weight_decay=0.0000_2023-03-01_10-07-47"
93,0.0007318478536243,0.9283305227655988,0.6115086078643799,False,,,50,8cb60_00093,3e9d3aee35244ee7b989ef0b9ec34725,2023-03-01_10-09-03,1677661743,73.68605136871338,2726596,gpu-011,10.1.1.7,73.68605136871338,0,50,0.0046954154968261,32,32,64,0.005989864113960651,4.355843464055591e-06,"/home/werner/al-benchmark/runs/DNA/evaluate_config_2023-03-01_10-00-44/evaluate_config_8cb60_00093_93_h1=32,h2=32,h3=64,lr=0.0060,weight_decay=0.0000_2023-03-01_10-07-49"
94,0.0017799852167776,0.6593591905564924,0.9758737087249756,False,,,50,8cb60_00094,4bdc2828433e4b358cc28dbfd3849161,2023-03-01_10-09-01,1677661741,71.45923805236816,2726653,gpu-011,10.1.1.7,71.45923805236816,0,50,0.011775255203247,32,64,0,8.443520864932635e-05,4.699102781240154e-08,"/home/werner/al-benchmark/runs/DNA/evaluate_config_2023-03-01_10-00-44/evaluate_config_8cb60_00094_94_h1=32,h2=64,h3=0,lr=0.0001,weight_decay=0.0000_2023-03-01_10-07-50"
95,0.0028703613787839,0.236087689713322,0.6640594005584717,False,,,50,8cb60_00095,b1ae8ad33c8444f2a7525e467276724c,2023-03-01_10-09-26,1677661766,37.311652421951294,2726692,gpu-011,10.1.1.7,37.311652421951294,0,50,0.0076756477355957,8,0,16,4.249040323698215e-06,1.884742513332021e-05,"/home/werner/al-benchmark/runs/DNA/evaluate_config_2023-03-01_10-00-44/evaluate_config_8cb60_00095_95_h1=8,h2=0,h3=16,lr=0.0000,weight_decay=0.0000_2023-03-01_10-08-49"
96,0.0012731711940861,0.9291736930860034,0.467210054397583,False,,,50,8cb60_00096,ffc2bee7b29c41e2986d9851a3d2e953,2023-03-01_10-09-22,1677661762,30.94326400756836,2726648,gpu-011,10.1.1.7,30.94326400756836,0,50,0.0039021968841552,12,16,32,0.07012860441406599,2.523003361895574e-08,"/home/werner/al-benchmark/runs/DNA/evaluate_config_2023-03-01_10-00-44/evaluate_config_8cb60_00096_96_h1=12,h2=16,h3=32,lr=0.0701,weight_decay=0.0000_2023-03-01_10-08-51"
97,0.0004292645100598,0.9317032040472176,0.3205883502960205,False,,,50,8cb60_00097,8379db91e6e94d9e81fab33b3e595120,2023-03-01_10-09-28,1677661768,33.79863166809082,2726525,gpu-011,10.1.1.7,33.79863166809082,0,50,0.0032277107238769,12,64,128,0.0010476525906408355,2.137907494928152e-07,"/home/werner/al-benchmark/runs/DNA/evaluate_config_2023-03-01_10-00-44/evaluate_config_8cb60_00097_97_h1=12,h2=64,h3=128,lr=0.0010,weight_decay=0.0000_2023-03-01_10-08-55"
98,0.0023527101662267,0.5084317032040472,0.3768894672393799,False,,,50,8cb60_00098,c3be2a5eef82421c9e7421f2165f5539,2023-03-01_10-09-28,1677661768,31.998211145401,2726651,gpu-011,10.1.1.7,31.998211145401,0,50,0.0076527595520019,8,64,128,6.0065115279837984e-05,1.6214543960083806e-06,"/home/werner/al-benchmark/runs/DNA/evaluate_config_2023-03-01_10-00-44/evaluate_config_8cb60_00098_98_h1=8,h2=64,h3=128,lr=0.0001,weight_decay=0.0000_2023-03-01_10-08-56"
99,0.0027303072493554,0.5084317032040472,0.4773042201995849,False,,,50,8cb60_00099,c2482ab4a7af4a8eb4000d0f731c28a6,2023-03-01_10-09-27,1677661767,31.082712650299072,2726594,gpu-011,10.1.1.7,31.082712650299072,0,50,0.0113015174865722,16,64,32,4.31462460988016e-06,1.0304627847828082e-08,"/home/werner/al-benchmark/runs/DNA/evaluate_config_2023-03-01_10-00-44/evaluate_config_8cb60_00099_99_h1=16,h2=64,h3=32,lr=0.0000,weight_decay=0.0000_2023-03-01_10-08-56"
