,labeled points,sample size,ram,time
0,1000,100,4.821933746337891,0.4352104663848877
1,1001,100,4.8253326416015625,0.43278932571411133
2,1002,100,4.825584411621094,0.4284987449645996
3,1003,100,4.825584411621094,0.4272785186767578
4,1004,100,4.825702667236328,0.4329493045806885
5,1005,100,4.825702667236328,0.4362819194793701
6,1006,100,4.825702667236328,0.4347386360168457
7,1007,100,4.825702667236328,0.4314558506011963
8,1008,100,4.825702667236328,0.4346132278442383
9,1009,100,4.825702667236328,0.4356250762939453
10,1010,100,4.825702667236328,0.4338531494140625
11,1011,100,4.825702667236328,0.43607258796691895
12,1012,100,4.825702667236328,0.4382750988006592
13,1013,100,4.825702667236328,0.4382202625274658
14,1014,100,4.825702667236328,0.43480348587036133
15,1015,100,4.825702667236328,0.4350745677947998
16,1016,100,4.825702667236328,0.4386918544769287
17,1017,100,4.825702667236328,0.44188666343688965
18,1018,100,4.825702667236328,0.43435215950012207
19,1019,100,4.825702667236328,0.44301390647888184
20,1020,100,4.825702667236328,0.4413158893585205
21,1021,100,4.825702667236328,0.4423809051513672
22,1022,100,4.825702667236328,0.43712472915649414
23,1023,100,4.825702667236328,0.4360475540161133
24,1024,100,4.825702667236328,0.4415273666381836
25,1025,100,4.825702667236328,0.4439125061035156
26,1026,100,4.825702667236328,0.4447288513183594
27,1027,100,4.825702667236328,0.4465913772583008
28,1028,100,4.825702667236328,0.446183443069458
29,1029,100,4.825702667236328,0.4450411796569824
30,1030,100,4.825702667236328,0.44707584381103516
31,1031,100,4.825702667236328,0.44674110412597656
32,1032,100,4.825702667236328,0.44645023345947266
33,1033,100,4.825702667236328,0.44768357276916504
34,1034,100,4.825702667236328,0.44695115089416504
35,1035,100,4.825702667236328,0.4462580680847168
36,1036,100,4.825702667236328,0.4478113651275635
37,1037,100,4.825702667236328,0.4446840286254883
38,1038,100,4.825702667236328,0.4483318328857422
39,1039,100,4.825702667236328,0.44910693168640137
40,1040,100,4.827579498291016,0.45057177543640137
41,1041,100,4.827579498291016,0.44941139221191406
42,1042,100,4.827579498291016,0.45221376419067383
43,1043,100,4.827579498291016,0.4499509334564209
44,1044,100,4.827579498291016,0.44986462593078613
45,1045,100,4.827579498291016,0.45162296295166016
46,1046,100,4.827579498291016,0.4494056701660156
47,1047,100,4.827579498291016,0.4493443965911865
48,1048,100,4.827579498291016,0.44947338104248047
49,1049,100,4.827579498291016,0.45398664474487305
50,1050,100,4.827579498291016,0.4509451389312744
51,1051,100,4.827579498291016,0.4534890651702881
52,1052,100,4.827579498291016,0.4523277282714844
53,1053,100,4.827579498291016,0.45200252532958984
54,1054,100,4.827579498291016,0.45263195037841797
55,1055,100,4.827579498291016,0.4532487392425537
56,1056,100,4.827579498291016,0.45183491706848145
57,1057,100,4.827579498291016,0.5208132266998291
58,1058,100,4.827579498291016,0.45427846908569336
59,1059,100,4.827579498291016,0.4539334774017334
60,1060,100,4.827579498291016,0.4553959369659424
61,1061,100,4.827579498291016,0.4521510601043701
62,1062,100,4.827579498291016,0.4537339210510254
63,1063,100,4.827579498291016,0.45305967330932617
64,1064,100,4.827579498291016,0.4541161060333252
65,1065,100,4.827579498291016,0.4555201530456543
66,1066,100,4.827579498291016,0.4548816680908203
67,1067,100,4.827579498291016,0.4553251266479492
68,1068,100,4.827579498291016,0.4540560245513916
69,1069,100,4.827579498291016,0.45537281036376953
70,1070,100,4.827579498291016,0.4546818733215332
71,1071,100,4.827579498291016,0.45799970626831055
72,1072,100,4.827579498291016,0.4559481143951416
73,1073,100,4.827579498291016,0.45674777030944824
74,1074,100,4.827579498291016,0.45633459091186523
75,1075,100,4.827579498291016,0.45786595344543457
76,1076,100,4.827579498291016,0.4571962356567383
77,1077,100,4.827579498291016,0.4578392505645752
78,1078,100,4.827579498291016,0.45760416984558105
79,1079,100,4.827579498291016,0.4600999355316162
80,1080,100,4.827579498291016,0.46067285537719727
81,1081,100,4.827579498291016,0.46011781692504883
82,1082,100,4.827579498291016,0.45978713035583496
83,1083,100,4.827579498291016,0.4596257209777832
84,1084,100,4.827579498291016,0.46075987815856934
85,1085,100,4.827579498291016,0.458803653717041
86,1086,100,4.827579498291016,0.45980286598205566
87,1087,100,4.827579498291016,0.4593231678009033
88,1088,100,4.827579498291016,0.458526611328125
89,1089,100,4.827579498291016,0.459766149520874
90,1090,100,4.827579498291016,0.4614276885986328
91,1091,100,4.827579498291016,0.45954179763793945
92,1092,100,4.827579498291016,0.460939884185791
93,1093,100,4.827579498291016,0.46091771125793457
94,1094,100,4.827579498291016,0.46117162704467773
95,1095,100,4.827579498291016,0.459362268447876
96,1096,100,4.827579498291016,0.46222829818725586
97,1097,100,4.827579498291016,0.46480774879455566
98,1098,100,4.827579498291016,0.4619567394256592
99,1099,100,4.827579498291016,0.4613044261932373
100,1100,100,4.827579498291016,0.4622979164123535
101,1101,100,4.827579498291016,0.4633779525756836
102,1102,100,4.827579498291016,0.4632914066314697
103,1103,100,4.827579498291016,0.462923526763916
104,1104,100,4.827579498291016,0.4661848545074463
105,1105,100,4.827579498291016,0.4648277759552002
106,1106,100,4.827579498291016,0.4617595672607422
107,1107,100,4.827579498291016,0.46456122398376465
108,1108,100,4.827579498291016,0.4652729034423828
109,1109,100,4.827579498291016,0.46660947799682617
110,1110,100,4.827579498291016,0.4648723602294922
111,1111,100,4.827579498291016,0.46617579460144043
112,1112,100,4.827579498291016,0.4674975872039795
113,1113,100,4.827579498291016,0.4652996063232422
114,1114,100,4.827579498291016,0.46412158012390137
115,1115,100,4.827579498291016,0.46629858016967773
116,1116,100,4.827579498291016,0.46714019775390625
117,1117,100,4.827579498291016,0.46855759620666504
118,1118,100,4.827579498291016,0.46495747566223145
119,1119,100,4.827579498291016,0.46593499183654785
120,1120,100,4.827579498291016,0.46896815299987793
121,1121,100,4.827579498291016,0.4683413505554199
122,1122,100,4.827579498291016,0.4678218364715576
123,1123,100,4.827579498291016,0.4699573516845703
124,1124,100,4.827579498291016,0.469959020614624
125,1125,100,4.827579498291016,0.4681568145751953
126,1126,100,4.827579498291016,0.4659237861633301
127,1127,100,4.827579498291016,0.46671414375305176
128,1128,100,4.827579498291016,0.47120141983032227
129,1129,100,4.827579498291016,0.4709808826446533
130,1130,100,4.827579498291016,0.4691753387451172
131,1131,100,4.827579498291016,0.4692251682281494
132,1132,100,4.827579498291016,0.47042059898376465
133,1133,100,4.827579498291016,0.4714028835296631
134,1134,100,4.827579498291016,0.4716987609863281
135,1135,100,4.827579498291016,0.4723935127258301
136,1136,100,4.827579498291016,0.4735393524169922
137,1137,100,4.827579498291016,0.4730367660522461
138,1138,100,4.827579498291016,0.4697539806365967
139,1139,100,4.827579498291016,0.46884799003601074
140,1140,100,4.827579498291016,0.4721035957336426
141,1141,100,4.827579498291016,0.4717519283294678
142,1142,100,4.827579498291016,0.4718203544616699
143,1143,100,4.827579498291016,0.473346471786499
144,1144,100,4.827579498291016,0.47231006622314453
145,1145,100,4.827579498291016,0.4709205627441406
146,1146,100,4.827579498291016,0.47083044052124023
147,1147,100,4.827579498291016,0.47080159187316895
148,1148,100,4.827579498291016,0.47367334365844727
149,1149,100,4.827579498291016,0.4753749370574951
150,1150,100,4.827579498291016,0.4726603031158447
151,1151,100,4.827579498291016,0.4770629405975342
152,1152,100,4.827579498291016,0.4758951663970947
153,1153,100,4.827579498291016,0.47609376907348633
154,1154,100,4.827579498291016,0.47382235527038574
155,1155,100,4.827579498291016,0.47150301933288574
156,1156,100,4.827579498291016,0.4757843017578125
157,1157,100,4.827579498291016,0.4748222827911377
158,1158,100,4.827579498291016,0.47438502311706543
159,1159,100,4.827579498291016,0.47269392013549805
160,1160,100,4.827579498291016,0.4751131534576416
161,1161,100,4.827579498291016,0.47666144371032715
162,1162,100,4.827579498291016,0.47463226318359375
163,1163,100,4.827579498291016,0.47477197647094727
164,1164,100,4.827579498291016,0.47879838943481445
165,1165,100,4.827579498291016,0.4765634536743164
166,1166,100,4.827579498291016,0.4747042655944824
167,1167,100,4.827579498291016,0.47850751876831055
168,1168,100,4.827579498291016,0.4743013381958008
169,1169,100,4.827579498291016,0.4802582263946533
170,1170,100,4.827579498291016,0.4768190383911133
171,1171,100,4.827579498291016,0.47791457176208496
172,1172,100,4.827579498291016,0.4781670570373535
173,1173,100,4.827579498291016,0.4793355464935303
174,1174,100,4.827579498291016,0.4765784740447998
175,1175,100,4.827579498291016,0.4781203269958496
176,1176,100,4.827579498291016,0.4798610210418701
177,1177,100,4.827579498291016,0.48227930068969727
178,1178,100,4.827579498291016,0.4773061275482178
179,1179,100,4.827579498291016,0.47809934616088867
180,1180,100,4.827579498291016,0.48128843307495117
181,1181,100,4.827579498291016,0.48195672035217285
182,1182,100,4.827579498291016,0.47794485092163086
183,1183,100,4.827579498291016,0.4795091152191162
184,1184,100,4.827579498291016,0.4804208278656006
185,1185,100,4.827579498291016,0.48193788528442383
186,1186,100,4.827579498291016,0.4794301986694336
187,1187,100,4.827579498291016,0.4799823760986328
188,1188,100,4.827579498291016,0.4817368984222412
189,1189,100,4.827579498291016,0.4832601547241211
190,1190,100,4.827579498291016,0.48006296157836914
191,1191,100,4.827579498291016,0.47960972785949707
192,1192,100,4.827579498291016,0.4856870174407959
193,1193,100,4.827579498291016,0.4835853576660156
194,1194,100,4.827579498291016,0.48052406311035156
195,1195,100,4.827579498291016,0.48284411430358887
196,1196,100,4.827579498291016,0.4831247329711914
197,1197,100,4.827579498291016,0.4834303855895996
198,1198,100,4.827579498291016,0.48291850090026855
199,1199,100,4.827579498291016,0.4809243679046631
200,1200,100,4.827579498291016,0.48445725440979004
201,1201,100,4.827579498291016,0.4858663082122803
202,1202,100,4.827579498291016,0.48346972465515137
203,1203,100,4.827579498291016,0.4830515384674072
204,1204,100,4.827579498291016,0.48787379264831543
205,1205,100,4.827579498291016,0.49211907386779785
206,1206,100,4.827579498291016,0.48279690742492676
207,1207,100,4.827579498291016,0.4829685688018799
208,1208,100,4.827579498291016,0.4865224361419678
209,1209,100,4.827579498291016,0.48680996894836426
210,1210,100,4.827579498291016,0.48406219482421875
211,1211,100,4.827579498291016,0.48543310165405273
212,1212,100,4.827579498291016,0.4867286682128906
213,1213,100,4.827579498291016,0.4867985248565674
214,1214,100,4.827579498291016,0.4829885959625244
215,1215,100,4.827579498291016,0.4852471351623535
216,1216,100,4.827579498291016,0.4885845184326172
217,1217,100,4.827579498291016,0.5064871311187744
218,1218,100,4.827579498291016,0.5054869651794434
219,1219,100,4.827579498291016,0.504875898361206
220,1220,100,4.827579498291016,0.508263111114502
221,1221,100,4.827579498291016,0.5084776878356934
222,1222,100,4.827579498291016,0.5067558288574219
223,1223,100,4.827579498291016,0.5078263282775879
224,1224,100,4.827579498291016,0.5092763900756836
225,1225,100,4.827579498291016,0.5096938610076904
226,1226,100,4.827579498291016,0.5062980651855469
227,1227,100,4.827579498291016,0.5062108039855957
228,1228,100,4.827579498291016,0.5094125270843506
229,1229,100,4.827579498291016,0.5106024742126465
230,1230,100,4.827579498291016,0.5078256130218506
231,1231,100,4.827579498291016,0.5093340873718262
232,1232,100,4.827579498291016,0.5115890502929688
233,1233,100,4.827579498291016,0.5105271339416504
234,1234,100,4.827579498291016,0.5091676712036133
235,1235,100,4.827579498291016,0.509143590927124
236,1236,100,4.827579498291016,0.5109772682189941
237,1237,100,4.827579498291016,0.5101454257965088
238,1238,100,4.827579498291016,0.5078868865966797
239,1239,100,4.827579498291016,0.5083308219909668
240,1240,100,4.827579498291016,0.5117142200469971
241,1241,100,4.827579498291016,0.5151214599609375
242,1242,100,4.827579498291016,0.5098140239715576
243,1243,100,4.827579498291016,0.5125808715820312
244,1244,100,4.827579498291016,0.5155973434448242
245,1245,100,4.827579498291016,0.5219211578369141
246,1246,100,4.827579498291016,0.5120508670806885
247,1247,100,4.827579498291016,0.5117464065551758
248,1248,100,4.827579498291016,0.5138530731201172
249,1249,100,4.827579498291016,0.5159547328948975
250,1250,100,4.827579498291016,0.5123891830444336
251,1251,100,4.827579498291016,0.5109307765960693
252,1252,100,4.827579498291016,0.5158882141113281
253,1253,100,4.827579498291016,0.5163760185241699
254,1254,100,4.827579498291016,0.5131978988647461
255,1255,100,4.827579498291016,0.5133616924285889
256,1256,100,4.827579498291016,0.5155069828033447
257,1257,100,4.827579498291016,0.5187435150146484
258,1258,100,4.827579498291016,0.5124990940093994
259,1259,100,4.827579498291016,0.5184817314147949
260,1260,100,4.827579498291016,0.518282413482666
261,1261,100,4.827579498291016,0.5210831165313721
262,1262,100,4.827579498291016,0.516470193862915
263,1263,100,4.827579498291016,0.5156295299530029
264,1264,100,4.827579498291016,0.5173828601837158
265,1265,100,4.827579498291016,0.5180323123931885
266,1266,100,4.827579498291016,0.5161342620849609
267,1267,100,4.827579498291016,0.5155062675476074
268,1268,100,4.827579498291016,0.5232975482940674
269,1269,100,4.827579498291016,0.5197947025299072
270,1270,100,4.827579498291016,0.5181376934051514
271,1271,100,4.827579498291016,0.5173842906951904
272,1272,100,4.827579498291016,0.5211572647094727
273,1273,100,4.827579498291016,0.5242414474487305
274,1274,100,4.827579498291016,0.5231273174285889
275,1275,100,4.827579498291016,0.5185611248016357
276,1276,100,4.827579498291016,0.5229012966156006
277,1277,100,4.827579498291016,0.5221505165100098
278,1278,100,4.827579498291016,0.5206589698791504
279,1279,100,4.827579498291016,0.5192952156066895
280,1280,100,4.827579498291016,0.5236196517944336
281,1281,100,4.827579498291016,0.5249643325805664
282,1282,100,4.827579498291016,0.5268981456756592
283,1283,100,4.827579498291016,0.5257031917572021
284,1284,100,4.827579498291016,0.5293130874633789
285,1285,100,4.827579498291016,0.5284216403961182
286,1286,100,4.827579498291016,0.5235066413879395
287,1287,100,4.827579498291016,0.5231969356536865
288,1288,100,4.827579498291016,0.5253002643585205
289,1289,100,4.827579498291016,0.5251073837280273
290,1290,100,4.827579498291016,0.526017427444458
291,1291,100,4.827579498291016,0.5229179859161377
292,1292,100,4.827579498291016,0.5272917747497559
293,1293,100,4.827579498291016,0.5266077518463135
294,1294,100,4.827579498291016,0.5284051895141602
295,1295,100,4.827579498291016,0.5250582695007324
296,1296,100,4.827579498291016,0.5286152362823486
297,1297,100,4.827579498291016,0.5310313701629639
298,1298,100,4.827579498291016,0.5323522090911865
299,1299,100,4.827579498291016,0.5295846462249756
300,1300,100,4.827579498291016,0.5333056449890137
301,1301,100,4.827579498291016,0.5322666168212891
302,1302,100,4.827579498291016,0.5285165309906006
303,1303,100,4.827579498291016,0.5285425186157227
304,1304,100,4.827579498291016,0.5383694171905518
305,1305,100,4.827579498291016,0.5335993766784668
306,1306,100,4.827579498291016,0.5275986194610596
307,1307,100,4.827579498291016,0.5280554294586182
308,1308,100,4.827579498291016,0.5316483974456787
309,1309,100,4.827579498291016,0.5347311496734619
310,1310,100,4.827587127685547,0.5306599140167236
311,1311,100,4.827587127685547,0.5303688049316406
312,1312,100,4.827587127685547,0.5321638584136963
313,1313,100,4.827587127685547,0.5343389511108398
314,1314,100,4.827587127685547,0.5316941738128662
315,1315,100,4.827587127685547,0.5338432788848877
316,1316,100,4.827587127685547,0.5341570377349854
317,1317,100,4.827587127685547,0.5357866287231445
318,1318,100,4.827587127685547,0.5342168807983398
319,1319,100,4.827587127685547,0.5325307846069336
320,1320,100,4.827587127685547,0.5343127250671387
321,1321,100,4.827587127685547,0.5352697372436523
322,1322,100,4.827587127685547,0.5341410636901855
323,1323,100,4.827587127685547,0.5317325592041016
324,1324,100,4.827587127685547,0.5361471176147461
325,1325,100,4.827587127685547,0.5375692844390869
326,1326,100,4.827587127685547,0.5344960689544678
327,1327,100,4.827587127685547,0.5339505672454834
328,1328,100,4.827587127685547,0.5359108448028564
329,1329,100,4.827587127685547,0.5374598503112793
330,1330,100,4.827587127685547,0.5343773365020752
331,1331,100,4.827587127685547,0.536201000213623
332,1332,100,4.827587127685547,0.5376107692718506
333,1333,100,4.827587127685547,0.5377240180969238
334,1334,100,4.827587127685547,0.5386142730712891
335,1335,100,4.827587127685547,0.5391144752502441
336,1336,100,4.827587127685547,0.539820671081543
337,1337,100,4.827587127685547,0.5400679111480713
338,1338,100,4.827587127685547,0.5374772548675537
339,1339,100,4.827587127685547,0.5401499271392822
340,1340,100,4.827587127685547,0.5408923625946045
341,1341,100,4.827587127685547,0.5397384166717529
342,1342,100,4.827587127685547,0.5368642807006836
343,1343,100,4.827587127685547,0.5396063327789307
344,1344,100,4.827587127685547,0.5417380332946777
345,1345,100,4.827587127685547,0.5425550937652588
346,1346,100,4.827587127685547,0.5380733013153076
347,1347,100,4.827587127685547,0.5395166873931885
348,1348,100,4.827587127685547,0.5440402030944824
349,1349,100,4.827587127685547,0.543952226638794
350,1350,100,4.827587127685547,0.5383613109588623
351,1351,100,4.827587127685547,0.5427775382995605
352,1352,100,4.827587127685547,0.5424447059631348
353,1353,100,4.827587127685547,0.5431468486785889
354,1354,100,4.827587127685547,0.5396261215209961
355,1355,100,4.827587127685547,0.54193115234375
356,1356,100,4.827587127685547,0.5452232360839844
357,1357,100,4.827587127685547,0.5455546379089355
358,1358,100,4.827587127685547,0.5424721240997314
359,1359,100,4.827587127685547,0.5408546924591064
360,1360,100,4.827587127685547,0.5474839210510254
361,1361,100,4.8275909423828125,0.5476198196411133
362,1362,100,4.8275909423828125,0.5420715808868408
363,1363,100,4.8275909423828125,0.544034481048584
364,1364,100,4.8275909423828125,0.5440573692321777
365,1365,100,4.8275909423828125,0.5451736450195312
366,1366,100,4.8275909423828125,0.5436406135559082
367,1367,100,4.8275909423828125,0.5438635349273682
368,1368,100,4.8275909423828125,0.5472171306610107
369,1369,100,4.8275909423828125,0.5470607280731201
370,1370,100,4.8275909423828125,0.5437030792236328
371,1371,100,4.8275909423828125,0.54482102394104
372,1372,100,4.8275909423828125,0.5482931137084961
373,1373,100,4.8275909423828125,0.5473768711090088
374,1374,100,4.8275909423828125,0.553119421005249
375,1375,100,4.8275909423828125,0.5453617572784424
376,1376,100,4.8275909423828125,0.5464744567871094
377,1377,100,4.8275909423828125,0.5495412349700928
378,1378,100,4.8275909423828125,0.5481264591217041
379,1379,100,4.8275909423828125,0.5456116199493408
380,1380,100,4.8275909423828125,0.5515611171722412
381,1381,100,4.8275909423828125,0.5497710704803467
382,1382,100,4.8275909423828125,0.5496854782104492
383,1383,100,4.8275909423828125,0.5477991104125977
384,1384,100,4.8275909423828125,0.5522894859313965
385,1385,100,4.8275909423828125,0.5520589351654053
386,1386,100,4.8275909423828125,0.5495100021362305
387,1387,100,4.8275909423828125,0.5481290817260742
388,1388,100,4.8275909423828125,0.5518753528594971
389,1389,100,4.8275909423828125,0.5542480945587158
390,1390,100,4.8275909423828125,0.5486760139465332
391,1391,100,4.8275909423828125,0.5512678623199463
392,1392,100,4.8275909423828125,0.551051139831543
393,1393,100,4.8275909423828125,0.5535135269165039
394,1394,100,4.8275909423828125,0.5500104427337646
395,1395,100,4.8275909423828125,0.5510396957397461
396,1396,100,4.8275909423828125,0.553025484085083
397,1397,100,4.8275909423828125,0.5530974864959717
398,1398,100,4.8275909423828125,0.5516479015350342
399,1399,100,4.8275909423828125,0.5497996807098389
400,1400,100,4.8275909423828125,0.5557875633239746
401,1401,100,4.8275909423828125,0.5566039085388184
402,1402,100,4.8275909423828125,0.5545008182525635
403,1403,100,4.8275909423828125,0.5523855686187744
404,1404,100,4.8275909423828125,0.5536773204803467
405,1405,100,4.8275909423828125,0.5550894737243652
406,1406,100,4.8275909423828125,0.5521349906921387
407,1407,100,4.8275909423828125,0.5523526668548584
408,1408,100,4.8275909423828125,0.5568666458129883
409,1409,100,4.8275909423828125,0.5580875873565674
410,1410,100,4.8275909423828125,0.5546674728393555
411,1411,100,4.8275909423828125,0.5558137893676758
412,1412,100,4.8275909423828125,0.5583324432373047
413,1413,100,4.8275909423828125,0.5584795475006104
414,1414,100,4.8275909423828125,0.5548059940338135
415,1415,100,4.8275909423828125,0.5574371814727783
416,1416,100,4.8275909423828125,0.5584790706634521
417,1417,100,4.8275909423828125,0.5602028369903564
418,1418,100,4.8275909423828125,0.5577983856201172
419,1419,100,4.8275909423828125,0.5551900863647461
420,1420,100,4.8275909423828125,0.56156325340271
421,1421,100,4.8275909423828125,0.5630958080291748
422,1422,100,4.8275909423828125,0.560600757598877
423,1423,100,4.8275909423828125,0.556797981262207
424,1424,100,4.8275909423828125,0.5596418380737305
425,1425,100,4.8275909423828125,0.5573623180389404
426,1426,100,4.8275909423828125,0.5578725337982178
427,1427,100,4.827602386474609,0.5580461025238037
428,1428,100,4.827602386474609,0.5645272731781006
429,1429,100,4.827602386474609,0.5638704299926758
430,1430,100,4.827602386474609,0.5601499080657959
431,1431,100,4.827602386474609,0.5622367858886719
432,1432,100,4.827602386474609,0.5645699501037598
433,1433,100,4.827602386474609,0.5635180473327637
434,1434,100,4.827602386474609,0.5599157810211182
435,1435,100,4.827602386474609,0.5614755153656006
436,1436,100,4.827602386474609,0.5636920928955078
437,1437,100,4.827602386474609,0.5467877388000488
438,1438,100,4.827602386474609,0.5441651344299316
439,1439,100,4.827602386474609,0.5434272289276123
440,1440,100,4.827602386474609,0.5477292537689209
441,1441,100,4.827602386474609,0.5537400245666504
442,1442,100,4.827602386474609,0.542945384979248
443,1443,100,4.827602386474609,0.543571949005127
444,1444,100,4.827602386474609,0.5478522777557373
445,1445,100,4.827602386474609,0.549114465713501
446,1446,100,4.827602386474609,0.5444016456604004
447,1447,100,4.827602386474609,0.543710470199585
448,1448,100,4.827602386474609,0.5519101619720459
449,1449,100,4.827602386474609,0.5500121116638184
450,1450,100,4.827602386474609,0.5463128089904785
451,1451,100,4.827602386474609,0.5448384284973145
452,1452,100,4.827602386474609,0.5496315956115723
453,1453,100,4.827602386474609,0.5484397411346436
454,1454,100,4.827602386474609,0.545757532119751
455,1455,100,4.827602386474609,0.5473148822784424
456,1456,100,4.827602386474609,0.5506036281585693
457,1457,100,4.827602386474609,0.5513551235198975
458,1458,100,4.827602386474609,0.5475943088531494
459,1459,100,4.827602386474609,0.5490894317626953
460,1460,100,4.827602386474609,0.5519759654998779
461,1461,100,4.827602386474609,0.5520350933074951
462,1462,100,4.827602386474609,0.5492002964019775
463,1463,100,4.827602386474609,0.5491683483123779
464,1464,100,4.827602386474609,0.5539934635162354
465,1465,100,4.827602386474609,0.5526590347290039
466,1466,100,4.827602386474609,0.5476570129394531
467,1467,100,4.827602386474609,0.5491807460784912
468,1468,100,4.827602386474609,0.5542385578155518
469,1469,100,4.827602386474609,0.5551474094390869
470,1470,100,4.827602386474609,0.5472321510314941
471,1471,100,4.827602386474609,0.5491340160369873
472,1472,100,4.827602386474609,0.5550780296325684
473,1473,100,4.827602386474609,0.5639264583587646
474,1474,100,4.827602386474609,0.5641005039215088
475,1475,100,4.827602386474609,0.5614893436431885
476,1476,100,4.827602386474609,0.566521167755127
477,1477,100,4.827602386474609,0.5645577907562256
478,1478,100,4.827602386474609,0.5611791610717773
479,1479,100,4.827602386474609,0.561450719833374
480,1480,100,4.827602386474609,0.5661752223968506
481,1481,100,4.827602386474609,0.5649194717407227
482,1482,100,4.827602386474609,0.5698933601379395
483,1483,100,4.827602386474609,0.5630016326904297
484,1484,100,4.827602386474609,0.5650670528411865
485,1485,100,4.827602386474609,0.5661308765411377
486,1486,100,4.827602386474609,0.56247878074646
487,1487,100,4.827602386474609,0.5621063709259033
488,1488,100,4.827602386474609,0.5659599304199219
489,1489,100,4.827602386474609,0.5674595832824707
490,1490,100,4.827602386474609,0.5631341934204102
491,1491,100,4.827602386474609,0.5652670860290527
492,1492,100,4.827602386474609,0.5676863193511963
493,1493,100,4.827602386474609,0.5684270858764648
494,1494,100,4.827602386474609,0.5637235641479492
495,1495,100,4.827602386474609,0.5637142658233643
496,1496,100,4.827610015869141,0.5700790882110596
497,1497,100,4.827610015869141,0.5683598518371582
498,1498,100,4.827610015869141,0.5643434524536133
499,1499,100,4.827610015869141,0.5654551982879639
0,1000,300,4.8457794189453125,0.511544942855835
1,1001,300,4.8457794189453125,0.5095295906066895
2,1002,300,4.8457794189453125,0.5034055709838867
3,1003,300,4.8457794189453125,0.5951075553894043
4,1004,300,4.8457794189453125,0.5086448192596436
5,1005,300,4.8457794189453125,0.5051372051239014
6,1006,300,4.8457794189453125,0.5041871070861816
7,1007,300,4.8457794189453125,0.507659912109375
8,1008,300,4.8457794189453125,0.5126442909240723
9,1009,300,4.8457794189453125,0.5091781616210938
10,1010,300,4.8457794189453125,0.5065159797668457
11,1011,300,4.8457794189453125,0.503868818283081
12,1012,300,4.8457794189453125,0.5085859298706055
13,1013,300,4.8457794189453125,0.511857271194458
14,1014,300,4.8457794189453125,0.5078487396240234
15,1015,300,4.8457794189453125,0.50691819190979
16,1016,300,4.8457794189453125,0.5103063583374023
17,1017,300,4.8457794189453125,0.5125069618225098
18,1018,300,4.8457794189453125,0.5060389041900635
19,1019,300,4.8457794189453125,0.5106353759765625
20,1020,300,4.8457794189453125,0.5129363536834717
21,1021,300,4.8457794189453125,0.510991096496582
22,1022,300,4.8457794189453125,0.5066137313842773
23,1023,300,4.8457794189453125,0.5070285797119141
24,1024,300,4.8457794189453125,0.5117349624633789
25,1025,300,4.8457794189453125,0.5142250061035156
26,1026,300,4.8457794189453125,0.515265941619873
27,1027,300,4.8457794189453125,0.5139868259429932
28,1028,300,4.8457794189453125,0.5152294635772705
29,1029,300,4.8457794189453125,0.514204740524292
30,1030,300,4.8457794189453125,0.5149641036987305
31,1031,300,4.8457794189453125,0.5149099826812744
32,1032,300,4.8457794189453125,0.5164217948913574
33,1033,300,4.8457794189453125,0.5144009590148926
34,1034,300,4.8457794189453125,0.5155143737792969
35,1035,300,4.8457794189453125,0.5153050422668457
36,1036,300,4.8457794189453125,0.5172300338745117
37,1037,300,4.8457794189453125,0.5159845352172852
38,1038,300,4.8457794189453125,0.5188136100769043
39,1039,300,4.8457794189453125,0.5182535648345947
40,1040,300,4.8457794189453125,0.5200557708740234
41,1041,300,4.8457794189453125,0.5207855701446533
42,1042,300,4.8457794189453125,0.518181324005127
43,1043,300,4.8457794189453125,0.5195741653442383
44,1044,300,4.8457794189453125,0.5176594257354736
45,1045,300,4.8457794189453125,0.5168447494506836
46,1046,300,4.8457794189453125,0.5193734169006348
47,1047,300,4.8457794189453125,0.517413854598999
48,1048,300,4.8457794189453125,0.5181560516357422
49,1049,300,4.8457794189453125,0.5196933746337891
50,1050,300,4.8457794189453125,0.5219290256500244
51,1051,300,4.8457794189453125,0.5205409526824951
52,1052,300,4.8457794189453125,0.5198318958282471
53,1053,300,4.8457794189453125,0.5220386981964111
54,1054,300,4.8457794189453125,0.5194394588470459
55,1055,300,4.8457794189453125,0.5203733444213867
56,1056,300,4.8457794189453125,0.5189440250396729
57,1057,300,4.8457794189453125,0.5212957859039307
58,1058,300,4.8457794189453125,0.5221948623657227
59,1059,300,4.8457794189453125,0.5210201740264893
60,1060,300,4.8457794189453125,0.5195136070251465
61,1061,300,4.8457794189453125,0.5216412544250488
62,1062,300,4.8457794189453125,0.5209946632385254
63,1063,300,4.8457794189453125,0.5229377746582031
64,1064,300,4.8457794189453125,0.5213565826416016
65,1065,300,4.8457794189453125,0.5218279361724854
66,1066,300,4.8457794189453125,0.524033784866333
67,1067,300,4.8457794189453125,0.5227560997009277
68,1068,300,4.8457794189453125,0.5216794013977051
69,1069,300,4.8457794189453125,0.5233654975891113
70,1070,300,4.8457794189453125,0.5225839614868164
71,1071,300,4.8457794189453125,0.5237443447113037
72,1072,300,4.8457794189453125,0.5259313583374023
73,1073,300,4.8457794189453125,0.527989387512207
74,1074,300,4.8457794189453125,0.5255746841430664
75,1075,300,4.8457794189453125,0.5259616374969482
76,1076,300,4.8457794189453125,0.5264101028442383
77,1077,300,4.8457794189453125,0.5276098251342773
78,1078,300,4.8457794189453125,0.527226448059082
79,1079,300,4.8457794189453125,0.5270695686340332
80,1080,300,4.8457794189453125,0.5273888111114502
81,1081,300,4.8457794189453125,0.5261397361755371
82,1082,300,4.8457794189453125,0.5254623889923096
83,1083,300,4.8457794189453125,0.5286662578582764
84,1084,300,4.8457794189453125,0.527996301651001
85,1085,300,4.8457794189453125,0.5277888774871826
86,1086,300,4.8457794189453125,0.5288643836975098
87,1087,300,4.8457794189453125,0.5305054187774658
88,1088,300,4.8457794189453125,0.5290734767913818
89,1089,300,4.8457794189453125,0.5299832820892334
90,1090,300,4.8457794189453125,0.5320351123809814
91,1091,300,4.8457794189453125,0.5298283100128174
92,1092,300,4.8457794189453125,0.5265991687774658
93,1093,300,4.8457794189453125,0.5297155380249023
94,1094,300,4.8457794189453125,0.5311198234558105
95,1095,300,4.8457794189453125,0.5289149284362793
96,1096,300,4.8457794189453125,0.5297544002532959
97,1097,300,4.8457794189453125,0.6069679260253906
98,1098,300,4.8457794189453125,0.5283818244934082
99,1099,300,4.8457794189453125,0.5286233425140381
100,1100,300,4.8457794189453125,0.5308856964111328
101,1101,300,4.8457794189453125,0.5313944816589355
102,1102,300,4.8457794189453125,0.5300235748291016
103,1103,300,4.8457794189453125,0.5260493755340576
104,1104,300,4.8457794189453125,0.5325982570648193
105,1105,300,4.8457794189453125,0.5339255332946777
106,1106,300,4.8457794189453125,0.5294849872589111
107,1107,300,4.8457794189453125,0.5370514392852783
108,1108,300,4.8457794189453125,0.5339460372924805
109,1109,300,4.8457794189453125,0.532677173614502
110,1110,300,4.8457794189453125,0.5311684608459473
111,1111,300,4.8457794189453125,0.5334980487823486
112,1112,300,4.8457794189453125,0.5335161685943604
113,1113,300,4.8457794189453125,0.5361065864562988
114,1114,300,4.8457794189453125,0.5336894989013672
115,1115,300,4.8457794189453125,0.5321550369262695
116,1116,300,4.8457794189453125,0.5333120822906494
117,1117,300,4.8457794189453125,0.5361597537994385
118,1118,300,4.8457794189453125,0.5325319766998291
119,1119,300,4.8457794189453125,0.5343582630157471
120,1120,300,4.8457794189453125,0.5388085842132568
121,1121,300,4.8457794189453125,0.5373525619506836
122,1122,300,4.8457794189453125,0.5355322360992432
123,1123,300,4.8457794189453125,0.5358223915100098
124,1124,300,4.8457794189453125,0.5380642414093018
125,1125,300,4.8457794189453125,0.5348014831542969
126,1126,300,4.8457794189453125,0.5344374179840088
127,1127,300,4.8457794189453125,0.5362529754638672
128,1128,300,4.8457794189453125,0.5378296375274658
129,1129,300,4.8457794189453125,0.5361571311950684
130,1130,300,4.8457794189453125,0.5359005928039551
131,1131,300,4.8457794189453125,0.5360934734344482
132,1132,300,4.8457794189453125,0.5372834205627441
133,1133,300,4.8457794189453125,0.5369443893432617
134,1134,300,4.8457794189453125,0.5364933013916016
135,1135,300,4.8457794189453125,0.5380887985229492
136,1136,300,4.8457794189453125,0.54007887840271
137,1137,300,4.8457794189453125,0.5389001369476318
138,1138,300,4.8457794189453125,0.5382664203643799
139,1139,300,4.8457794189453125,0.538121223449707
140,1140,300,4.8457794189453125,0.5389261245727539
141,1141,300,4.8457794189453125,0.5428435802459717
142,1142,300,4.8457794189453125,0.5407660007476807
143,1143,300,4.8457794189453125,0.5391554832458496
144,1144,300,4.8457794189453125,0.5417439937591553
145,1145,300,4.8457794189453125,0.5413503646850586
146,1146,300,4.8457794189453125,0.5410420894622803
147,1147,300,4.8457794189453125,0.5415503978729248
148,1148,300,4.8457794189453125,0.5421936511993408
149,1149,300,4.8457794189453125,0.5430865287780762
150,1150,300,4.8457794189453125,0.5409026145935059
151,1151,300,4.8457794189453125,0.5411505699157715
152,1152,300,4.8457794189453125,0.541884183883667
153,1153,300,4.8457794189453125,0.5422742366790771
154,1154,300,4.8457794189453125,0.5414929389953613
155,1155,300,4.8457794189453125,0.5399823188781738
156,1156,300,4.8457794189453125,0.5424692630767822
157,1157,300,4.8457794189453125,0.5410056114196777
158,1158,300,4.8457794189453125,0.5421442985534668
159,1159,300,4.8457794189453125,0.5397639274597168
160,1160,300,4.8457794189453125,0.542790412902832
161,1161,300,4.8457794189453125,0.5435874462127686
162,1162,300,4.8457794189453125,0.5406026840209961
163,1163,300,4.8457794189453125,0.5418236255645752
164,1164,300,4.8457794189453125,0.5426383018493652
165,1165,300,4.8457794189453125,0.5418028831481934
166,1166,300,4.8457794189453125,0.5417871475219727
167,1167,300,4.8457794189453125,0.5443713665008545
168,1168,300,4.8457794189453125,0.5446555614471436
169,1169,300,4.8457794189453125,0.5476701259613037
170,1170,300,4.8457794189453125,0.5460264682769775
171,1171,300,4.8457794189453125,0.5443277359008789
172,1172,300,4.8457794189453125,0.5472967624664307
173,1173,300,4.8457794189453125,0.5484373569488525
174,1174,300,4.8457794189453125,0.5425963401794434
175,1175,300,4.8457794189453125,0.5456857681274414
176,1176,300,4.8457794189453125,0.5410282611846924
177,1177,300,4.8457794189453125,0.5491962432861328
178,1178,300,4.8457794189453125,0.54579758644104
179,1179,300,4.8457794189453125,0.5435383319854736
180,1180,300,4.8457794189453125,0.5477924346923828
181,1181,300,4.8457794189453125,0.5445609092712402
182,1182,300,4.8457794189453125,0.5460035800933838
183,1183,300,4.8457794189453125,0.5464181900024414
184,1184,300,4.8457794189453125,0.5497686862945557
185,1185,300,4.8457794189453125,0.5489029884338379
186,1186,300,4.8457794189453125,0.548743724822998
187,1187,300,4.8457794189453125,0.5463206768035889
188,1188,300,4.8457794189453125,0.5495388507843018
189,1189,300,4.8457794189453125,0.5497136116027832
190,1190,300,4.8457794189453125,0.5497279167175293
191,1191,300,4.8457794189453125,0.5481274127960205
192,1192,300,4.8457794189453125,0.5474820137023926
193,1193,300,4.8457794189453125,0.5493295192718506
194,1194,300,4.8457794189453125,0.5492589473724365
195,1195,300,4.8457794189453125,0.5509676933288574
196,1196,300,4.8457794189453125,0.5533151626586914
197,1197,300,4.8457794189453125,0.5515861511230469
198,1198,300,4.8457794189453125,0.5494370460510254
199,1199,300,4.8457794189453125,0.5491847991943359
200,1200,300,4.8457794189453125,0.5523831844329834
201,1201,300,4.8457794189453125,0.5603048801422119
202,1202,300,4.8457794189453125,0.5504510402679443
203,1203,300,4.8457794189453125,0.5524656772613525
204,1204,300,4.8457794189453125,0.5549838542938232
205,1205,300,4.8457794189453125,0.5542638301849365
206,1206,300,4.8457794189453125,0.5516180992126465
207,1207,300,4.8457794189453125,0.5516386032104492
208,1208,300,4.8457794189453125,0.5554380416870117
209,1209,300,4.8457794189453125,0.5538618564605713
210,1210,300,4.8457794189453125,0.550046443939209
211,1211,300,4.8457794189453125,0.5503988265991211
212,1212,300,4.8457794189453125,0.5554547309875488
213,1213,300,4.8457794189453125,0.553774356842041
214,1214,300,4.8457794189453125,0.5523827075958252
215,1215,300,4.8457794189453125,0.5515172481536865
216,1216,300,4.8457794189453125,0.5551316738128662
217,1217,300,4.8457794189453125,0.5746536254882812
218,1218,300,4.8457794189453125,0.5753405094146729
219,1219,300,4.8457794189453125,0.5714967250823975
220,1220,300,4.8457794189453125,0.5759215354919434
221,1221,300,4.8457794189453125,0.5750982761383057
222,1222,300,4.8457794189453125,0.5738494396209717
223,1223,300,4.8457794189453125,0.5735912322998047
224,1224,300,4.8457794189453125,0.5761427879333496
225,1225,300,4.8457794189453125,0.5758473873138428
226,1226,300,4.8457794189453125,0.5768516063690186
227,1227,300,4.8457794189453125,0.5741949081420898
228,1228,300,4.8457794189453125,0.5777082443237305
229,1229,300,4.8457794189453125,0.5758700370788574
230,1230,300,4.8457794189453125,0.5745100975036621
231,1231,300,4.8457794189453125,0.5740311145782471
232,1232,300,4.8457794189453125,0.5773305892944336
233,1233,300,4.8457794189453125,0.5774495601654053
234,1234,300,4.8457794189453125,0.5742013454437256
235,1235,300,4.8457794189453125,0.5763635635375977
236,1236,300,4.8457794189453125,0.5799171924591064
237,1237,300,4.8457794189453125,0.5782949924468994
238,1238,300,4.8457794189453125,0.5770387649536133
239,1239,300,4.8457794189453125,0.5776927471160889
240,1240,300,4.8457794189453125,0.5806410312652588
241,1241,300,4.8457794189453125,0.5824050903320312
242,1242,300,4.8457794189453125,0.5795574188232422
243,1243,300,4.8457794189453125,0.5786130428314209
244,1244,300,4.8457794189453125,0.5812668800354004
245,1245,300,4.8457794189453125,0.5815780162811279
246,1246,300,4.8457794189453125,0.5778658390045166
247,1247,300,4.8457794189453125,0.5790016651153564
248,1248,300,4.8457794189453125,0.5828571319580078
249,1249,300,4.8457794189453125,0.5831735134124756
250,1250,300,4.8457794189453125,0.5796895027160645
251,1251,300,4.8457794189453125,0.5797872543334961
252,1252,300,4.8457794189453125,0.5844392776489258
253,1253,300,4.8457794189453125,0.5912997722625732
254,1254,300,4.8457794189453125,0.5800979137420654
255,1255,300,4.8457794189453125,0.5820944309234619
256,1256,300,4.8457794189453125,0.5853548049926758
257,1257,300,4.8457794189453125,0.5830168724060059
258,1258,300,4.8457794189453125,0.579887866973877
259,1259,300,4.8457794189453125,0.5817978382110596
260,1260,300,4.8457794189453125,0.5856008529663086
261,1261,300,4.8457794189453125,0.5855998992919922
262,1262,300,4.8457794189453125,0.5817856788635254
263,1263,300,4.8457794189453125,0.5797603130340576
264,1264,300,4.8457794189453125,0.585289478302002
265,1265,300,4.8457794189453125,0.5871047973632812
266,1266,300,4.8457794189453125,0.5835752487182617
267,1267,300,4.8457794189453125,0.5825023651123047
268,1268,300,4.8457794189453125,0.5864274501800537
269,1269,300,4.8457794189453125,0.5873565673828125
270,1270,300,4.8457794189453125,0.5836360454559326
271,1271,300,4.8457794189453125,0.5827679634094238
272,1272,300,4.8457794189453125,0.5892963409423828
273,1273,300,4.8457794189453125,0.5894899368286133
274,1274,300,4.8457794189453125,0.5850999355316162
275,1275,300,4.8457794189453125,0.5847845077514648
276,1276,300,4.8457794189453125,0.5863902568817139
277,1277,300,4.8457794189453125,0.5872092247009277
278,1278,300,4.8457794189453125,0.5871803760528564
279,1279,300,4.8457794189453125,0.5967485904693604
280,1280,300,4.8457794189453125,0.5921666622161865
281,1281,300,4.8457794189453125,0.5923128128051758
282,1282,300,4.8457794189453125,0.5918838977813721
283,1283,300,4.8457794189453125,0.5897233486175537
284,1284,300,4.8457794189453125,0.5940165519714355
285,1285,300,4.8457794189453125,0.5958378314971924
286,1286,300,4.8457794189453125,0.593991756439209
287,1287,300,4.8457794189453125,0.5917692184448242
288,1288,300,4.8457794189453125,0.5911037921905518
289,1289,300,4.8457794189453125,0.5944631099700928
290,1290,300,4.8457794189453125,0.5939464569091797
291,1291,300,4.8457794189453125,0.5934441089630127
292,1292,300,4.8457794189453125,0.596001386642456
293,1293,300,4.8457794189453125,0.5952169895172119
294,1294,300,4.8457794189453125,0.5959856510162354
295,1295,300,4.8457794189453125,0.5941369533538818
296,1296,300,4.8457794189453125,0.5977418422698975
297,1297,300,4.8457794189453125,0.5944840908050537
298,1298,300,4.8457794189453125,0.5946509838104248
299,1299,300,4.8457794189453125,0.5932011604309082
300,1300,300,4.8457794189453125,0.5976948738098145
301,1301,300,4.8457794189453125,0.5959641933441162
302,1302,300,4.8457794189453125,0.5964066982269287
303,1303,300,4.8457794189453125,0.5953311920166016
304,1304,300,4.8457794189453125,0.599494218826294
305,1305,300,4.8457794189453125,0.5989584922790527
306,1306,300,4.8457794189453125,0.5961604118347168
307,1307,300,4.8457794189453125,0.5928831100463867
308,1308,300,4.8457794189453125,0.5986363887786865
309,1309,300,4.8457794189453125,0.5957794189453125
310,1310,300,4.8457794189453125,0.5980720520019531
311,1311,300,4.8457794189453125,0.5968587398529053
312,1312,300,4.8457794189453125,0.5981895923614502
313,1313,300,4.8457794189453125,0.6010546684265137
314,1314,300,4.8457794189453125,0.5968875885009766
315,1315,300,4.8457794189453125,0.5992140769958496
316,1316,300,4.8457794189453125,0.5999820232391357
317,1317,300,4.8457794189453125,0.5996315479278564
318,1318,300,4.8457794189453125,0.5975310802459717
319,1319,300,4.8457794189453125,0.600799560546875
320,1320,300,4.8457794189453125,0.6017630100250244
321,1321,300,4.8457794189453125,0.6000933647155762
322,1322,300,4.8457794189453125,0.598459005355835
323,1323,300,4.8457794189453125,0.6000359058380127
324,1324,300,4.8457794189453125,0.6031906604766846
325,1325,300,4.8457794189453125,0.603628396987915
326,1326,300,4.8457794189453125,0.600510835647583
327,1327,300,4.8457794189453125,0.6021866798400879
328,1328,300,4.8457794189453125,0.6016254425048828
329,1329,300,4.8457794189453125,0.6038339138031006
330,1330,300,4.8457794189453125,0.6014566421508789
331,1331,300,4.8457794189453125,0.602170467376709
332,1332,300,4.8457794189453125,0.6045911312103271
333,1333,300,4.8457794189453125,0.6053240299224854
334,1334,300,4.8457794189453125,0.6028697490692139
335,1335,300,4.8457794189453125,0.5998635292053223
336,1336,300,4.8457794189453125,0.6062824726104736
337,1337,300,4.8457794189453125,0.6064205169677734
338,1338,300,4.8457794189453125,0.6044926643371582
339,1339,300,4.8457794189453125,0.6071760654449463
340,1340,300,4.8457794189453125,0.6079521179199219
341,1341,300,4.8457794189453125,0.6079742908477783
342,1342,300,4.8457794189453125,0.6072475910186768
343,1343,300,4.8457794189453125,0.6071691513061523
344,1344,300,4.8457794189453125,0.6083993911743164
345,1345,300,4.8457794189453125,0.6097400188446045
346,1346,300,4.8457794189453125,0.6061050891876221
347,1347,300,4.8457794189453125,0.6806762218475342
348,1348,300,4.8457794189453125,0.6085977554321289
349,1349,300,4.8457794189453125,0.6086061000823975
350,1350,300,4.8457794189453125,0.6090419292449951
351,1351,300,4.8457794189453125,0.6072597503662109
352,1352,300,4.8457794189453125,0.6115002632141113
353,1353,300,4.8457794189453125,0.6134681701660156
354,1354,300,4.8457794189453125,0.6066920757293701
355,1355,300,4.8457794189453125,0.6080760955810547
356,1356,300,4.8457794189453125,0.6129722595214844
357,1357,300,4.8457794189453125,0.6121430397033691
358,1358,300,4.8457794189453125,0.6160087585449219
359,1359,300,4.8457794189453125,0.6112747192382812
360,1360,300,4.8457794189453125,0.6142311096191406
361,1361,300,4.8457794189453125,0.6140255928039551
362,1362,300,4.8457794189453125,0.6131124496459961
363,1363,300,4.8457794189453125,0.6087145805358887
364,1364,300,4.8457794189453125,0.6142516136169434
365,1365,300,4.8457794189453125,0.6122329235076904
366,1366,300,4.8457794189453125,0.6129271984100342
367,1367,300,4.8457794189453125,0.6093394756317139
368,1368,300,4.8457794189453125,0.6123700141906738
369,1369,300,4.8457794189453125,0.6146965026855469
370,1370,300,4.8457794189453125,0.6076028347015381
371,1371,300,4.8457794189453125,0.6114168167114258
372,1372,300,4.8457794189453125,0.6122422218322754
373,1373,300,4.8457794189453125,0.6215555667877197
374,1374,300,4.8457794189453125,0.611147403717041
375,1375,300,4.8457794189453125,0.6113309860229492
376,1376,300,4.8457794189453125,0.6141209602355957
377,1377,300,4.8457794189453125,0.6179802417755127
378,1378,300,4.8457794189453125,0.6133098602294922
379,1379,300,4.8457794189453125,0.6157090663909912
380,1380,300,4.8457794189453125,0.6178631782531738
381,1381,300,4.8457794189453125,0.616645097732544
382,1382,300,4.8457794189453125,0.6142697334289551
383,1383,300,4.8457794189453125,0.6143758296966553
384,1384,300,4.8457794189453125,0.6166408061981201
385,1385,300,4.8457794189453125,0.6172800064086914
386,1386,300,4.8457794189453125,0.6163945198059082
387,1387,300,4.8457794189453125,0.6135234832763672
388,1388,300,4.8457794189453125,0.6193118095397949
389,1389,300,4.8457794189453125,0.6201086044311523
390,1390,300,4.8457794189453125,0.6136953830718994
391,1391,300,4.8457794189453125,0.6150310039520264
392,1392,300,4.8457794189453125,0.6245112419128418
393,1393,300,4.8457794189453125,0.6197657585144043
394,1394,300,4.8457794189453125,0.6171467304229736
395,1395,300,4.8457794189453125,0.6176927089691162
396,1396,300,4.8457794189453125,0.6216928958892822
397,1397,300,4.8457794189453125,0.6190946102142334
398,1398,300,4.8457794189453125,0.6175823211669922
399,1399,300,4.8457794189453125,0.6172339916229248
400,1400,300,4.8457794189453125,0.6216371059417725
401,1401,300,4.8457794189453125,0.6203436851501465
402,1402,300,4.8457794189453125,0.6170754432678223
403,1403,300,4.8457794189453125,0.6166229248046875
404,1404,300,4.8457794189453125,0.6231720447540283
405,1405,300,4.8457794189453125,0.6254780292510986
406,1406,300,4.8457794189453125,0.621143102645874
407,1407,300,4.8457794189453125,0.6186039447784424
408,1408,300,4.8457794189453125,0.6228559017181396
409,1409,300,4.8457794189453125,0.6235044002532959
410,1410,300,4.8457794189453125,0.6217041015625
411,1411,300,4.8457794189453125,0.6207480430603027
412,1412,300,4.8457794189453125,0.6230485439300537
413,1413,300,4.8457794189453125,0.62554931640625
414,1414,300,4.8457794189453125,0.6210529804229736
415,1415,300,4.8457794189453125,0.6241946220397949
416,1416,300,4.8457794189453125,0.6236674785614014
417,1417,300,4.8457794189453125,0.6257696151733398
418,1418,300,4.8457794189453125,0.6228806972503662
419,1419,300,4.8457794189453125,0.6247522830963135
420,1420,300,4.8457794189453125,0.6265552043914795
421,1421,300,4.8457794189453125,0.6280529499053955
422,1422,300,4.8457794189453125,0.6254773139953613
423,1423,300,4.8457794189453125,0.6264197826385498
424,1424,300,4.8457794189453125,0.6293971538543701
425,1425,300,4.8457794189453125,0.629305362701416
426,1426,300,4.8457794189453125,0.6249322891235352
427,1427,300,4.8457794189453125,0.6251988410949707
428,1428,300,4.8457794189453125,0.6292955875396729
429,1429,300,4.8457794189453125,0.6306657791137695
430,1430,300,4.8457794189453125,0.6260600090026855
431,1431,300,4.8457794189453125,0.6243860721588135
432,1432,300,4.8457794189453125,0.6299870014190674
433,1433,300,4.8457794189453125,0.6285660266876221
434,1434,300,4.8457794189453125,0.629807710647583
435,1435,300,4.8457794189453125,0.6264879703521729
436,1436,300,4.8457794189453125,0.6309337615966797
437,1437,300,4.8457794189453125,0.6153402328491211
438,1438,300,4.8457794189453125,0.6108362674713135
439,1439,300,4.8457794189453125,0.6131343841552734
440,1440,300,4.8457794189453125,0.6135621070861816
441,1441,300,4.8457794189453125,0.612764835357666
442,1442,300,4.8457794189453125,0.6103849411010742
443,1443,300,4.8457794189453125,0.6496813297271729
444,1444,300,4.8457794189453125,0.6141347885131836
445,1445,300,4.8457794189453125,0.6138443946838379
446,1446,300,4.8457794189453125,0.6123194694519043
447,1447,300,4.8457794189453125,0.6119630336761475
448,1448,300,4.8457794189453125,0.6196539402008057
449,1449,300,4.8457794189453125,0.6117451190948486
450,1450,300,4.8457794189453125,0.612095832824707
451,1451,300,4.8457794189453125,0.614133358001709
452,1452,300,4.8457794189453125,0.6168272495269775
453,1453,300,4.8457794189453125,0.6166834831237793
454,1454,300,4.8457794189453125,0.6115422248840332
455,1455,300,4.8457794189453125,0.6157302856445312
456,1456,300,4.8457794189453125,0.6162164211273193
457,1457,300,4.8457794189453125,0.6190154552459717
458,1458,300,4.8457794189453125,0.6154036521911621
459,1459,300,4.8457794189453125,0.6129403114318848
460,1460,300,4.8457794189453125,0.6197373867034912
461,1461,300,4.8457794189453125,0.6184830665588379
462,1462,300,4.8457794189453125,0.6180665493011475
463,1463,300,4.8457794189453125,0.6171495914459229
464,1464,300,4.8457794189453125,0.621161699295044
465,1465,300,4.8457794189453125,0.6220080852508545
466,1466,300,4.8457794189453125,0.6166136264801025
467,1467,300,4.8457794189453125,0.6160318851470947
468,1468,300,4.8457794189453125,0.6214063167572021
469,1469,300,4.8457794189453125,0.620797872543335
470,1470,300,4.8457794189453125,0.6184101104736328
471,1471,300,4.8457794189453125,0.6171739101409912
472,1472,300,4.8457794189453125,0.6200714111328125
473,1473,300,4.8457794189453125,0.6315491199493408
474,1474,300,4.8457794189453125,0.626410722732544
475,1475,300,4.8457794189453125,0.6272001266479492
476,1476,300,4.8457794189453125,0.6323821544647217
477,1477,300,4.8457794189453125,0.6307666301727295
478,1478,300,4.8457794189453125,0.6274468898773193
479,1479,300,4.8457794189453125,0.6288261413574219
480,1480,300,4.8457794189453125,0.6321671009063721
481,1481,300,4.8457794189453125,0.6337103843688965
482,1482,300,4.8457794189453125,0.6292340755462646
483,1483,300,4.8457794189453125,0.6294968128204346
484,1484,300,4.8457794189453125,0.6342802047729492
485,1485,300,4.8457794189453125,0.6327283382415771
486,1486,300,4.8457794189453125,0.6294283866882324
487,1487,300,4.8457794189453125,0.6311302185058594
488,1488,300,4.8457794189453125,0.6355226039886475
489,1489,300,4.8457794189453125,0.6352927684783936
490,1490,300,4.8457794189453125,0.6322612762451172
491,1491,300,4.8457794189453125,0.6297965049743652
492,1492,300,4.8457794189453125,0.6361682415008545
493,1493,300,4.8457794189453125,0.6420624256134033
494,1494,300,4.8457794189453125,0.6314706802368164
495,1495,300,4.8457794189453125,0.6335368156433105
496,1496,300,4.8457794189453125,0.641564130783081
497,1497,300,4.8457794189453125,0.6369147300720215
498,1498,300,4.8457794189453125,0.6369063854217529
499,1499,300,4.8457794189453125,0.6326456069946289
0,1000,500,4.8458709716796875,0.5528836250305176
1,1001,500,4.845874786376953,0.5513091087341309
2,1002,500,4.845874786376953,0.5468461513519287
3,1003,500,4.845882415771484,0.5443105697631836
4,1004,500,4.845882415771484,0.5507667064666748
5,1005,500,4.845882415771484,0.5510010719299316
6,1006,500,4.845882415771484,0.5477550029754639
7,1007,500,4.845882415771484,0.5468010902404785
8,1008,500,4.845882415771484,0.5509757995605469
9,1009,500,4.845882415771484,0.5512683391571045
10,1010,500,4.845882415771484,0.5473885536193848
11,1011,500,4.845882415771484,0.6440653800964355
12,1012,500,4.845882415771484,0.5548961162567139
13,1013,500,4.845882415771484,0.5495033264160156
14,1014,500,4.860774993896484,0.5493922233581543
15,1015,500,4.860774993896484,0.5477330684661865
16,1016,500,4.860774993896484,1.5391991138458252
17,1017,500,4.860774993896484,0.5499117374420166
18,1018,500,4.860774993896484,0.5459451675415039
19,1019,500,4.861759185791016,0.5494363307952881
20,1020,500,4.861759185791016,0.5528850555419922
21,1021,500,4.861759185791016,0.5557255744934082
22,1022,500,4.86187744140625,0.5494844913482666
23,1023,500,4.86187744140625,0.5518362522125244
24,1024,500,4.86187744140625,0.555006742477417
25,1025,500,4.86187744140625,0.5584471225738525
26,1026,500,4.86187744140625,0.5540242195129395
27,1027,500,4.86187744140625,0.5554604530334473
28,1028,500,4.86187744140625,0.5554251670837402
29,1029,500,4.86187744140625,0.5577807426452637
30,1030,500,4.86187744140625,0.5661921501159668
31,1031,500,4.86187744140625,0.558734655380249
32,1032,500,4.86187744140625,0.5563497543334961
33,1033,500,4.86187744140625,0.5581367015838623
34,1034,500,4.86187744140625,0.5590143203735352
35,1035,500,4.86187744140625,0.5596146583557129
36,1036,500,4.86187744140625,0.5572197437286377
37,1037,500,4.86187744140625,0.5595214366912842
38,1038,500,4.86187744140625,0.5673713684082031
39,1039,500,4.86187744140625,0.5595297813415527
40,1040,500,4.86187744140625,0.5593674182891846
41,1041,500,4.86187744140625,0.5604691505432129
42,1042,500,4.86187744140625,0.558957576751709
43,1043,500,4.86187744140625,0.560553789138794
44,1044,500,4.86187744140625,0.5629825592041016
45,1045,500,4.86187744140625,0.5609502792358398
46,1046,500,4.86187744140625,0.5602114200592041
47,1047,500,4.86187744140625,0.5601434707641602
48,1048,500,4.86187744140625,0.5649044513702393
49,1049,500,4.86187744140625,0.5571587085723877
50,1050,500,4.86187744140625,0.5632224082946777
51,1051,500,4.86187744140625,0.5664138793945312
52,1052,500,4.86187744140625,0.563976526260376
53,1053,500,4.86187744140625,0.5629985332489014
54,1054,500,4.86187744140625,0.5598263740539551
55,1055,500,4.86187744140625,0.5613045692443848
56,1056,500,4.86187744140625,0.5646438598632812
57,1057,500,4.86187744140625,0.5612137317657471
58,1058,500,4.86187744140625,0.561621904373169
59,1059,500,4.86187744140625,0.5679206848144531
60,1060,500,4.86187744140625,0.5674419403076172
61,1061,500,4.86187744140625,0.567230224609375
62,1062,500,4.86187744140625,0.5626356601715088
63,1063,500,4.86187744140625,0.5653867721557617
64,1064,500,4.86187744140625,0.5628964900970459
65,1065,500,4.86187744140625,0.5639631748199463
66,1066,500,4.86187744140625,0.5666470527648926
67,1067,500,4.86187744140625,0.5658910274505615
68,1068,500,4.86187744140625,0.5627751350402832
69,1069,500,4.86187744140625,0.5706064701080322
70,1070,500,4.86187744140625,0.5652830600738525
71,1071,500,4.862091064453125,0.5733239650726318
72,1072,500,4.862091064453125,0.5677905082702637
73,1073,500,4.862091064453125,0.5784759521484375
74,1074,500,4.862091064453125,0.5663750171661377
75,1075,500,4.862091064453125,0.5714740753173828
76,1076,500,4.862091064453125,0.5757725238800049
77,1077,500,4.862091064453125,0.5676372051239014
78,1078,500,4.862091064453125,0.566784143447876
79,1079,500,4.862091064453125,0.5671765804290771
80,1080,500,4.862091064453125,0.5696139335632324
81,1081,500,4.862091064453125,0.5679981708526611
82,1082,500,4.862091064453125,0.5676846504211426
83,1083,500,4.862091064453125,0.5689404010772705
84,1084,500,4.862091064453125,0.5696003437042236
85,1085,500,4.862091064453125,0.5699379444122314
86,1086,500,4.862091064453125,0.570101261138916
87,1087,500,4.862091064453125,0.5697438716888428
88,1088,500,4.862091064453125,0.569141149520874
89,1089,500,4.862091064453125,0.5697810649871826
90,1090,500,4.862091064453125,0.5691838264465332
91,1091,500,4.862091064453125,0.5701034069061279
92,1092,500,4.862091064453125,0.5712230205535889
93,1093,500,4.862091064453125,0.5707941055297852
94,1094,500,4.862091064453125,0.5710899829864502
95,1095,500,4.862091064453125,0.5712969303131104
96,1096,500,4.862091064453125,0.5767843723297119
97,1097,500,4.862091064453125,0.5722177028656006
98,1098,500,4.862091064453125,0.5701944828033447
99,1099,500,4.862091064453125,0.5701596736907959
100,1100,500,4.862091064453125,0.5740234851837158
101,1101,500,4.862091064453125,0.5726346969604492
102,1102,500,4.862091064453125,0.5732314586639404
103,1103,500,4.862091064453125,0.5747203826904297
104,1104,500,4.862091064453125,0.5764915943145752
105,1105,500,4.862091064453125,0.5754609107971191
106,1106,500,4.862091064453125,0.5741481781005859
107,1107,500,4.862091064453125,0.5736503601074219
108,1108,500,4.862091064453125,0.5776891708374023
109,1109,500,4.862091064453125,0.575157642364502
110,1110,500,4.862091064453125,0.5734701156616211
111,1111,500,4.862091064453125,0.5751953125
112,1112,500,4.862091064453125,0.577498197555542
113,1113,500,4.862091064453125,0.5766863822937012
114,1114,500,4.862091064453125,0.5749106407165527
115,1115,500,4.862091064453125,0.5691893100738525
116,1116,500,4.862091064453125,0.5789799690246582
117,1117,500,4.862091064453125,0.5854320526123047
118,1118,500,4.862091064453125,0.5760550498962402
119,1119,500,4.862091064453125,0.5812349319458008
120,1120,500,4.862091064453125,0.5783538818359375
121,1121,500,4.862091064453125,0.5769271850585938
122,1122,500,4.862091064453125,0.5771245956420898
123,1123,500,4.862091064453125,0.5770552158355713
124,1124,500,4.862091064453125,0.5783600807189941
125,1125,500,4.862091064453125,0.5784223079681396
126,1126,500,4.862091064453125,0.5760202407836914
127,1127,500,4.862091064453125,0.577423095703125
128,1128,500,4.862091064453125,0.5826890468597412
129,1129,500,4.862091064453125,0.5833284854888916
130,1130,500,4.862091064453125,0.5835244655609131
131,1131,500,4.862091064453125,0.5827970504760742
132,1132,500,4.862091064453125,0.5791919231414795
133,1133,500,4.862091064453125,0.5790708065032959
134,1134,500,4.862091064453125,0.579118013381958
135,1135,500,4.862091064453125,0.5783650875091553
136,1136,500,4.862091064453125,0.5813336372375488
137,1137,500,4.862091064453125,0.5816135406494141
138,1138,500,4.862091064453125,0.5784962177276611
139,1139,500,4.862091064453125,0.5808775424957275
140,1140,500,4.862091064453125,0.5898342132568359
141,1141,500,4.862091064453125,0.5814411640167236
142,1142,500,4.862091064453125,0.5816268920898438
143,1143,500,4.862091064453125,0.5805530548095703
144,1144,500,4.862091064453125,0.5804059505462646
145,1145,500,4.862091064453125,0.5866544246673584
146,1146,500,4.862091064453125,0.582932710647583
147,1147,500,4.862091064453125,0.5820467472076416
148,1148,500,4.862091064453125,0.5850591659545898
149,1149,500,4.862091064453125,0.5852668285369873
150,1150,500,4.862091064453125,0.5809624195098877
151,1151,500,4.862091064453125,0.5791962146759033
152,1152,500,4.862091064453125,0.5833981037139893
153,1153,500,4.862091064453125,0.583336591720581
154,1154,500,4.862091064453125,0.5914936065673828
155,1155,500,4.862091064453125,0.5825526714324951
156,1156,500,4.862091064453125,0.5900745391845703
157,1157,500,4.862091064453125,0.5860128402709961
158,1158,500,4.862091064453125,0.5904765129089355
159,1159,500,4.862091064453125,0.5816066265106201
160,1160,500,4.862091064453125,0.588458776473999
161,1161,500,4.862091064453125,0.584043025970459
162,1162,500,4.862091064453125,0.582982063293457
163,1163,500,4.862091064453125,0.5857527256011963
164,1164,500,4.862091064453125,0.5866222381591797
165,1165,500,4.862091064453125,0.586681604385376
166,1166,500,4.862091064453125,0.5847389698028564
167,1167,500,4.862091064453125,0.5852551460266113
168,1168,500,4.862091064453125,0.5857250690460205
169,1169,500,4.862091064453125,0.5884411334991455
170,1170,500,4.862091064453125,0.5866739749908447
171,1171,500,4.862091064453125,0.5873904228210449
172,1172,500,4.862091064453125,0.5890936851501465
173,1173,500,4.862091064453125,0.5903224945068359
174,1174,500,4.862091064453125,0.58925461769104
175,1175,500,4.862091064453125,0.592705488204956
176,1176,500,4.862091064453125,0.590019702911377
177,1177,500,4.862091064453125,0.5888030529022217
178,1178,500,4.862091064453125,0.5889427661895752
179,1179,500,4.862091064453125,0.5880162715911865
180,1180,500,4.862091064453125,0.5948991775512695
181,1181,500,4.862091064453125,0.5970375537872314
182,1182,500,4.862091064453125,0.589454174041748
183,1183,500,4.862091064453125,0.5881021022796631
184,1184,500,4.862091064453125,0.5929067134857178
185,1185,500,4.862091064453125,0.5892941951751709
186,1186,500,4.862091064453125,0.5888323783874512
187,1187,500,4.862091064453125,0.588763952255249
188,1188,500,4.862091064453125,0.5901660919189453
189,1189,500,4.862091064453125,0.5940530300140381
190,1190,500,4.862091064453125,0.5928542613983154
191,1191,500,4.862091064453125,0.5921213626861572
192,1192,500,4.862091064453125,0.6007726192474365
193,1193,500,4.862091064453125,0.5953121185302734
194,1194,500,4.862091064453125,0.5915062427520752
195,1195,500,4.862091064453125,0.594552755355835
196,1196,500,4.862091064453125,0.5924739837646484
197,1197,500,4.862091064453125,0.6012277603149414
198,1198,500,4.862091064453125,0.5916764736175537
199,1199,500,4.862091064453125,0.590684175491333
200,1200,500,4.862091064453125,0.5956709384918213
201,1201,500,4.862091064453125,0.6038453578948975
202,1202,500,4.862091064453125,0.5918793678283691
203,1203,500,4.862091064453125,0.5921633243560791
204,1204,500,4.862091064453125,0.5932519435882568
205,1205,500,4.862091064453125,0.5970916748046875
206,1206,500,4.862091064453125,0.5982329845428467
207,1207,500,4.862091064453125,0.5922887325286865
208,1208,500,4.862091064453125,0.593930721282959
209,1209,500,4.862091064453125,0.5976526737213135
210,1210,500,4.862091064453125,0.6033625602722168
211,1211,500,4.862091064453125,0.6021604537963867
212,1212,500,4.862091064453125,0.596381664276123
213,1213,500,4.862091064453125,0.5945587158203125
214,1214,500,4.862091064453125,0.590822696685791
215,1215,500,4.862091064453125,0.5926744937896729
216,1216,500,4.862091064453125,0.6050550937652588
217,1217,500,4.862091064453125,0.6163458824157715
218,1218,500,4.862091064453125,0.6151297092437744
219,1219,500,4.862091064453125,0.6262421607971191
220,1220,500,4.862091064453125,0.6162638664245605
221,1221,500,4.862091064453125,0.6153109073638916
222,1222,500,4.862091064453125,0.614293098449707
223,1223,500,4.862091064453125,0.6294023990631104
224,1224,500,4.862091064453125,0.6215395927429199
225,1225,500,4.862091064453125,0.6201419830322266
226,1226,500,4.862091064453125,0.6147418022155762
227,1227,500,4.862091064453125,0.6169438362121582
228,1228,500,4.862091064453125,0.6163344383239746
229,1229,500,4.862091064453125,0.6190192699432373
230,1230,500,4.862091064453125,0.6148252487182617
231,1231,500,4.862091064453125,0.616898775100708
232,1232,500,4.862091064453125,0.6189444065093994
233,1233,500,4.862091064453125,0.6194109916687012
234,1234,500,4.862091064453125,0.6189818382263184
235,1235,500,4.862091064453125,0.6199893951416016
236,1236,500,4.862091064453125,0.6232938766479492
237,1237,500,4.862091064453125,0.6208226680755615
238,1238,500,4.862091064453125,0.6198318004608154
239,1239,500,4.862091064453125,0.6177043914794922
240,1240,500,4.862091064453125,0.620384693145752
241,1241,500,4.862091064453125,0.6243016719818115
242,1242,500,4.862091064453125,0.6196420192718506
243,1243,500,4.862091064453125,0.6237084865570068
244,1244,500,4.862091064453125,0.6239676475524902
245,1245,500,4.862091064453125,0.6245043277740479
246,1246,500,4.862091064453125,0.620434045791626
247,1247,500,4.862091064453125,0.6194300651550293
248,1248,500,4.862091064453125,0.6258447170257568
249,1249,500,4.862091064453125,0.6231012344360352
250,1250,500,4.862091064453125,0.6191380023956299
251,1251,500,4.862091064453125,0.6224949359893799
252,1252,500,4.862091064453125,0.6217660903930664
253,1253,500,4.862091064453125,0.6289730072021484
254,1254,500,4.862091064453125,0.6254193782806396
255,1255,500,4.862091064453125,0.6237404346466064
256,1256,500,4.862091064453125,0.6278479099273682
257,1257,500,4.862091064453125,0.6292695999145508
258,1258,500,4.862091064453125,0.621915340423584
259,1259,500,4.862091064453125,0.6295340061187744
260,1260,500,4.862091064453125,0.6348404884338379
261,1261,500,4.862091064453125,0.6354808807373047
262,1262,500,4.862091064453125,0.62565016746521
263,1263,500,4.862091064453125,0.6247320175170898
264,1264,500,4.862091064453125,0.6366662979125977
265,1265,500,4.862091064453125,0.6280479431152344
266,1266,500,4.862091064453125,0.6351346969604492
267,1267,500,4.862091064453125,0.6342556476593018
268,1268,500,4.862091064453125,0.6299254894256592
269,1269,500,4.862091064453125,0.6362864971160889
270,1270,500,4.862091064453125,0.6261293888092041
271,1271,500,4.862091064453125,0.6263949871063232
272,1272,500,4.862091064453125,0.6304943561553955
273,1273,500,4.862091064453125,0.6289145946502686
274,1274,500,4.862091064453125,0.6290585994720459
275,1275,500,4.862091064453125,0.6297879219055176
276,1276,500,4.862091064453125,0.6402297019958496
277,1277,500,4.862091064453125,0.6310329437255859
278,1278,500,4.862091064453125,0.6349730491638184
279,1279,500,4.862091064453125,0.6296370029449463
280,1280,500,4.862091064453125,0.632352352142334
281,1281,500,4.862091064453125,0.6352930068969727
282,1282,500,4.862091064453125,0.6412947177886963
283,1283,500,4.862091064453125,0.632533073425293
284,1284,500,4.862091064453125,0.6356461048126221
285,1285,500,4.862091064453125,0.6341714859008789
286,1286,500,4.862091064453125,0.6339535713195801
287,1287,500,4.862091064453125,0.634242057800293
288,1288,500,4.862091064453125,0.6351759433746338
289,1289,500,4.862091064453125,0.6337413787841797
290,1290,500,4.862091064453125,0.6329424381256104
291,1291,500,4.862091064453125,0.6379473209381104
292,1292,500,4.862091064453125,0.6492023468017578
293,1293,500,4.862091064453125,0.6470468044281006
294,1294,500,4.862091064453125,0.6354532241821289
295,1295,500,4.862091064453125,0.6368136405944824
296,1296,500,4.862091064453125,0.6384379863739014
297,1297,500,4.862091064453125,0.6402566432952881
298,1298,500,4.862091064453125,0.6371209621429443
299,1299,500,4.862091064453125,0.6359195709228516
300,1300,500,4.862091064453125,0.6361315250396729
301,1301,500,4.862091064453125,0.6396012306213379
302,1302,500,4.862091064453125,0.6383612155914307
303,1303,500,4.862091064453125,0.6415872573852539
304,1304,500,4.862091064453125,0.6466879844665527
305,1305,500,4.862091064453125,0.6476004123687744
306,1306,500,4.862091064453125,0.6405117511749268
307,1307,500,4.862091064453125,0.6392107009887695
308,1308,500,4.862091064453125,0.6393930912017822
309,1309,500,4.862091064453125,0.6416902542114258
310,1310,500,4.862091064453125,0.638530969619751
311,1311,500,4.862091064453125,0.6384682655334473
312,1312,500,4.862091064453125,0.6421785354614258
313,1313,500,4.862091064453125,0.6424024105072021
314,1314,500,4.862091064453125,0.6424798965454102
315,1315,500,4.862091064453125,0.6492524147033691
316,1316,500,4.862091064453125,0.6428146362304688
317,1317,500,4.862091064453125,0.6489443778991699
318,1318,500,4.862091064453125,0.6422102451324463
319,1319,500,4.862091064453125,0.644146203994751
320,1320,500,4.862091064453125,0.6538629531860352
321,1321,500,4.862091064453125,0.6377243995666504
322,1322,500,4.862091064453125,0.640815258026123
323,1323,500,4.862091064453125,0.6408910751342773
324,1324,500,4.862091064453125,0.6538543701171875
325,1325,500,4.862091064453125,0.6447679996490479
326,1326,500,4.862091064453125,0.6419458389282227
327,1327,500,4.862091064453125,0.6422343254089355
328,1328,500,4.862091064453125,0.6476082801818848
329,1329,500,4.862091064453125,0.6477344036102295
330,1330,500,4.862091064453125,0.6439905166625977
331,1331,500,4.862091064453125,0.643376350402832
332,1332,500,4.862091064453125,0.6474599838256836
333,1333,500,4.862091064453125,0.6529898643493652
334,1334,500,4.862091064453125,0.6474506855010986
335,1335,500,4.862091064453125,0.6450693607330322
336,1336,500,4.862091064453125,0.6470096111297607
337,1337,500,4.862091064453125,0.6567063331604004
338,1338,500,4.862091064453125,0.6470727920532227
339,1339,500,4.862091064453125,0.6455507278442383
340,1340,500,4.862091064453125,0.6477618217468262
341,1341,500,4.862091064453125,0.6457643508911133
342,1342,500,4.862091064453125,0.650681734085083
343,1343,500,4.862091064453125,0.6475839614868164
344,1344,500,4.862091064453125,0.6497206687927246
345,1345,500,4.862091064453125,0.6516172885894775
346,1346,500,4.862091064453125,0.6506352424621582
347,1347,500,4.862091064453125,0.6525030136108398
348,1348,500,4.862091064453125,0.6518130302429199
349,1349,500,4.862091064453125,0.6567611694335938
350,1350,500,4.862091064453125,0.6480166912078857
351,1351,500,4.862091064453125,0.655158281326294
352,1352,500,4.862091064453125,0.6507518291473389
353,1353,500,4.862091064453125,0.6543252468109131
354,1354,500,4.862091064453125,0.649221658706665
355,1355,500,4.862091064453125,0.6530907154083252
356,1356,500,4.862091064453125,0.6563446521759033
357,1357,500,4.862091064453125,0.655829668045044
358,1358,500,4.862091064453125,0.6519119739532471
359,1359,500,4.862091064453125,0.6525027751922607
360,1360,500,4.862091064453125,0.6551544666290283
361,1361,500,4.862091064453125,0.6571972370147705
362,1362,500,4.862091064453125,0.6531453132629395
363,1363,500,4.862091064453125,0.6532890796661377
364,1364,500,4.862091064453125,0.656599760055542
365,1365,500,4.862091064453125,0.6588213443756104
366,1366,500,4.862091064453125,0.6531515121459961
367,1367,500,4.862091064453125,0.6551144123077393
368,1368,500,4.862091064453125,0.6556832790374756
369,1369,500,4.862091064453125,0.6575675010681152
370,1370,500,4.862091064453125,0.654954195022583
371,1371,500,4.862091064453125,0.6548614501953125
372,1372,500,4.862091064453125,0.6583783626556396
373,1373,500,4.862091064453125,0.6592142581939697
374,1374,500,4.862091064453125,0.6516079902648926
375,1375,500,4.862091064453125,0.6552939414978027
376,1376,500,4.862091064453125,0.6575064659118652
377,1377,500,4.862091064453125,0.655296802520752
378,1378,500,4.862091064453125,0.6583969593048096
379,1379,500,4.862091064453125,0.6547703742980957
380,1380,500,4.862091064453125,0.6600654125213623
381,1381,500,4.862091064453125,0.6589703559875488
382,1382,500,4.862091064453125,0.655867338180542
383,1383,500,4.862091064453125,0.6558902263641357
384,1384,500,4.862091064453125,0.6569578647613525
385,1385,500,4.862091064453125,0.6634490489959717
386,1386,500,4.862091064453125,0.6574480533599854
387,1387,500,4.862091064453125,0.6574192047119141
388,1388,500,4.862091064453125,0.6708884239196777
389,1389,500,4.862091064453125,0.661088228225708
390,1390,500,4.862091064453125,0.6592390537261963
391,1391,500,4.862091064453125,0.6596529483795166
392,1392,500,4.862091064453125,0.6601169109344482
393,1393,500,4.862091064453125,0.6612212657928467
394,1394,500,4.862091064453125,0.6561903953552246
395,1395,500,4.862091064453125,0.6585795879364014
396,1396,500,4.862091064453125,0.6614236831665039
397,1397,500,4.862091064453125,0.6641719341278076
398,1398,500,4.862091064453125,0.662611722946167
399,1399,500,4.862091064453125,0.6603381633758545
400,1400,500,4.862091064453125,0.662177562713623
401,1401,500,4.862091064453125,0.6638298034667969
402,1402,500,4.862091064453125,0.6606783866882324
403,1403,500,4.862091064453125,0.6577873229980469
404,1404,500,4.862091064453125,0.6651756763458252
405,1405,500,4.862091064453125,0.6651566028594971
406,1406,500,4.862091064453125,0.6602632999420166
407,1407,500,4.862091064453125,0.6625761985778809
408,1408,500,4.862091064453125,0.664179801940918
409,1409,500,4.862091064453125,0.673642635345459
410,1410,500,4.862091064453125,0.6641800403594971
411,1411,500,4.862091064453125,0.6626524925231934
412,1412,500,4.862091064453125,0.6688456535339355
413,1413,500,4.862281799316406,0.6662156581878662
414,1414,500,4.862281799316406,0.6639771461486816
415,1415,500,4.862281799316406,0.6670680046081543
416,1416,500,4.862281799316406,0.6670012474060059
417,1417,500,4.862281799316406,0.6702613830566406
418,1418,500,4.862281799316406,0.6660275459289551
419,1419,500,4.862281799316406,0.6651465892791748
420,1420,500,4.862281799316406,0.6683073043823242
421,1421,500,4.862281799316406,0.6701316833496094
422,1422,500,4.862281799316406,0.6673593521118164
423,1423,500,4.862281799316406,0.6622767448425293
424,1424,500,4.862281799316406,0.6691114902496338
425,1425,500,4.862281799316406,0.6696679592132568
426,1426,500,4.862281799316406,0.6652991771697998
427,1427,500,4.862281799316406,0.6707868576049805
428,1428,500,4.862281799316406,0.6715598106384277
429,1429,500,4.862281799316406,0.673607349395752
430,1430,500,4.862281799316406,0.6687426567077637
431,1431,500,4.862281799316406,0.6781790256500244
432,1432,500,4.862281799316406,0.6733016967773438
433,1433,500,4.862281799316406,0.67254638671875
434,1434,500,4.862281799316406,0.6680853366851807
435,1435,500,4.862281799316406,0.6675224304199219
436,1436,500,4.862281799316406,0.6716001033782959
437,1437,500,4.862281799316406,0.6570017337799072
438,1438,500,4.862281799316406,0.6514501571655273
439,1439,500,4.862281799316406,0.6503865718841553
440,1440,500,4.862281799316406,0.6586580276489258
441,1441,500,4.862281799316406,0.654827356338501
442,1442,500,4.862281799316406,0.654139518737793
443,1443,500,4.862281799316406,0.6543853282928467
444,1444,500,4.862281799316406,0.6588046550750732
445,1445,500,4.862281799316406,0.6607182025909424
446,1446,500,4.862281799316406,0.6570484638214111
447,1447,500,4.862281799316406,0.6532888412475586
448,1448,500,4.862281799316406,0.657127857208252
449,1449,500,4.862281799316406,0.6575629711151123
450,1450,500,4.862281799316406,0.6549906730651855
451,1451,500,4.862281799316406,0.6552231311798096
452,1452,500,4.862281799316406,0.6595268249511719
453,1453,500,4.862281799316406,0.6620044708251953
454,1454,500,4.862281799316406,0.654015302658081
455,1455,500,4.862281799316406,0.6552140712738037
456,1456,500,4.862281799316406,0.6603267192840576
457,1457,500,4.862281799316406,0.6629326343536377
458,1458,500,4.862281799316406,0.6589198112487793
459,1459,500,4.862281799316406,0.6577615737915039
460,1460,500,4.862281799316406,0.6713871955871582
461,1461,500,4.862281799316406,0.6704888343811035
462,1462,500,4.862281799316406,0.6680948734283447
463,1463,500,4.862281799316406,0.6639156341552734
464,1464,500,4.862281799316406,0.6613435745239258
465,1465,500,4.862281799316406,0.6615633964538574
466,1466,500,4.862281799316406,0.6576309204101562
467,1467,500,4.862281799316406,0.6634838581085205
468,1468,500,4.862281799316406,0.666179895401001
469,1469,500,4.862281799316406,0.6645777225494385
470,1470,500,4.862281799316406,0.6586852073669434
471,1471,500,4.862281799316406,0.6610586643218994
472,1472,500,4.862281799316406,0.6614408493041992
473,1473,500,4.862281799316406,0.6720147132873535
474,1474,500,4.862281799316406,0.6693949699401855
475,1475,500,4.862281799316406,0.6721444129943848
476,1476,500,4.862281799316406,0.6733684539794922
477,1477,500,4.862281799316406,0.6833417415618896
478,1478,500,4.862281799316406,0.677130937576294
479,1479,500,4.862281799316406,0.6711561679840088
480,1480,500,4.862281799316406,0.6835522651672363
481,1481,500,4.862281799316406,0.6772682666778564
482,1482,500,4.862281799316406,0.6703393459320068
483,1483,500,4.862281799316406,0.670496940612793
484,1484,500,4.862281799316406,0.6762447357177734
485,1485,500,4.862281799316406,0.6779613494873047
486,1486,500,4.862281799316406,0.6865010261535645
487,1487,500,4.862281799316406,0.6712467670440674
488,1488,500,4.862281799316406,0.6787378787994385
489,1489,500,4.862281799316406,0.6774771213531494
490,1490,500,4.862281799316406,0.6762089729309082
491,1491,500,4.862281799316406,0.6748833656311035
492,1492,500,4.862281799316406,0.6847679615020752
493,1493,500,4.862281799316406,0.6860885620117188
494,1494,500,4.862281799316406,0.6735489368438721
495,1495,500,4.862281799316406,0.6727766990661621
496,1496,500,4.862281799316406,0.6807544231414795
497,1497,500,4.862281799316406,0.6789116859436035
498,1498,500,4.862281799316406,0.6769444942474365
499,1499,500,4.862281799316406,0.6738057136535645
0,1000,700,4.862377166748047,0.6004908084869385
1,1001,700,4.862449645996094,0.6056351661682129
2,1002,700,4.862449645996094,0.5957491397857666
3,1003,700,4.862449645996094,0.591270923614502
4,1004,700,4.862449645996094,0.5971691608428955
5,1005,700,4.862449645996094,0.5998196601867676
6,1006,700,4.868999481201172,0.5937304496765137
7,1007,700,4.868999481201172,1.7860777378082275
8,1008,700,4.868999481201172,0.6000564098358154
9,1009,700,4.868999481201172,0.5985879898071289
10,1010,700,4.868999481201172,0.59627366065979
11,1011,700,4.868999481201172,0.6026110649108887
12,1012,700,4.868999481201172,0.6012868881225586
13,1013,700,4.868999481201172,0.601391077041626
14,1014,700,4.868999481201172,0.5979783535003662
15,1015,700,4.868999481201172,0.5969557762145996
16,1016,700,4.868999481201172,0.5991103649139404
17,1017,700,4.868999481201172,0.6098077297210693
18,1018,700,4.868999481201172,0.6002113819122314
19,1019,700,4.868999481201172,0.6039884090423584
20,1020,700,4.868999481201172,0.6025826930999756
21,1021,700,4.868999481201172,0.6041228771209717
22,1022,700,4.868999481201172,0.6002230644226074
23,1023,700,4.868999481201172,0.6028063297271729
24,1024,700,4.868999481201172,0.6045887470245361
25,1025,700,4.868999481201172,0.6071362495422363
26,1026,700,4.868999481201172,0.6067581176757812
27,1027,700,4.868999481201172,0.604156494140625
28,1028,700,4.868999481201172,0.6063885688781738
29,1029,700,4.868999481201172,0.6020722389221191
30,1030,700,4.868999481201172,0.6061575412750244
31,1031,700,4.868999481201172,0.6073341369628906
32,1032,700,4.869220733642578,0.6501455307006836
33,1033,700,4.869220733642578,0.6073799133300781
34,1034,700,4.869220733642578,0.6080231666564941
35,1035,700,4.869220733642578,0.6075282096862793
36,1036,700,4.869220733642578,0.6080148220062256
37,1037,700,4.869220733642578,0.6085736751556396
38,1038,700,4.869220733642578,0.6072824001312256
39,1039,700,4.869220733642578,0.6099197864532471
40,1040,700,4.869220733642578,0.6103758811950684
41,1041,700,4.869220733642578,0.609297513961792
42,1042,700,4.869220733642578,0.6084315776824951
43,1043,700,4.869220733642578,0.6113874912261963
44,1044,700,4.869220733642578,0.6092536449432373
45,1045,700,4.869220733642578,0.6096868515014648
46,1046,700,4.869220733642578,0.6085636615753174
47,1047,700,4.869220733642578,0.610283613204956
48,1048,700,4.869220733642578,0.6088345050811768
49,1049,700,4.869220733642578,0.6095402240753174
50,1050,700,4.869220733642578,0.6180384159088135
51,1051,700,4.869220733642578,0.6100664138793945
52,1052,700,4.869220733642578,0.6099014282226562
53,1053,700,4.869220733642578,0.6120100021362305
54,1054,700,4.869220733642578,0.6117808818817139
55,1055,700,4.869220733642578,0.6188561916351318
56,1056,700,4.869220733642578,0.6131749153137207
57,1057,700,4.869220733642578,0.6124083995819092
58,1058,700,4.869220733642578,0.6117141246795654
59,1059,700,4.869220733642578,0.6115727424621582
60,1060,700,4.869220733642578,0.6121511459350586
61,1061,700,4.869220733642578,0.6135916709899902
62,1062,700,4.869220733642578,0.613156795501709
63,1063,700,4.869220733642578,0.6122152805328369
64,1064,700,4.869220733642578,0.6139798164367676
65,1065,700,4.869220733642578,0.610192060470581
66,1066,700,4.869220733642578,0.6217753887176514
67,1067,700,4.869220733642578,0.6204648017883301
68,1068,700,4.869220733642578,0.6141400337219238
69,1069,700,4.869220733642578,0.6142611503601074
70,1070,700,4.869220733642578,0.6161468029022217
71,1071,700,4.869220733642578,0.6136307716369629
72,1072,700,4.869220733642578,0.6161491870880127
73,1073,700,4.869220733642578,0.6167812347412109
74,1074,700,4.869220733642578,0.6212327480316162
75,1075,700,4.869220733642578,0.6153848171234131
76,1076,700,4.869220733642578,0.6247518062591553
77,1077,700,4.869220733642578,0.6175506114959717
78,1078,700,4.869220733642578,0.6163103580474854
79,1079,700,4.869220733642578,0.6222107410430908
80,1080,700,4.869220733642578,0.6174428462982178
81,1081,700,4.869220733642578,0.620305061340332
82,1082,700,4.869220733642578,0.6195633411407471
83,1083,700,4.869220733642578,0.6183717250823975
84,1084,700,4.869220733642578,0.6166322231292725
85,1085,700,4.869220733642578,0.6206562519073486
86,1086,700,4.869220733642578,0.6211953163146973
87,1087,700,4.869220733642578,0.6174042224884033
88,1088,700,4.869220733642578,0.6270203590393066
89,1089,700,4.869220733642578,0.617560863494873
90,1090,700,4.869220733642578,0.6187131404876709
91,1091,700,4.869220733642578,0.6217484474182129
92,1092,700,4.869220733642578,0.6209573745727539
93,1093,700,4.869220733642578,0.6194965839385986
94,1094,700,4.869220733642578,0.6186773777008057
95,1095,700,4.869220733642578,0.6210184097290039
96,1096,700,4.869220733642578,0.6216645240783691
97,1097,700,4.869220733642578,0.6248071193695068
98,1098,700,4.869220733642578,0.6209957599639893
99,1099,700,4.869220733642578,0.6192855834960938
100,1100,700,4.869220733642578,0.6238706111907959
101,1101,700,4.869220733642578,0.6228110790252686
102,1102,700,4.869220733642578,0.6216340065002441
103,1103,700,4.869220733642578,0.621279239654541
104,1104,700,4.869220733642578,0.6222376823425293
105,1105,700,4.869220733642578,0.6244890689849854
106,1106,700,4.869220733642578,0.622460126876831
107,1107,700,4.869220733642578,0.6227250099182129
108,1108,700,4.869220733642578,0.6334161758422852
109,1109,700,4.869220733642578,0.623279333114624
110,1110,700,4.869220733642578,0.6236650943756104
111,1111,700,4.869220733642578,0.623255729675293
112,1112,700,4.869220733642578,0.6231703758239746
113,1113,700,4.869220733642578,0.6237664222717285
114,1114,700,4.869220733642578,0.6229140758514404
115,1115,700,4.869220733642578,0.6353354454040527
116,1116,700,4.869220733642578,0.6444706916809082
117,1117,700,4.869220733642578,0.625999927520752
118,1118,700,4.869220733642578,0.6257374286651611
119,1119,700,4.869220733642578,0.6265954971313477
120,1120,700,4.869220733642578,0.6366996765136719
121,1121,700,4.869220733642578,0.6288187503814697
122,1122,700,4.869220733642578,0.6264190673828125
123,1123,700,4.869220733642578,0.6254394054412842
124,1124,700,4.869220733642578,0.6260116100311279
125,1125,700,4.869220733642578,0.6331479549407959
126,1126,700,4.869220733642578,0.6266462802886963
127,1127,700,4.869220733642578,0.6354563236236572
128,1128,700,4.869220733642578,0.6296308040618896
129,1129,700,4.869220733642578,0.6285567283630371
130,1130,700,4.869220733642578,0.627854585647583
131,1131,700,4.869220733642578,0.6381914615631104
132,1132,700,4.869220733642578,0.6292665004730225
133,1133,700,4.869220733642578,0.6300959587097168
134,1134,700,4.869220733642578,0.627072811126709
135,1135,700,4.869220733642578,0.6295900344848633
136,1136,700,4.869220733642578,0.6312990188598633
137,1137,700,4.869220733642578,0.6289243698120117
138,1138,700,4.869220733642578,0.6294476985931396
139,1139,700,4.869220733642578,0.6316747665405273
140,1140,700,4.869220733642578,0.6354475021362305
141,1141,700,4.869220733642578,0.6331653594970703
142,1142,700,4.869220733642578,0.6306965351104736
143,1143,700,4.869220733642578,0.6367261409759521
144,1144,700,4.869220733642578,0.6344766616821289
145,1145,700,4.869220733642578,0.6339833736419678
146,1146,700,4.869220733642578,0.6313087940216064
147,1147,700,4.869220733642578,0.6303067207336426
148,1148,700,4.869220733642578,0.6316900253295898
149,1149,700,4.869220733642578,0.6331591606140137
150,1150,700,4.869220733642578,0.6304099559783936
151,1151,700,4.869220733642578,0.632605791091919
152,1152,700,4.869220733642578,0.634141206741333
153,1153,700,4.869220733642578,0.6350903511047363
154,1154,700,4.869220733642578,0.6294994354248047
155,1155,700,4.869220733642578,0.7311570644378662
156,1156,700,4.869220733642578,0.6328778266906738
157,1157,700,4.869220733642578,0.6320223808288574
158,1158,700,4.869220733642578,0.6318356990814209
159,1159,700,4.869220733642578,0.6425306797027588
160,1160,700,4.869220733642578,0.6351220607757568
161,1161,700,4.869220733642578,0.6425385475158691
162,1162,700,4.869220733642578,0.6341760158538818
163,1163,700,4.869220733642578,0.6339325904846191
164,1164,700,4.869220733642578,0.6370046138763428
165,1165,700,4.869220733642578,0.6347188949584961
166,1166,700,4.869220733642578,0.6343235969543457
167,1167,700,4.869220733642578,0.6308107376098633
168,1168,700,4.869220733642578,0.6352345943450928
169,1169,700,4.869220733642578,0.6377608776092529
170,1170,700,4.869220733642578,0.6345539093017578
171,1171,700,4.869220733642578,0.6366183757781982
172,1172,700,4.869220733642578,0.6405725479125977
173,1173,700,4.869220733642578,0.6373393535614014
174,1174,700,4.869220733642578,0.6374406814575195
175,1175,700,4.869220733642578,0.635317325592041
176,1176,700,4.869220733642578,0.6360700130462646
177,1177,700,4.869220733642578,0.6384172439575195
178,1178,700,4.869220733642578,0.6366560459136963
179,1179,700,4.869220733642578,0.6427016258239746
180,1180,700,4.869220733642578,0.6471817493438721
181,1181,700,4.869220733642578,0.6371374130249023
182,1182,700,4.869220733642578,0.6387343406677246
183,1183,700,4.869220733642578,0.6369006633758545
184,1184,700,4.869220733642578,0.6405596733093262
185,1185,700,4.869220733642578,0.6401081085205078
186,1186,700,4.869220733642578,0.6342661380767822
187,1187,700,4.869220733642578,0.6366763114929199
188,1188,700,4.869220733642578,0.6419582366943359
189,1189,700,4.869220733642578,0.6391019821166992
190,1190,700,4.869220733642578,0.640019416809082
191,1191,700,4.869220733642578,0.6424143314361572
192,1192,700,4.869220733642578,0.641643762588501
193,1193,700,4.869220733642578,0.6437969207763672
194,1194,700,4.869220733642578,0.6413984298706055
195,1195,700,4.869220733642578,0.641120195388794
196,1196,700,4.869220733642578,0.6420319080352783
197,1197,700,4.869220733642578,0.6407721042633057
198,1198,700,4.869220733642578,0.6423995494842529
199,1199,700,4.869220733642578,0.6404461860656738
200,1200,700,4.869220733642578,0.6415536403656006
201,1201,700,4.869220733642578,0.6451454162597656
202,1202,700,4.869220733642578,0.6404604911804199
203,1203,700,4.869220733642578,0.6423604488372803
204,1204,700,4.869220733642578,0.6471574306488037
205,1205,700,4.869220733642578,0.6434633731842041
206,1206,700,4.869220733642578,0.6506857872009277
207,1207,700,4.869220733642578,0.6427829265594482
208,1208,700,4.869220733642578,0.6441364288330078
209,1209,700,4.869220733642578,0.6444177627563477
210,1210,700,4.869220733642578,0.64263916015625
211,1211,700,4.869220733642578,0.642719030380249
212,1212,700,4.869220733642578,0.6469266414642334
213,1213,700,4.869220733642578,0.6441314220428467
214,1214,700,4.869220733642578,0.6439862251281738
215,1215,700,4.869220733642578,0.6438136100769043
216,1216,700,4.869220733642578,0.6454977989196777
217,1217,700,4.869220733642578,0.6655328273773193
218,1218,700,4.869220733642578,0.6639983654022217
219,1219,700,4.869220733642578,0.6792676448822021
220,1220,700,4.869220733642578,0.665705680847168
221,1221,700,4.869220733642578,0.6685347557067871
222,1222,700,4.869220733642578,0.6638040542602539
223,1223,700,4.869651794433594,0.6630978584289551
224,1224,700,4.869651794433594,0.6686155796051025
225,1225,700,4.869651794433594,0.6663637161254883
226,1226,700,4.869651794433594,0.6646344661712646
227,1227,700,4.869651794433594,0.6669285297393799
228,1228,700,4.869651794433594,0.6685910224914551
229,1229,700,4.869651794433594,0.6678340435028076
230,1230,700,4.869651794433594,0.6744415760040283
231,1231,700,4.869651794433594,0.6681780815124512
232,1232,700,4.869651794433594,0.6689012050628662
233,1233,700,4.869651794433594,0.6646113395690918
234,1234,700,4.869651794433594,0.668287992477417
235,1235,700,4.869651794433594,0.6676046848297119
236,1236,700,4.869651794433594,0.6723320484161377
237,1237,700,4.869651794433594,0.6679208278656006
238,1238,700,4.869651794433594,0.6680545806884766
239,1239,700,4.869651794433594,0.6701457500457764
240,1240,700,4.869651794433594,0.6797568798065186
241,1241,700,4.869651794433594,0.6661303043365479
242,1242,700,4.869651794433594,0.6741485595703125
243,1243,700,4.869651794433594,0.6776530742645264
244,1244,700,4.869651794433594,0.6731462478637695
245,1245,700,4.869651794433594,0.6729118824005127
246,1246,700,4.869651794433594,0.668799638748169
247,1247,700,4.869651794433594,0.6702556610107422
248,1248,700,4.869651794433594,0.675046443939209
249,1249,700,4.869651794433594,0.6749613285064697
250,1250,700,4.869651794433594,0.6685702800750732
251,1251,700,4.869651794433594,0.6770172119140625
252,1252,700,4.869651794433594,0.6829197406768799
253,1253,700,4.869651794433594,0.6737344264984131
254,1254,700,4.869651794433594,0.6787421703338623
255,1255,700,4.869651794433594,0.6731846332550049
256,1256,700,4.869651794433594,0.6753606796264648
257,1257,700,4.869651794433594,0.6740856170654297
258,1258,700,4.869651794433594,0.6804699897766113
259,1259,700,4.869651794433594,0.6712064743041992
260,1260,700,4.869651794433594,0.6770696640014648
261,1261,700,4.869651794433594,0.6766049861907959
262,1262,700,4.869651794433594,0.6726441383361816
263,1263,700,4.869651794433594,0.6723423004150391
264,1264,700,4.869651794433594,0.6852355003356934
265,1265,700,4.869651794433594,0.6811723709106445
266,1266,700,4.869651794433594,0.6778199672698975
267,1267,700,4.869651794433594,0.6764492988586426
268,1268,700,4.869651794433594,0.6809303760528564
269,1269,700,4.869651794433594,0.6809060573577881
270,1270,700,4.869651794433594,0.6603434085845947
271,1271,700,4.869651794433594,0.6763746738433838
272,1272,700,4.869651794433594,0.6807928085327148
273,1273,700,4.869651794433594,0.6783590316772461
274,1274,700,4.869651794433594,0.6785972118377686
275,1275,700,4.869651794433594,0.6794490814208984
276,1276,700,4.869651794433594,0.6799299716949463
277,1277,700,4.869651794433594,0.6871178150177002
278,1278,700,4.869651794433594,0.6610794067382812
279,1279,700,4.869651794433594,0.6789767742156982
280,1280,700,4.869651794433594,0.6829681396484375
281,1281,700,4.869651794433594,0.6817035675048828
282,1282,700,4.869651794433594,0.6818268299102783
283,1283,700,4.869651794433594,0.685544490814209
284,1284,700,4.869651794433594,0.685410737991333
285,1285,700,4.869651794433594,0.6840453147888184
286,1286,700,4.869651794433594,0.6909630298614502
287,1287,700,4.869651794433594,0.6860828399658203
288,1288,700,4.869651794433594,0.6854829788208008
289,1289,700,4.869651794433594,0.6902275085449219
290,1290,700,4.869651794433594,0.6845622062683105
291,1291,700,4.869651794433594,0.6834323406219482
292,1292,700,4.869651794433594,0.6805226802825928
293,1293,700,4.869651794433594,0.6972146034240723
294,1294,700,4.869651794433594,0.6840367317199707
295,1295,700,4.869651794433594,0.6850731372833252
296,1296,700,4.869651794433594,0.6858808994293213
297,1297,700,4.869651794433594,0.6848671436309814
298,1298,700,4.869651794433594,0.6674153804779053
299,1299,700,4.869651794433594,0.6884377002716064
300,1300,700,4.869651794433594,0.6880419254302979
301,1301,700,4.869651794433594,0.6900715827941895
302,1302,700,4.869651794433594,0.6856935024261475
303,1303,700,4.869651794433594,0.6845865249633789
304,1304,700,4.869651794433594,0.695812463760376
305,1305,700,4.869651794433594,0.698617696762085
306,1306,700,4.869651794433594,0.6771719455718994
307,1307,700,4.869651794433594,0.6954030990600586
308,1308,700,4.869651794433594,0.6903660297393799
309,1309,700,4.869651794433594,0.6895642280578613
310,1310,700,4.869651794433594,0.6911296844482422
311,1311,700,4.869651794433594,0.6904692649841309
312,1312,700,4.869651794433594,0.6925616264343262
313,1313,700,4.869651794433594,0.6884400844573975
314,1314,700,4.869651794433594,0.6912522315979004
315,1315,700,4.869651794433594,0.6899948120117188
316,1316,700,4.869651794433594,0.6766738891601562
317,1317,700,4.869651794433594,0.684478759765625
318,1318,700,4.869651794433594,0.6918303966522217
319,1319,700,4.869651794433594,0.6887321472167969
320,1320,700,4.869651794433594,0.6923501491546631
321,1321,700,4.869651794433594,0.6921389102935791
322,1322,700,4.869651794433594,0.6710631847381592
323,1323,700,4.869651794433594,0.6942102909088135
324,1324,700,4.869651794433594,0.7076826095581055
325,1325,700,4.869651794433594,0.6948823928833008
326,1326,700,4.869651794433594,0.6997890472412109
327,1327,700,4.869651794433594,0.7019710540771484
328,1328,700,4.869651794433594,0.6932411193847656
329,1329,700,4.869651794433594,0.6947116851806641
330,1330,700,4.869651794433594,0.6766860485076904
331,1331,700,4.869651794433594,0.6952152252197266
332,1332,700,4.869651794433594,0.6981034278869629
333,1333,700,4.869651794433594,0.6987185478210449
334,1334,700,4.869651794433594,0.6782524585723877
335,1335,700,4.869651794433594,0.6930327415466309
336,1336,700,4.869651794433594,0.696681022644043
337,1337,700,4.869651794433594,0.6972651481628418
338,1338,700,4.869651794433594,0.6945018768310547
339,1339,700,4.869651794433594,0.6963901519775391
340,1340,700,4.869651794433594,0.6960282325744629
341,1341,700,4.869651794433594,0.6987049579620361
342,1342,700,4.869651794433594,0.6975879669189453
343,1343,700,4.869651794433594,0.6970181465148926
344,1344,700,4.869651794433594,0.7062070369720459
345,1345,700,4.869651794433594,0.6992723941802979
346,1346,700,4.869651794433594,0.6855368614196777
347,1347,700,4.869651794433594,0.6954648494720459
348,1348,700,4.869651794433594,0.709709882736206
349,1349,700,4.869651794433594,0.7090847492218018
350,1350,700,4.869651794433594,0.7024424076080322
351,1351,700,4.869651794433594,0.6997232437133789
352,1352,700,4.869651794433594,0.7006072998046875
353,1353,700,4.869651794433594,0.7021973133087158
354,1354,700,4.869651794433594,0.698033332824707
355,1355,700,4.869651794433594,0.7065203189849854
356,1356,700,4.869651794433594,0.7031059265136719
357,1357,700,4.869651794433594,0.6987318992614746
358,1358,700,4.869651794433594,0.7042126655578613
359,1359,700,4.869651794433594,0.7014784812927246
360,1360,700,4.869651794433594,0.6962804794311523
361,1361,700,4.869651794433594,0.7017905712127686
362,1362,700,4.869651794433594,0.6836211681365967
363,1363,700,4.869651794433594,0.7019078731536865
364,1364,700,4.869651794433594,0.7008979320526123
365,1365,700,4.869651794433594,0.7101094722747803
366,1366,700,4.869651794433594,0.6997816562652588
367,1367,700,4.869651794433594,0.6998484134674072
368,1368,700,4.869651794433594,0.7039954662322998
369,1369,700,4.869651794433594,0.7041921615600586
370,1370,700,4.869651794433594,0.6912593841552734
371,1371,700,4.869651794433594,0.7016675472259521
372,1372,700,4.869651794433594,0.7152614593505859
373,1373,700,4.869651794433594,0.6913735866546631
374,1374,700,4.869651794433594,0.7061145305633545
375,1375,700,4.869651794433594,0.7052755355834961
376,1376,700,4.869651794433594,0.7015416622161865
377,1377,700,4.869651794433594,0.7108895778656006
378,1378,700,4.869651794433594,0.7044944763183594
379,1379,700,4.869651794433594,0.7033774852752686
380,1380,700,4.869651794433594,0.7018821239471436
381,1381,700,4.869651794433594,0.6866214275360107
382,1382,700,4.869651794433594,0.7035303115844727
383,1383,700,4.869651794433594,0.7044637203216553
384,1384,700,4.869651794433594,0.7090511322021484
385,1385,700,4.869651794433594,0.7102296352386475
386,1386,700,4.869651794433594,0.7080626487731934
387,1387,700,4.869651794433594,0.7081050872802734
388,1388,700,4.869651794433594,0.6928551197052002
389,1389,700,4.869651794433594,0.6907691955566406
390,1390,700,4.869651794433594,0.7076406478881836
391,1391,700,4.869651794433594,0.6869494915008545
392,1392,700,4.869651794433594,0.6976938247680664
393,1393,700,4.869651794433594,0.710561990737915
394,1394,700,4.869651794433594,0.7082533836364746
395,1395,700,4.869651794433594,0.6888165473937988
396,1396,700,4.869651794433594,0.6952989101409912
397,1397,700,4.869651794433594,0.7142374515533447
398,1398,700,4.869651794433594,0.7064449787139893
399,1399,700,4.869651794433594,0.6898095607757568
400,1400,700,4.869651794433594,0.7131872177124023
401,1401,700,4.869651794433594,0.7111971378326416
402,1402,700,4.869651794433594,0.6894340515136719
403,1403,700,4.869651794433594,0.709057092666626
404,1404,700,4.869651794433594,0.7122321128845215
405,1405,700,4.869651794433594,0.7114839553833008
406,1406,700,4.869651794433594,0.6890497207641602
407,1407,700,4.869651794433594,0.7095947265625
408,1408,700,4.869651794433594,0.7153329849243164
409,1409,700,4.869651794433594,0.7889337539672852
410,1410,700,4.869651794433594,0.7116827964782715
411,1411,700,4.869651794433594,0.7146933078765869
412,1412,700,4.869651794433594,0.7132563591003418
413,1413,700,4.869651794433594,0.6936938762664795
414,1414,700,4.869651794433594,0.7116963863372803
415,1415,700,4.869651794433594,0.6917300224304199
416,1416,700,4.869651794433594,0.7154197692871094
417,1417,700,4.869651794433594,0.6964037418365479
418,1418,700,4.869651794433594,0.7143089771270752
419,1419,700,4.869651794433594,0.715142011642456
420,1420,700,4.869651794433594,0.7178564071655273
421,1421,700,4.869651794433594,0.7160995006561279
422,1422,700,4.869651794433594,0.7135822772979736
423,1423,700,4.869651794433594,0.695850133895874
424,1424,700,4.869651794433594,0.7237541675567627
425,1425,700,4.869651794433594,0.7185277938842773
426,1426,700,4.869651794433594,0.6961991786956787
427,1427,700,4.869651794433594,0.6969070434570312
428,1428,700,4.869651794433594,0.72314453125
429,1429,700,4.869651794433594,0.7287108898162842
430,1430,700,4.869651794433594,0.7159526348114014
431,1431,700,4.869651794433594,0.7015933990478516
432,1432,700,4.869651794433594,0.7215397357940674
433,1433,700,4.869651794433594,0.7218577861785889
434,1434,700,4.869651794433594,0.7196464538574219
435,1435,700,4.869651794433594,0.6953201293945312
436,1436,700,4.869651794433594,0.7208583354949951
437,1437,700,4.869651794433594,0.6849017143249512
438,1438,700,4.869651794433594,0.7014789581298828
439,1439,700,4.869651794433594,0.7014865875244141
440,1440,700,4.869651794433594,0.7061402797698975
441,1441,700,4.869651794433594,0.6854403018951416
442,1442,700,4.869651794433594,0.711082935333252
443,1443,700,4.869651794433594,0.6857097148895264
444,1444,700,4.869651794433594,0.7050004005432129
445,1445,700,4.869651794433594,0.7066407203674316
446,1446,700,4.869651794433594,0.7032070159912109
447,1447,700,4.869651794433594,0.7109999656677246
448,1448,700,4.869651794433594,0.6844382286071777
449,1449,700,4.869651794433594,0.7073197364807129
450,1450,700,4.869651794433594,0.7090494632720947
451,1451,700,4.869651794433594,0.712104082107544
452,1452,700,4.869651794433594,0.7095980644226074
453,1453,700,4.869651794433594,0.6939139366149902
454,1454,700,4.869651794433594,0.7056150436401367
455,1455,700,4.869651794433594,0.7050557136535645
456,1456,700,4.869651794433594,0.7086746692657471
457,1457,700,4.869651794433594,0.7095496654510498
458,1458,700,4.869651794433594,0.6865954399108887
459,1459,700,4.869651794433594,0.6852123737335205
460,1460,700,4.869651794433594,0.7093985080718994
461,1461,700,4.869651794433594,0.6880762577056885
462,1462,700,4.869651794433594,0.6865019798278809
463,1463,700,4.869651794433594,0.6976773738861084
464,1464,700,4.869651794433594,0.8189907073974609
465,1465,700,4.869651794433594,0.7107281684875488
466,1466,700,4.869651794433594,0.7081139087677002
467,1467,700,4.869651794433594,0.6869142055511475
468,1468,700,4.869651794433594,0.7188208103179932
469,1469,700,4.869651794433594,0.713463544845581
470,1470,700,4.869651794433594,0.714846134185791
471,1471,700,4.869651794433594,0.6907007694244385
472,1472,700,4.869651794433594,0.6894464492797852
473,1473,700,4.869651794433594,0.6988992691040039
474,1474,700,4.869651794433594,0.717395544052124
475,1475,700,4.869651794433594,0.6988403797149658
476,1476,700,4.869651794433594,0.6999807357788086
477,1477,700,4.869651794433594,0.7084345817565918
478,1478,700,4.869651794433594,0.6999976634979248
479,1479,700,4.869651794433594,0.7194938659667969
480,1480,700,4.869651794433594,0.7252717018127441
481,1481,700,4.869651794433594,0.7068958282470703
482,1482,700,4.869651794433594,0.7008328437805176
483,1483,700,4.869651794433594,0.7197508811950684
484,1484,700,4.869651794433594,0.7237606048583984
485,1485,700,4.869651794433594,0.7044062614440918
486,1486,700,4.869651794433594,0.7034316062927246
487,1487,700,4.869651794433594,0.7210063934326172
488,1488,700,4.869651794433594,0.7100400924682617
489,1489,700,4.869651794433594,0.7258858680725098
490,1490,700,4.869651794433594,0.6988897323608398
491,1491,700,4.869651794433594,0.7210969924926758
492,1492,700,4.869651794433594,0.7259273529052734
493,1493,700,4.869651794433594,0.7243928909301758
494,1494,700,4.869651794433594,0.7304837703704834
495,1495,700,4.869651794433594,0.7275817394256592
496,1496,700,4.869651794433594,0.7266197204589844
497,1497,700,4.869651794433594,0.7069685459136963
498,1498,700,4.869651794433594,0.7199280261993408
499,1499,700,4.869651794433594,0.7205016613006592
